ISO-10303-21;
HEADER;
FILE_DESCRIPTION(('Open CASCADE Model'),'2;1');
FILE_NAME('Open CASCADE Shape Model','2026-09-28T18:49:39',('Author'),(
    'Open CASCADE'),'Open CASCADE STEP processor 7.9','Open CASCADE 7.9'
  ,'Unknown');
FILE_SCHEMA(('AUTOMOTIVE_DESIGN { 1 0 10303 214 1 1 1 1 }'));
ENDSEC;
DATA;
#1 = APPLICATION_PROTOCOL_DEFINITION('international standard',
  'automotive_design',2000,#2);
#2 = APPLICATION_CONTEXT(
  'core data for automotive mechanical design processes');
#3 = SHAPE_DEFINITION_REPRESENTATION(#4,#10);
#4 = PRODUCT_DEFINITION_SHAPE('','',#5);
#5 = PRODUCT_DEFINITION('design','',#6,#9);
#6 = PRODUCT_DEFINITION_FORMATION('','',#7);
#7 = PRODUCT('Open CASCADE STEP translator 7.9 1',
  'Open CASCADE STEP translator 7.9 1','',(#8));
#8 = PRODUCT_CONTEXT('',#2,'mechanical');
#9 = PRODUCT_DEFINITION_CONTEXT('part definition',#2,'design');
#10 = ADVANCED_BREP_SHAPE_REPRESENTATION('',(#11,#15),#14551);
#11 = AXIS2_PLACEMENT_3D('',#12,#13,#14);
#12 = CARTESIAN_POINT('',(0.,0.,0.));
#13 = DIRECTION('',(0.,0.,1.));
#14 = DIRECTION('',(1.,0.,-0.));
#15 = MANIFOLD_SOLID_BREP('',#16);
#16 = CLOSED_SHELL('',(#17,#128,#207,#277,#3429,#3473,#3523,#6675,#6699,
    #6743,#6787,#6831,#6875,#6919,#6963,#7007,#7051,#7095,#7139,#7183,
    #7227,#7271,#7315,#7359,#7403,#7447,#7491,#7535,#7579,#7623,#7667,
    #7711,#7755,#7799,#7843,#7887,#7931,#7975,#8019,#8063,#8107,#8151,
    #8195,#8239,#8283,#8327,#8371,#8415,#8459,#8503,#8547,#8591,#8635,
    #8679,#8723,#8767,#8811,#8855,#8899,#8943,#8987,#9031,#9075,#9119,
    #9163,#9207,#9251,#9295,#9339,#9383,#9427,#9471,#9515,#9559,#9603,
    #9647,#9691,#9735,#9779,#9823,#9867,#9911,#9955,#9999,#10043,#10087,
    #10131,#10175,#10219,#10263,#10307,#10351,#10395,#10439,#10483,
    #10527,#10571,#10615,#10659,#10703,#10747,#10791,#10835,#10879,
    #10923,#10967,#11011,#11055,#11099,#11143,#11187,#11231,#11275,
    #11319,#11363,#11407,#11451,#11495,#11539,#11583,#11627,#11671,
    #11715,#11759,#11784,#11808,#11832,#11856,#11880,#11904,#11928,
    #11952,#11976,#12000,#12024,#12048,#12072,#12096,#12120,#12144,
    #12168,#12192,#12216,#12240,#12264,#12288,#12312,#12336,#12360,
    #12384,#12408,#12432,#12456,#12480,#12504,#12528,#12552,#12576,
    #12600,#12624,#12648,#12672,#12696,#12720,#12744,#12768,#12792,
    #12816,#12840,#12864,#12888,#12912,#12936,#12960,#12984,#13008,
    #13032,#13056,#13080,#13104,#13128,#13152,#13176,#13200,#13224,
    #13248,#13272,#13296,#13320,#13344,#13368,#13392,#13416,#13440,
    #13464,#13488,#13512,#13536,#13560,#13584,#13608,#13632,#13656,
    #13680,#13704,#13728,#13752,#13776,#13800,#13824,#13848,#13872,
    #13896,#13920,#13944,#13968,#13992,#14016,#14040,#14064,#14088,
    #14112,#14136,#14160,#14184,#14208,#14232,#14256,#14280,#14304,
    #14328,#14352,#14376,#14400,#14424,#14448,#14472,#14496,#14520,
    #14544));
#17 = ADVANCED_FACE('',(#18),#32,.F.);
#18 = FACE_BOUND('',#19,.F.);
#19 = EDGE_LOOP('',(#20,#53,#78,#105));
#20 = ORIENTED_EDGE('',*,*,#21,.T.);
#21 = EDGE_CURVE('',#22,#24,#26,.T.);
#22 = VERTEX_POINT('',#23);
#23 = CARTESIAN_POINT('',(218.76833430227,0.,0.275014534134));
#24 = VERTEX_POINT('',#25);
#25 = CARTESIAN_POINT('',(218.61473957163,0.,0.307037326528));
#26 = SURFACE_CURVE('',#27,(#31,#42),.PCURVE_S1.);
#27 = LINE('',#28,#29);
#28 = CARTESIAN_POINT('',(218.76833430227,0.,0.275014534134));
#29 = VECTOR('',#30,1.);
#30 = DIRECTION('',(-0.978950006289,0.,0.20410018419));
#31 = PCURVE('',#32,#37);
#32 = B_SPLINE_SURFACE_WITH_KNOTS('',1,1,(
    (#33,#34)
    ,(#35,#36
    )),.UNSPECIFIED.,.F.,.F.,.F.,(2,2),(2,2),(0.,1.568974203557E-04),(0.
    ,1.),.PIECEWISE_BEZIER_KNOTS.);
#33 = CARTESIAN_POINT('',(218.76833430227,0.,0.275014534134));
#34 = CARTESIAN_POINT('',(153.13600058136,700.,36.850454218609));
#35 = CARTESIAN_POINT('',(218.61473957163,0.,0.307037326528));
#36 = CARTESIAN_POINT('',(153.04384374297,700.,36.869667894045));
#37 = DEFINITIONAL_REPRESENTATION('',(#38),#41);
#38 = B_SPLINE_CURVE_WITH_KNOTS('',1,(#39,#40),.UNSPECIFIED.,.F.,.F.,(2,
    2),(0.,0.156897420356),.PIECEWISE_BEZIER_KNOTS.);
#39 = CARTESIAN_POINT('',(0.,0.));
#40 = CARTESIAN_POINT('',(1.568974203557E-04,0.));
#41 = ( GEOMETRIC_REPRESENTATION_CONTEXT(2) 
PARAMETRIC_REPRESENTATION_CONTEXT() REPRESENTATION_CONTEXT('2D SPACE',''
  ) );
#42 = PCURVE('',#43,#48);
#43 = B_SPLINE_SURFACE_WITH_KNOTS('',1,1,(
    (#44,#45)
    ,(#46,#47
    )),.UNSPECIFIED.,.F.,.F.,.F.,(2,2),(2,2),(0.,1.568974203557E-04),(0.
    ,1.),.PIECEWISE_BEZIER_KNOTS.);
#44 = CARTESIAN_POINT('',(218.76833430227,0.,0.275014534134));
#45 = CARTESIAN_POINT('',(153.13600058136,-700.,36.850454218609));
#46 = CARTESIAN_POINT('',(218.61473957163,0.,0.307037326528));
#47 = CARTESIAN_POINT('',(153.04384374297,-700.,36.869667894045));
#48 = DEFINITIONAL_REPRESENTATION('',(#49),#52);
#49 = B_SPLINE_CURVE_WITH_KNOTS('',1,(#50,#51),.UNSPECIFIED.,.F.,.F.,(2,
    2),(0.,0.156897420356),.PIECEWISE_BEZIER_KNOTS.);
#50 = CARTESIAN_POINT('',(0.,0.));
#51 = CARTESIAN_POINT('',(1.568974203557E-04,0.));
#52 = ( GEOMETRIC_REPRESENTATION_CONTEXT(2) 
PARAMETRIC_REPRESENTATION_CONTEXT() REPRESENTATION_CONTEXT('2D SPACE',''
  ) );
#53 = ORIENTED_EDGE('',*,*,#54,.T.);
#54 = EDGE_CURVE('',#24,#55,#57,.T.);
#55 = VERTEX_POINT('',#56);
#56 = CARTESIAN_POINT('',(153.04384374297,700.,36.869667894045));
#57 = SURFACE_CURVE('',#58,(#61,#67),.PCURVE_S1.);
#58 = B_SPLINE_CURVE_WITH_KNOTS('',1,(#59,#60),.UNSPECIFIED.,.F.,.F.,(2,
    2),(0.,1.),.PIECEWISE_BEZIER_KNOTS.);
#59 = CARTESIAN_POINT('',(218.61473957163,0.,0.307037326528));
#60 = CARTESIAN_POINT('',(153.04384374297,700.,36.869667894045));
#61 = PCURVE('',#32,#62);
#62 = DEFINITIONAL_REPRESENTATION('',(#63),#66);
#63 = B_SPLINE_CURVE_WITH_KNOTS('',1,(#64,#65),.UNSPECIFIED.,.F.,.F.,(2,
    2),(0.,1.),.PIECEWISE_BEZIER_KNOTS.);
#64 = CARTESIAN_POINT('',(1.568974203557E-04,0.));
#65 = CARTESIAN_POINT('',(1.568974203557E-04,1.));
#66 = ( GEOMETRIC_REPRESENTATION_CONTEXT(2) 
PARAMETRIC_REPRESENTATION_CONTEXT() REPRESENTATION_CONTEXT('2D SPACE',''
  ) );
#67 = PCURVE('',#68,#73);
#68 = B_SPLINE_SURFACE_WITH_KNOTS('',1,1,(
    (#69,#70)
    ,(#71,#72
    )),.UNSPECIFIED.,.F.,.F.,.F.,(2,2),(2,2),(0.,4.702370172961E-04),(0.
    ,1.),.PIECEWISE_BEZIER_KNOTS.);
#69 = CARTESIAN_POINT('',(218.61473957163,0.,0.307037326528));
#70 = CARTESIAN_POINT('',(153.04384374297,700.,36.869667894045));
#71 = CARTESIAN_POINT('',(218.15436283372,0.,0.402829349313));
#72 = CARTESIAN_POINT('',(152.76761770023,700.,36.927143107716));
#73 = DEFINITIONAL_REPRESENTATION('',(#74),#77);
#74 = B_SPLINE_CURVE_WITH_KNOTS('',1,(#75,#76),.UNSPECIFIED.,.F.,.F.,(2,
    2),(0.,1.),.PIECEWISE_BEZIER_KNOTS.);
#75 = CARTESIAN_POINT('',(0.,0.));
#76 = CARTESIAN_POINT('',(0.,1.));
#77 = ( GEOMETRIC_REPRESENTATION_CONTEXT(2) 
PARAMETRIC_REPRESENTATION_CONTEXT() REPRESENTATION_CONTEXT('2D SPACE',''
  ) );
#78 = ORIENTED_EDGE('',*,*,#79,.F.);
#79 = EDGE_CURVE('',#80,#55,#82,.T.);
#80 = VERTEX_POINT('',#81);
#81 = CARTESIAN_POINT('',(153.13600058136,700.,36.850454218609));
#82 = SURFACE_CURVE('',#83,(#87,#93),.PCURVE_S1.);
#83 = LINE('',#84,#85);
#84 = CARTESIAN_POINT('',(153.13600058136,700.,36.850454218609));
#85 = VECTOR('',#86,1.);
#86 = DIRECTION('',(-0.978950006289,0.,0.20410018419));
#87 = PCURVE('',#32,#88);
#88 = DEFINITIONAL_REPRESENTATION('',(#89),#92);
#89 = B_SPLINE_CURVE_WITH_KNOTS('',1,(#90,#91),.UNSPECIFIED.,.F.,.F.,(2,
    2),(0.,9.413845221343E-02),.PIECEWISE_BEZIER_KNOTS.);
#90 = CARTESIAN_POINT('',(0.,1.));
#91 = CARTESIAN_POINT('',(1.568974203557E-04,1.));
#92 = ( GEOMETRIC_REPRESENTATION_CONTEXT(2) 
PARAMETRIC_REPRESENTATION_CONTEXT() REPRESENTATION_CONTEXT('2D SPACE',''
  ) );
#93 = PCURVE('',#94,#99);
#94 = PLANE('',#95);
#95 = AXIS2_PLACEMENT_3D('',#96,#97,#98);
#96 = CARTESIAN_POINT('',(153.13600058136,700.,36.850454218609));
#97 = DIRECTION('',(0.,1.,0.));
#98 = DIRECTION('',(-0.999999209846,0.,-1.257102942743E-03));
#99 = DEFINITIONAL_REPRESENTATION('',(#100),#104);
#100 = LINE('',#101,#102);
#101 = CARTESIAN_POINT('',(0.,0.));
#102 = VECTOR('',#103,1.);
#103 = DIRECTION('',(0.978692657826,0.205330663853));
#104 = ( GEOMETRIC_REPRESENTATION_CONTEXT(2) 
PARAMETRIC_REPRESENTATION_CONTEXT() REPRESENTATION_CONTEXT('2D SPACE',''
  ) );
#105 = ORIENTED_EDGE('',*,*,#106,.F.);
#106 = EDGE_CURVE('',#22,#80,#107,.T.);
#107 = SURFACE_CURVE('',#108,(#111,#117),.PCURVE_S1.);
#108 = B_SPLINE_CURVE_WITH_KNOTS('',1,(#109,#110),.UNSPECIFIED.,.F.,.F.,
  (2,2),(0.,1.),.PIECEWISE_BEZIER_KNOTS.);
#109 = CARTESIAN_POINT('',(218.76833430227,0.,0.275014534134));
#110 = CARTESIAN_POINT('',(153.13600058136,700.,36.850454218609));
#111 = PCURVE('',#32,#112);
#112 = DEFINITIONAL_REPRESENTATION('',(#113),#116);
#113 = B_SPLINE_CURVE_WITH_KNOTS('',1,(#114,#115),.UNSPECIFIED.,.F.,.F.,
  (2,2),(0.,1.),.PIECEWISE_BEZIER_KNOTS.);
#114 = CARTESIAN_POINT('',(0.,0.));
#115 = CARTESIAN_POINT('',(0.,1.));
#116 = ( GEOMETRIC_REPRESENTATION_CONTEXT(2) 
PARAMETRIC_REPRESENTATION_CONTEXT() REPRESENTATION_CONTEXT('2D SPACE',''
  ) );
#117 = PCURVE('',#118,#123);
#118 = B_SPLINE_SURFACE_WITH_KNOTS('',1,1,(
    (#119,#120)
    ,(#121,#122
  )),.UNSPECIFIED.,.F.,.F.,.F.,(2,2),(2,2),(0.,5.5125E-04),(0.,1.),
  .PIECEWISE_BEZIER_KNOTS.);
#119 = CARTESIAN_POINT('',(218.73166569772,0.,-0.275014534134));
#120 = CARTESIAN_POINT('',(153.11399941863,700.,36.520436777648));
#121 = CARTESIAN_POINT('',(218.76833430227,0.,0.275014534134));
#122 = CARTESIAN_POINT('',(153.13600058136,700.,36.850454218609));
#123 = DEFINITIONAL_REPRESENTATION('',(#124),#127);
#124 = B_SPLINE_CURVE_WITH_KNOTS('',1,(#125,#126),.UNSPECIFIED.,.F.,.F.,
  (2,2),(0.,1.),.PIECEWISE_BEZIER_KNOTS.);
#125 = CARTESIAN_POINT('',(5.5125E-04,0.));
#126 = CARTESIAN_POINT('',(5.5125E-04,1.));
#127 = ( GEOMETRIC_REPRESENTATION_CONTEXT(2) 
PARAMETRIC_REPRESENTATION_CONTEXT() REPRESENTATION_CONTEXT('2D SPACE',''
  ) );
#128 = ADVANCED_FACE('',(#129),#43,.T.);
#129 = FACE_BOUND('',#130,.T.);
#130 = EDGE_LOOP('',(#131,#132,#157,#184));
#131 = ORIENTED_EDGE('',*,*,#21,.T.);
#132 = ORIENTED_EDGE('',*,*,#133,.T.);
#133 = EDGE_CURVE('',#24,#134,#136,.T.);
#134 = VERTEX_POINT('',#135);
#135 = CARTESIAN_POINT('',(153.04384374297,-700.,36.869667894045));
#136 = SURFACE_CURVE('',#137,(#140,#146),.PCURVE_S1.);
#137 = B_SPLINE_CURVE_WITH_KNOTS('',1,(#138,#139),.UNSPECIFIED.,.F.,.F.,
  (2,2),(0.,1.),.PIECEWISE_BEZIER_KNOTS.);
#138 = CARTESIAN_POINT('',(218.61473957163,0.,0.307037326528));
#139 = CARTESIAN_POINT('',(153.04384374297,-700.,36.869667894045));
#140 = PCURVE('',#43,#141);
#141 = DEFINITIONAL_REPRESENTATION('',(#142),#145);
#142 = B_SPLINE_CURVE_WITH_KNOTS('',1,(#143,#144),.UNSPECIFIED.,.F.,.F.,
  (2,2),(0.,1.),.PIECEWISE_BEZIER_KNOTS.);
#143 = CARTESIAN_POINT('',(1.568974203557E-04,0.));
#144 = CARTESIAN_POINT('',(1.568974203557E-04,1.));
#145 = ( GEOMETRIC_REPRESENTATION_CONTEXT(2) 
PARAMETRIC_REPRESENTATION_CONTEXT() REPRESENTATION_CONTEXT('2D SPACE',''
  ) );
#146 = PCURVE('',#147,#152);
#147 = B_SPLINE_SURFACE_WITH_KNOTS('',1,1,(
    (#148,#149)
    ,(#150,#151
    )),.UNSPECIFIED.,.F.,.F.,.F.,(2,2),(2,2),(0.,4.702370172961E-04),(0.
    ,1.),.PIECEWISE_BEZIER_KNOTS.);
#148 = CARTESIAN_POINT('',(218.61473957163,0.,0.307037326528));
#149 = CARTESIAN_POINT('',(153.04384374297,-700.,36.869667894045));
#150 = CARTESIAN_POINT('',(218.15436283372,0.,0.402829349313));
#151 = CARTESIAN_POINT('',(152.76761770023,-700.,36.927143107716));
#152 = DEFINITIONAL_REPRESENTATION('',(#153),#156);
#153 = B_SPLINE_CURVE_WITH_KNOTS('',1,(#154,#155),.UNSPECIFIED.,.F.,.F.,
  (2,2),(0.,1.),.PIECEWISE_BEZIER_KNOTS.);
#154 = CARTESIAN_POINT('',(0.,0.));
#155 = CARTESIAN_POINT('',(0.,1.));
#156 = ( GEOMETRIC_REPRESENTATION_CONTEXT(2) 
PARAMETRIC_REPRESENTATION_CONTEXT() REPRESENTATION_CONTEXT('2D SPACE',''
  ) );
#157 = ORIENTED_EDGE('',*,*,#158,.F.);
#158 = EDGE_CURVE('',#159,#134,#161,.T.);
#159 = VERTEX_POINT('',#160);
#160 = CARTESIAN_POINT('',(153.13600058136,-700.,36.850454218609));
#161 = SURFACE_CURVE('',#162,(#166,#172),.PCURVE_S1.);
#162 = LINE('',#163,#164);
#163 = CARTESIAN_POINT('',(153.13600058136,-700.,36.850454218609));
#164 = VECTOR('',#165,1.);
#165 = DIRECTION('',(-0.978950006289,0.,0.20410018419));
#166 = PCURVE('',#43,#167);
#167 = DEFINITIONAL_REPRESENTATION('',(#168),#171);
#168 = B_SPLINE_CURVE_WITH_KNOTS('',1,(#169,#170),.UNSPECIFIED.,.F.,.F.,
  (2,2),(0.,9.413845221343E-02),.PIECEWISE_BEZIER_KNOTS.);
#169 = CARTESIAN_POINT('',(0.,1.));
#170 = CARTESIAN_POINT('',(1.568974203557E-04,1.));
#171 = ( GEOMETRIC_REPRESENTATION_CONTEXT(2) 
PARAMETRIC_REPRESENTATION_CONTEXT() REPRESENTATION_CONTEXT('2D SPACE',''
  ) );
#172 = PCURVE('',#173,#178);
#173 = PLANE('',#174);
#174 = AXIS2_PLACEMENT_3D('',#175,#176,#177);
#175 = CARTESIAN_POINT('',(153.13600058136,-700.,36.850454218609));
#176 = DIRECTION('',(0.,1.,0.));
#177 = DIRECTION('',(-0.999999209846,0.,-1.257102942743E-03));
#178 = DEFINITIONAL_REPRESENTATION('',(#179),#183);
#179 = LINE('',#180,#181);
#180 = CARTESIAN_POINT('',(0.,0.));
#181 = VECTOR('',#182,1.);
#182 = DIRECTION('',(0.978692657826,0.205330663853));
#183 = ( GEOMETRIC_REPRESENTATION_CONTEXT(2) 
PARAMETRIC_REPRESENTATION_CONTEXT() REPRESENTATION_CONTEXT('2D SPACE',''
  ) );
#184 = ORIENTED_EDGE('',*,*,#185,.F.);
#185 = EDGE_CURVE('',#22,#159,#186,.T.);
#186 = SURFACE_CURVE('',#187,(#190,#196),.PCURVE_S1.);
#187 = B_SPLINE_CURVE_WITH_KNOTS('',1,(#188,#189),.UNSPECIFIED.,.F.,.F.,
  (2,2),(0.,1.),.PIECEWISE_BEZIER_KNOTS.);
#188 = CARTESIAN_POINT('',(218.76833430227,0.,0.275014534134));
#189 = CARTESIAN_POINT('',(153.13600058136,-700.,36.850454218609));
#190 = PCURVE('',#43,#191);
#191 = DEFINITIONAL_REPRESENTATION('',(#192),#195);
#192 = B_SPLINE_CURVE_WITH_KNOTS('',1,(#193,#194),.UNSPECIFIED.,.F.,.F.,
  (2,2),(0.,1.),.PIECEWISE_BEZIER_KNOTS.);
#193 = CARTESIAN_POINT('',(0.,0.));
#194 = CARTESIAN_POINT('',(0.,1.));
#195 = ( GEOMETRIC_REPRESENTATION_CONTEXT(2) 
PARAMETRIC_REPRESENTATION_CONTEXT() REPRESENTATION_CONTEXT('2D SPACE',''
  ) );
#196 = PCURVE('',#197,#202);
#197 = B_SPLINE_SURFACE_WITH_KNOTS('',1,1,(
    (#198,#199)
    ,(#200,#201
  )),.UNSPECIFIED.,.F.,.F.,.F.,(2,2),(2,2),(0.,5.5125E-04),(0.,1.),
  .PIECEWISE_BEZIER_KNOTS.);
#198 = CARTESIAN_POINT('',(218.73166569772,0.,-0.275014534134));
#199 = CARTESIAN_POINT('',(153.11399941863,-700.,36.520436777648));
#200 = CARTESIAN_POINT('',(218.76833430227,0.,0.275014534134));
#201 = CARTESIAN_POINT('',(153.13600058136,-700.,36.850454218609));
#202 = DEFINITIONAL_REPRESENTATION('',(#203),#206);
#203 = B_SPLINE_CURVE_WITH_KNOTS('',1,(#204,#205),.UNSPECIFIED.,.F.,.F.,
  (2,2),(0.,1.),.PIECEWISE_BEZIER_KNOTS.);
#204 = CARTESIAN_POINT('',(5.5125E-04,0.));
#205 = CARTESIAN_POINT('',(5.5125E-04,1.));
#206 = ( GEOMETRIC_REPRESENTATION_CONTEXT(2) 
PARAMETRIC_REPRESENTATION_CONTEXT() REPRESENTATION_CONTEXT('2D SPACE',''
  ) );
#207 = ADVANCED_FACE('',(#208),#68,.F.);
#208 = FACE_BOUND('',#209,.F.);
#209 = EDGE_LOOP('',(#210,#231,#256,#276));
#210 = ORIENTED_EDGE('',*,*,#211,.T.);
#211 = EDGE_CURVE('',#24,#212,#214,.T.);
#212 = VERTEX_POINT('',#213);
#213 = CARTESIAN_POINT('',(218.15436283372,0.,0.402829349313));
#214 = SURFACE_CURVE('',#215,(#219,#225),.PCURVE_S1.);
#215 = LINE('',#216,#217);
#216 = CARTESIAN_POINT('',(218.61473957163,0.,0.307037326528));
#217 = VECTOR('',#218,1.);
#218 = DIRECTION('',(-0.979031256524,0.,0.203710085046));
#219 = PCURVE('',#68,#220);
#220 = DEFINITIONAL_REPRESENTATION('',(#221),#224);
#221 = B_SPLINE_CURVE_WITH_KNOTS('',1,(#222,#223),.UNSPECIFIED.,.F.,.F.,
  (2,2),(0.,0.470237017296),.PIECEWISE_BEZIER_KNOTS.);
#222 = CARTESIAN_POINT('',(0.,0.));
#223 = CARTESIAN_POINT('',(4.702370172961E-04,0.));
#224 = ( GEOMETRIC_REPRESENTATION_CONTEXT(2) 
PARAMETRIC_REPRESENTATION_CONTEXT() REPRESENTATION_CONTEXT('2D SPACE',''
  ) );
#225 = PCURVE('',#147,#226);
#226 = DEFINITIONAL_REPRESENTATION('',(#227),#230);
#227 = B_SPLINE_CURVE_WITH_KNOTS('',1,(#228,#229),.UNSPECIFIED.,.F.,.F.,
  (2,2),(0.,0.470237017296),.PIECEWISE_BEZIER_KNOTS.);
#228 = CARTESIAN_POINT('',(0.,0.));
#229 = CARTESIAN_POINT('',(4.702370172961E-04,0.));
#230 = ( GEOMETRIC_REPRESENTATION_CONTEXT(2) 
PARAMETRIC_REPRESENTATION_CONTEXT() REPRESENTATION_CONTEXT('2D SPACE',''
  ) );
#231 = ORIENTED_EDGE('',*,*,#232,.T.);
#232 = EDGE_CURVE('',#212,#233,#235,.T.);
#233 = VERTEX_POINT('',#234);
#234 = CARTESIAN_POINT('',(152.76761770023,700.,36.927143107716));
#235 = SURFACE_CURVE('',#236,(#239,#245),.PCURVE_S1.);
#236 = B_SPLINE_CURVE_WITH_KNOTS('',1,(#237,#238),.UNSPECIFIED.,.F.,.F.,
  (2,2),(0.,1.),.PIECEWISE_BEZIER_KNOTS.);
#237 = CARTESIAN_POINT('',(218.15436283372,0.,0.402829349313));
#238 = CARTESIAN_POINT('',(152.76761770023,700.,36.927143107716));
#239 = PCURVE('',#68,#240);
#240 = DEFINITIONAL_REPRESENTATION('',(#241),#244);
#241 = B_SPLINE_CURVE_WITH_KNOTS('',1,(#242,#243),.UNSPECIFIED.,.F.,.F.,
  (2,2),(0.,1.),.PIECEWISE_BEZIER_KNOTS.);
#242 = CARTESIAN_POINT('',(4.702370172961E-04,0.));
#243 = CARTESIAN_POINT('',(4.702370172961E-04,1.));
#244 = ( GEOMETRIC_REPRESENTATION_CONTEXT(2) 
PARAMETRIC_REPRESENTATION_CONTEXT() REPRESENTATION_CONTEXT('2D SPACE',''
  ) );
#245 = PCURVE('',#246,#251);
#246 = B_SPLINE_SURFACE_WITH_KNOTS('',1,1,(
    (#247,#248)
    ,(#249,#250
    )),.UNSPECIFIED.,.F.,.F.,.F.,(2,2),(2,2),(0.,7.822126348056E-04),(0.
    ,1.),.PIECEWISE_BEZIER_KNOTS.);
#247 = CARTESIAN_POINT('',(218.15436283372,0.,0.402829349313));
#248 = CARTESIAN_POINT('',(152.76761770023,700.,36.927143107716));
#249 = CARTESIAN_POINT('',(217.38842598578,0.,0.56156608425));
#250 = CARTESIAN_POINT('',(152.30805559147,700.,37.022385148679));
#251 = DEFINITIONAL_REPRESENTATION('',(#252),#255);
#252 = B_SPLINE_CURVE_WITH_KNOTS('',1,(#253,#254),.UNSPECIFIED.,.F.,.F.,
  (2,2),(0.,1.),.PIECEWISE_BEZIER_KNOTS.);
#253 = CARTESIAN_POINT('',(0.,0.));
#254 = CARTESIAN_POINT('',(0.,1.));
#255 = ( GEOMETRIC_REPRESENTATION_CONTEXT(2) 
PARAMETRIC_REPRESENTATION_CONTEXT() REPRESENTATION_CONTEXT('2D SPACE',''
  ) );
#256 = ORIENTED_EDGE('',*,*,#257,.F.);
#257 = EDGE_CURVE('',#55,#233,#258,.T.);
#258 = SURFACE_CURVE('',#259,(#263,#269),.PCURVE_S1.);
#259 = LINE('',#260,#261);
#260 = CARTESIAN_POINT('',(153.04384374297,700.,36.869667894045));
#261 = VECTOR('',#262,1.);
#262 = DIRECTION('',(-0.979031256524,0.,0.203710085046));
#263 = PCURVE('',#68,#264);
#264 = DEFINITIONAL_REPRESENTATION('',(#265),#268);
#265 = B_SPLINE_CURVE_WITH_KNOTS('',1,(#266,#267),.UNSPECIFIED.,.F.,.F.,
  (2,2),(0.,0.282142210378),.PIECEWISE_BEZIER_KNOTS.);
#266 = CARTESIAN_POINT('',(0.,1.));
#267 = CARTESIAN_POINT('',(4.702370172961E-04,1.));
#268 = ( GEOMETRIC_REPRESENTATION_CONTEXT(2) 
PARAMETRIC_REPRESENTATION_CONTEXT() REPRESENTATION_CONTEXT('2D SPACE',''
  ) );
#269 = PCURVE('',#94,#270);
#270 = DEFINITIONAL_REPRESENTATION('',(#271),#275);
#271 = LINE('',#272,#273);
#272 = CARTESIAN_POINT('',(9.213261200037E-02,1.932951088706E-02));
#273 = VECTOR('',#274,1.);
#274 = DIRECTION('',(0.978774398391,0.204940667157));
#275 = ( GEOMETRIC_REPRESENTATION_CONTEXT(2) 
PARAMETRIC_REPRESENTATION_CONTEXT() REPRESENTATION_CONTEXT('2D SPACE',''
  ) );
#276 = ORIENTED_EDGE('',*,*,#54,.F.);
#277 = ADVANCED_FACE('',(#278),#94,.T.);
#278 = FACE_BOUND('',#279,.F.);
#279 = EDGE_LOOP('',(#280,#281,#282,#304,#331,#358,#385,#412,#439,#466,
    #493,#520,#547,#574,#601,#628,#655,#682,#709,#736,#763,#790,#817,
    #844,#871,#898,#925,#952,#979,#1006,#1033,#1060,#1087,#1114,#1141,
    #1168,#1195,#1222,#1249,#1276,#1303,#1330,#1357,#1384,#1411,#1438,
    #1465,#1492,#1519,#1546,#1573,#1600,#1627,#1654,#1681,#1708,#1735,
    #1762,#1789,#1816,#1843,#1870,#1897,#1924,#1951,#1978,#2005,#2032,
    #2059,#2086,#2113,#2140,#2167,#2194,#2221,#2248,#2275,#2302,#2329,
    #2356,#2383,#2410,#2437,#2464,#2491,#2518,#2545,#2572,#2599,#2626,
    #2653,#2680,#2707,#2734,#2761,#2788,#2815,#2842,#2869,#2896,#2923,
    #2950,#2977,#3004,#3031,#3058,#3085,#3112,#3139,#3166,#3193,#3220,
    #3247,#3274,#3301,#3328,#3355,#3382,#3409));
#280 = ORIENTED_EDGE('',*,*,#79,.T.);
#281 = ORIENTED_EDGE('',*,*,#257,.T.);
#282 = ORIENTED_EDGE('',*,*,#283,.T.);
#283 = EDGE_CURVE('',#233,#284,#286,.T.);
#284 = VERTEX_POINT('',#285);
#285 = CARTESIAN_POINT('',(152.30805559147,700.,37.022385148679));
#286 = SURFACE_CURVE('',#287,(#291,#298),.PCURVE_S1.);
#287 = LINE('',#288,#289);
#288 = CARTESIAN_POINT('',(152.76761770023,700.,36.927143107716));
#289 = VECTOR('',#290,1.);
#290 = DIRECTION('',(-0.97919263108,0.,0.202932972282));
#291 = PCURVE('',#94,#292);
#292 = DEFINITIONAL_REPRESENTATION('',(#293),#297);
#293 = LINE('',#294,#295);
#294 = CARTESIAN_POINT('',(0.368286184223,7.715192371496E-02));
#295 = VECTOR('',#296,1.);
#296 = DIRECTION('',(0.97893674973,0.204163757871));
#297 = ( GEOMETRIC_REPRESENTATION_CONTEXT(2) 
PARAMETRIC_REPRESENTATION_CONTEXT() REPRESENTATION_CONTEXT('2D SPACE',''
  ) );
#298 = PCURVE('',#246,#299);
#299 = DEFINITIONAL_REPRESENTATION('',(#300),#303);
#300 = B_SPLINE_CURVE_WITH_KNOTS('',1,(#301,#302),.UNSPECIFIED.,.F.,.F.,
  (2,2),(0.,0.469327580883),.PIECEWISE_BEZIER_KNOTS.);
#301 = CARTESIAN_POINT('',(0.,1.));
#302 = CARTESIAN_POINT('',(7.822126348056E-04,1.));
#303 = ( GEOMETRIC_REPRESENTATION_CONTEXT(2) 
PARAMETRIC_REPRESENTATION_CONTEXT() REPRESENTATION_CONTEXT('2D SPACE',''
  ) );
#304 = ORIENTED_EDGE('',*,*,#305,.T.);
#305 = EDGE_CURVE('',#284,#306,#308,.T.);
#306 = VERTEX_POINT('',#307);
#307 = CARTESIAN_POINT('',(151.66637836741,700.,37.154578486095));
#308 = SURFACE_CURVE('',#309,(#313,#320),.PCURVE_S1.);
#309 = LINE('',#310,#311);
#310 = CARTESIAN_POINT('',(152.30805559147,700.,37.022385148679));
#311 = VECTOR('',#312,1.);
#312 = DIRECTION('',(-0.979431916768,0.,0.201774925143));
#313 = PCURVE('',#94,#314);
#314 = DEFINITIONAL_REPRESENTATION('',(#315),#319);
#315 = LINE('',#316,#317);
#316 = CARTESIAN_POINT('',(0.827728200812,0.172971606301));
#317 = VECTOR('',#318,1.);
#318 = DIRECTION('',(0.979177491013,0.203006012454));
#319 = ( GEOMETRIC_REPRESENTATION_CONTEXT(2) 
PARAMETRIC_REPRESENTATION_CONTEXT() REPRESENTATION_CONTEXT('2D SPACE',''
  ) );
#320 = PCURVE('',#321,#326);
#321 = B_SPLINE_SURFACE_WITH_KNOTS('',1,1,(
    (#322,#323)
    ,(#324,#325
    )),.UNSPECIFIED.,.F.,.F.,.F.,(2,2),(2,2),(0.,1.091920757106E-03),(0.
    ,1.),.PIECEWISE_BEZIER_KNOTS.);
#322 = CARTESIAN_POINT('',(217.38842598578,0.,0.56156608425));
#323 = CARTESIAN_POINT('',(152.30805559147,700.,37.022385148679));
#324 = CARTESIAN_POINT('',(216.31896394569,0.,0.781888313277));
#325 = CARTESIAN_POINT('',(151.66637836741,700.,37.154578486095));
#326 = DEFINITIONAL_REPRESENTATION('',(#327),#330);
#327 = B_SPLINE_CURVE_WITH_KNOTS('',1,(#328,#329),.UNSPECIFIED.,.F.,.F.,
  (2,2),(0.,0.655152454264),.PIECEWISE_BEZIER_KNOTS.);
#328 = CARTESIAN_POINT('',(0.,1.));
#329 = CARTESIAN_POINT('',(1.091920757106E-03,1.));
#330 = ( GEOMETRIC_REPRESENTATION_CONTEXT(2) 
PARAMETRIC_REPRESENTATION_CONTEXT() REPRESENTATION_CONTEXT('2D SPACE',''
  ) );
#331 = ORIENTED_EDGE('',*,*,#332,.T.);
#332 = EDGE_CURVE('',#306,#333,#335,.T.);
#333 = VERTEX_POINT('',#334);
#334 = CARTESIAN_POINT('',(150.84429331374,700.,37.322599896475));
#335 = SURFACE_CURVE('',#336,(#340,#347),.PCURVE_S1.);
#336 = LINE('',#337,#338);
#337 = CARTESIAN_POINT('',(151.66637836741,700.,37.154578486095));
#338 = VECTOR('',#339,1.);
#339 = DIRECTION('',(-0.979745888494,0.,0.200244835087));
#340 = PCURVE('',#94,#341);
#341 = DEFINITIONAL_REPRESENTATION('',(#342),#346);
#342 = LINE('',#343,#344);
#343 = CARTESIAN_POINT('',(1.469238737209,0.30597149359));
#344 = VECTOR('',#345,1.);
#345 = DIRECTION('',(0.979493385972,0.201476318302));
#346 = ( GEOMETRIC_REPRESENTATION_CONTEXT(2) 
PARAMETRIC_REPRESENTATION_CONTEXT() REPRESENTATION_CONTEXT('2D SPACE',''
  ) );
#347 = PCURVE('',#348,#353);
#348 = B_SPLINE_SURFACE_WITH_KNOTS('',1,1,(
    (#349,#350)
    ,(#351,#352
    )),.UNSPECIFIED.,.F.,.F.,.F.,(2,2),(2,2),(0.,1.398466451559E-03),(0.
    ,1.),.PIECEWISE_BEZIER_KNOTS.);
#349 = CARTESIAN_POINT('',(216.31896394569,0.,0.781888313277));
#350 = CARTESIAN_POINT('',(151.66637836741,700.,37.154578486095));
#351 = CARTESIAN_POINT('',(214.94882218958,0.,1.061923997244));
#352 = CARTESIAN_POINT('',(150.84429331374,700.,37.322599896475));
#353 = DEFINITIONAL_REPRESENTATION('',(#354),#357);
#354 = B_SPLINE_CURVE_WITH_KNOTS('',1,(#355,#356),.UNSPECIFIED.,.F.,.F.,
  (2,2),(0.,0.839079870935),.PIECEWISE_BEZIER_KNOTS.);
#355 = CARTESIAN_POINT('',(0.,1.));
#356 = CARTESIAN_POINT('',(1.398466451559E-03,1.));
#357 = ( GEOMETRIC_REPRESENTATION_CONTEXT(2) 
PARAMETRIC_REPRESENTATION_CONTEXT() REPRESENTATION_CONTEXT('2D SPACE',''
  ) );
#358 = ORIENTED_EDGE('',*,*,#359,.T.);
#359 = EDGE_CURVE('',#333,#360,#362,.T.);
#360 = VERTEX_POINT('',#361);
#361 = CARTESIAN_POINT('',(149.84399187152,700.,37.525036151391));
#362 = SURFACE_CURVE('',#363,(#367,#374),.PCURVE_S1.);
#363 = LINE('',#364,#365);
#364 = CARTESIAN_POINT('',(150.84429331374,700.,37.322599896475));
#365 = VECTOR('',#366,1.);
#366 = DIRECTION('',(-0.980130417666,0.,0.198354138769));
#367 = PCURVE('',#94,#368);
#368 = DEFINITIONAL_REPRESENTATION('',(#369),#373);
#369 = LINE('',#370,#371);
#370 = CARTESIAN_POINT('',(2.291111921093,0.475026216748));
#371 = VECTOR('',#372,1.);
#372 = DIRECTION('',(0.97988029164,0.199586106871));
#373 = ( GEOMETRIC_REPRESENTATION_CONTEXT(2) 
PARAMETRIC_REPRESENTATION_CONTEXT() REPRESENTATION_CONTEXT('2D SPACE',''
  ) );
#374 = PCURVE('',#375,#380);
#375 = B_SPLINE_SURFACE_WITH_KNOTS('',1,1,(
    (#376,#377)
    ,(#378,#379
    )),.UNSPECIFIED.,.F.,.F.,.F.,(2,2),(2,2),(0.,1.700966565595E-03),(0.
    ,1.),.PIECEWISE_BEZIER_KNOTS.);
#376 = CARTESIAN_POINT('',(214.94882218958,0.,1.061923997244));
#377 = CARTESIAN_POINT('',(150.84429331374,700.,37.322599896475));
#378 = CARTESIAN_POINT('',(213.28165311921,0.,1.399317755437));
#379 = CARTESIAN_POINT('',(149.84399187152,700.,37.525036151391));
#380 = DEFINITIONAL_REPRESENTATION('',(#381),#384);
#381 = B_SPLINE_CURVE_WITH_KNOTS('',1,(#382,#383),.UNSPECIFIED.,.F.,.F.,
  (2,2),(0.,1.020579939357),.PIECEWISE_BEZIER_KNOTS.);
#382 = CARTESIAN_POINT('',(0.,1.));
#383 = CARTESIAN_POINT('',(1.700966565595E-03,1.));
#384 = ( GEOMETRIC_REPRESENTATION_CONTEXT(2) 
PARAMETRIC_REPRESENTATION_CONTEXT() REPRESENTATION_CONTEXT('2D SPACE',''
  ) );
#385 = ORIENTED_EDGE('',*,*,#386,.T.);
#386 = EDGE_CURVE('',#360,#387,#389,.T.);
#387 = VERTEX_POINT('',#388);
#388 = CARTESIAN_POINT('',(148.6681466538,700.,37.760205614753));
#389 = SURFACE_CURVE('',#390,(#394,#401),.PCURVE_S1.);
#390 = LINE('',#391,#392);
#391 = CARTESIAN_POINT('',(149.84399187152,700.,37.525036151391));
#392 = VECTOR('',#393,1.);
#393 = DIRECTION('',(-0.980580608364,0.,0.196116471775));
#394 = PCURVE('',#94,#395);
#395 = DEFINITIONAL_REPRESENTATION('',(#396),#400);
#396 = LINE('',#397,#398);
#397 = CARTESIAN_POINT('',(3.291158089712,0.678719793594));
#398 = VECTOR('',#399,1.);
#399 = DIRECTION('',(0.98033329496,0.197349007581));
#400 = ( GEOMETRIC_REPRESENTATION_CONTEXT(2) 
PARAMETRIC_REPRESENTATION_CONTEXT() REPRESENTATION_CONTEXT('2D SPACE',''
  ) );
#401 = PCURVE('',#402,#407);
#402 = B_SPLINE_SURFACE_WITH_KNOTS('',1,1,(
    (#403,#404)
    ,(#405,#406
    )),.UNSPECIFIED.,.F.,.F.,.F.,(2,2),(2,2),(0.,1.99855270726E-03),(0.,
    1.),.PIECEWISE_BEZIER_KNOTS.);
#403 = CARTESIAN_POINT('',(213.28165311921,0.,1.399317755437));
#404 = CARTESIAN_POINT('',(149.84399187152,700.,37.525036151391));
#405 = CARTESIAN_POINT('',(211.32191108967,0.,1.79126686104));
#406 = CARTESIAN_POINT('',(148.6681466538,700.,37.760205614753));
#407 = DEFINITIONAL_REPRESENTATION('',(#408),#411);
#408 = B_SPLINE_CURVE_WITH_KNOTS('',1,(#409,#410),.UNSPECIFIED.,.F.,.F.,
  (2,2),(0.,1.199131624356),.PIECEWISE_BEZIER_KNOTS.);
#409 = CARTESIAN_POINT('',(0.,1.));
#410 = CARTESIAN_POINT('',(1.99855270726E-03,1.));
#411 = ( GEOMETRIC_REPRESENTATION_CONTEXT(2) 
PARAMETRIC_REPRESENTATION_CONTEXT() REPRESENTATION_CONTEXT('2D SPACE',''
  ) );
#412 = ORIENTED_EDGE('',*,*,#413,.T.);
#413 = EDGE_CURVE('',#387,#414,#416,.T.);
#414 = VERTEX_POINT('',#415);
#415 = CARTESIAN_POINT('',(147.31990754054,700.,38.026182967132));
#416 = SURFACE_CURVE('',#417,(#421,#428),.PCURVE_S1.);
#417 = LINE('',#418,#419);
#418 = CARTESIAN_POINT('',(148.6681466538,700.,37.760205614753));
#419 = VECTOR('',#420,1.);
#420 = DIRECTION('',(-0.981090954744,0.,0.193547251389));
#421 = PCURVE('',#94,#422);
#422 = DEFINITIONAL_REPRESENTATION('',(#423),#427);
#423 = LINE('',#424,#425);
#424 = CARTESIAN_POINT('',(4.466706746107,0.91536722962));
#425 = VECTOR('',#426,1.);
#426 = DIRECTION('',(0.980846870711,0.194780430783));
#427 = ( GEOMETRIC_REPRESENTATION_CONTEXT(2) 
PARAMETRIC_REPRESENTATION_CONTEXT() REPRESENTATION_CONTEXT('2D SPACE',''
  ) );
#428 = PCURVE('',#429,#434);
#429 = B_SPLINE_SURFACE_WITH_KNOTS('',1,1,(
    (#430,#431)
    ,(#432,#433
    )),.UNSPECIFIED.,.F.,.F.,.F.,(2,2),(2,2),(0.,2.290373973889E-03),(0.
    ,1.),.PIECEWISE_BEZIER_KNOTS.);
#430 = CARTESIAN_POINT('',(211.32191108967,0.,1.79126686104));
#431 = CARTESIAN_POINT('',(148.6681466538,700.,37.760205614753));
#432 = CARTESIAN_POINT('',(209.07484590091,0.,2.234562448339));
#433 = CARTESIAN_POINT('',(147.31990754054,700.,38.026182967132));
#434 = DEFINITIONAL_REPRESENTATION('',(#435),#438);
#435 = B_SPLINE_CURVE_WITH_KNOTS('',1,(#436,#437),.UNSPECIFIED.,.F.,.F.,
  (2,2),(0.,1.374224384334),.PIECEWISE_BEZIER_KNOTS.);
#436 = CARTESIAN_POINT('',(0.,1.));
#437 = CARTESIAN_POINT('',(2.290373973889E-03,1.));
#438 = ( GEOMETRIC_REPRESENTATION_CONTEXT(2) 
PARAMETRIC_REPRESENTATION_CONTEXT() REPRESENTATION_CONTEXT('2D SPACE',''
  ) );
#439 = ORIENTED_EDGE('',*,*,#440,.T.);
#440 = EDGE_CURVE('',#414,#441,#443,.T.);
#441 = VERTEX_POINT('',#442);
#442 = CARTESIAN_POINT('',(145.80289672585,700.,38.320826180176));
#443 = SURFACE_CURVE('',#444,(#448,#455),.PCURVE_S1.);
#444 = LINE('',#445,#446);
#445 = CARTESIAN_POINT('',(147.31990754054,700.,38.026182967132));
#446 = VECTOR('',#447,1.);
#447 = DIRECTION('',(-0.981655512236,0.,0.190663198592));
#448 = PCURVE('',#94,#449);
#449 = DEFINITIONAL_REPRESENTATION('',(#450),#454);
#450 = LINE('',#451,#452);
#451 = CARTESIAN_POINT('',(5.814610433136,1.183039247193));
#452 = VECTOR('',#453,1.);
#453 = DIRECTION('',(0.981415053308,0.191897089972));
#454 = ( GEOMETRIC_REPRESENTATION_CONTEXT(2) 
PARAMETRIC_REPRESENTATION_CONTEXT() REPRESENTATION_CONTEXT('2D SPACE',''
  ) );
#455 = PCURVE('',#456,#461);
#456 = B_SPLINE_SURFACE_WITH_KNOTS('',1,1,(
    (#457,#458)
    ,(#459,#460
    )),.UNSPECIFIED.,.F.,.F.,.F.,(2,2),(2,2),(0.,2.575599409674E-03),(0.
    ,1.),.PIECEWISE_BEZIER_KNOTS.);
#457 = CARTESIAN_POINT('',(209.07484590091,0.,2.234562448339));
#458 = CARTESIAN_POINT('',(147.31990754054,700.,38.026182967132));
#459 = CARTESIAN_POINT('',(206.54649454309,0.,2.725634470078));
#460 = CARTESIAN_POINT('',(145.80289672585,700.,38.320826180176));
#461 = DEFINITIONAL_REPRESENTATION('',(#462),#465);
#462 = B_SPLINE_CURVE_WITH_KNOTS('',1,(#463,#464),.UNSPECIFIED.,.F.,.F.,
  (2,2),(0.,1.545359645804),.PIECEWISE_BEZIER_KNOTS.);
#463 = CARTESIAN_POINT('',(0.,1.));
#464 = CARTESIAN_POINT('',(2.575599409674E-03,1.));
#465 = ( GEOMETRIC_REPRESENTATION_CONTEXT(2) 
PARAMETRIC_REPRESENTATION_CONTEXT() REPRESENTATION_CONTEXT('2D SPACE',''
  ) );
#466 = ORIENTED_EDGE('',*,*,#467,.T.);
#467 = EDGE_CURVE('',#441,#468,#470,.T.);
#468 = VERTEX_POINT('',#469);
#469 = CARTESIAN_POINT('',(144.12120259249,700.,38.641804811433));
#470 = SURFACE_CURVE('',#471,(#475,#482),.PCURVE_S1.);
#471 = LINE('',#472,#473);
#472 = CARTESIAN_POINT('',(145.80289672585,700.,38.320826180176));
#473 = VECTOR('',#474,1.);
#474 = DIRECTION('',(-0.982268074633,0.,0.187481811269));
#475 = PCURVE('',#94,#476);
#476 = DEFINITIONAL_REPRESENTATION('',(#477),#481);
#477 = LINE('',#478,#479);
#478 = CARTESIAN_POINT('',(7.331249652304,1.479589266182));
#479 = VECTOR('',#480,1.);
#480 = DIRECTION('',(0.982031614553,0.188716475217));
#481 = ( GEOMETRIC_REPRESENTATION_CONTEXT(2) 
PARAMETRIC_REPRESENTATION_CONTEXT() REPRESENTATION_CONTEXT('2D SPACE',''
  ) );
#482 = PCURVE('',#483,#488);
#483 = B_SPLINE_SURFACE_WITH_KNOTS('',1,1,(
    (#484,#485)
    ,(#486,#487
    )),.UNSPECIFIED.,.F.,.F.,.F.,(2,2),(2,2),(0.,2.853420189443E-03),(0.
    ,1.),.PIECEWISE_BEZIER_KNOTS.);
#484 = CARTESIAN_POINT('',(206.54649454309,0.,2.725634470078));
#485 = CARTESIAN_POINT('',(145.80289672585,700.,38.320826180176));
#486 = CARTESIAN_POINT('',(203.74367098749,0.,3.260598855507));
#487 = CARTESIAN_POINT('',(144.12120259249,700.,38.641804811433));
#488 = DEFINITIONAL_REPRESENTATION('',(#489),#492);
#489 = B_SPLINE_CURVE_WITH_KNOTS('',1,(#490,#491),.UNSPECIFIED.,.F.,.F.,
  (2,2),(0.,1.712052113666),.PIECEWISE_BEZIER_KNOTS.);
#490 = CARTESIAN_POINT('',(0.,1.));
#491 = CARTESIAN_POINT('',(2.853420189443E-03,1.));
#492 = ( GEOMETRIC_REPRESENTATION_CONTEXT(2) 
PARAMETRIC_REPRESENTATION_CONTEXT() REPRESENTATION_CONTEXT('2D SPACE',''
  ) );
#493 = ORIENTED_EDGE('',*,*,#494,.T.);
#494 = EDGE_CURVE('',#468,#495,#497,.T.);
#495 = VERTEX_POINT('',#496);
#496 = CARTESIAN_POINT('',(142.27937229801,700.,38.98662868135));
#497 = SURFACE_CURVE('',#498,(#502,#509),.PCURVE_S1.);
#498 = LINE('',#499,#500);
#499 = CARTESIAN_POINT('',(144.12120259249,700.,38.641804811433));
#500 = VECTOR('',#501,1.);
#501 = DIRECTION('',(-0.982922349105,0.,0.184020802167));
#502 = PCURVE('',#94,#503);
#503 = DEFINITIONAL_REPRESENTATION('',(#504),#508);
#504 = LINE('',#505,#506);
#505 = CARTESIAN_POINT('',(9.012538953686,1.80268170646));
#506 = VECTOR('',#507,1.);
#507 = DIRECTION('',(0.982690239353,0.18525629134));
#508 = ( GEOMETRIC_REPRESENTATION_CONTEXT(2) 
PARAMETRIC_REPRESENTATION_CONTEXT() REPRESENTATION_CONTEXT('2D SPACE',''
  ) );
#509 = PCURVE('',#510,#515);
#510 = B_SPLINE_SURFACE_WITH_KNOTS('',1,1,(
    (#511,#512)
    ,(#513,#514
    )),.UNSPECIFIED.,.F.,.F.,.F.,(2,2),(2,2),(0.,3.123051541425E-03),(0.
    ,1.),.PIECEWISE_BEZIER_KNOTS.);
#511 = CARTESIAN_POINT('',(203.74367098749,0.,3.260598855507));
#512 = CARTESIAN_POINT('',(144.12120259249,700.,38.641804811433));
#513 = CARTESIAN_POINT('',(200.67395383002,0.,3.835305305369));
#514 = CARTESIAN_POINT('',(142.27937229801,700.,38.98662868135));
#515 = DEFINITIONAL_REPRESENTATION('',(#516),#519);
#516 = B_SPLINE_CURVE_WITH_KNOTS('',1,(#517,#518),.UNSPECIFIED.,.F.,.F.,
  (2,2),(0.,1.873830924855),.PIECEWISE_BEZIER_KNOTS.);
#517 = CARTESIAN_POINT('',(0.,1.));
#518 = CARTESIAN_POINT('',(3.123051541425E-03,1.));
#519 = ( GEOMETRIC_REPRESENTATION_CONTEXT(2) 
PARAMETRIC_REPRESENTATION_CONTEXT() REPRESENTATION_CONTEXT('2D SPACE',''
  ) );
#520 = ORIENTED_EDGE('',*,*,#521,.T.);
#521 = EDGE_CURVE('',#495,#522,#524,.T.);
#522 = VERTEX_POINT('',#523);
#523 = CARTESIAN_POINT('',(140.28240297424,700.,39.352676030196));
#524 = SURFACE_CURVE('',#525,(#529,#536),.PCURVE_S1.);
#525 = LINE('',#526,#527);
#526 = CARTESIAN_POINT('',(142.27937229801,700.,38.98662868135));
#527 = VECTOR('',#528,1.);
#528 = DIRECTION('',(-0.983612121512,0.,0.180297516385));
#529 = PCURVE('',#94,#530);
#530 = DEFINITIONAL_REPRESENTATION('',(#531),#535);
#531 = LINE('',#532,#533);
#532 = CARTESIAN_POINT('',(10.853934313739,2.149820674197));
#533 = VECTOR('',#534,1.);
#534 = DIRECTION('',(0.983384691768,0.181533875615));
#535 = ( GEOMETRIC_REPRESENTATION_CONTEXT(2) 
PARAMETRIC_REPRESENTATION_CONTEXT() REPRESENTATION_CONTEXT('2D SPACE',''
  ) );
#536 = PCURVE('',#537,#542);
#537 = B_SPLINE_SURFACE_WITH_KNOTS('',1,1,(
    (#538,#539)
    ,(#540,#541
    )),.UNSPECIFIED.,.F.,.F.,.F.,(2,2),(2,2),(0.,3.383734435029E-03),(0.
    ,1.),.PIECEWISE_BEZIER_KNOTS.);
#538 = CARTESIAN_POINT('',(200.67395383002,0.,3.835305305369));
#539 = CARTESIAN_POINT('',(142.27937229801,700.,38.98662868135));
#540 = CARTESIAN_POINT('',(197.34567162374,0.,4.445384220112));
#541 = CARTESIAN_POINT('',(140.28240297424,700.,39.352676030196));
#542 = DEFINITIONAL_REPRESENTATION('',(#543),#546);
#543 = B_SPLINE_CURVE_WITH_KNOTS('',1,(#544,#545),.UNSPECIFIED.,.F.,.F.,
  (2,2),(0.,2.030240661018),.PIECEWISE_BEZIER_KNOTS.);
#544 = CARTESIAN_POINT('',(0.,1.));
#545 = CARTESIAN_POINT('',(3.383734435029E-03,1.));
#546 = ( GEOMETRIC_REPRESENTATION_CONTEXT(2) 
PARAMETRIC_REPRESENTATION_CONTEXT() REPRESENTATION_CONTEXT('2D SPACE',''
  ) );
#547 = ORIENTED_EDGE('',*,*,#548,.T.);
#548 = EDGE_CURVE('',#522,#549,#551,.T.);
#549 = VERTEX_POINT('',#550);
#550 = CARTESIAN_POINT('',(138.1357314659,700.,39.737220331454));
#551 = SURFACE_CURVE('',#552,(#556,#563),.PCURVE_S1.);
#552 = LINE('',#553,#554);
#553 = CARTESIAN_POINT('',(140.28240297424,700.,39.352676030196));
#554 = VECTOR('',#555,1.);
#555 = DIRECTION('',(-0.984331405101,0.,0.176328344094));
#556 = PCURVE('',#94,#557);
#557 = DEFINITIONAL_REPRESENTATION('',(#558),#562);
#558 = LINE('',#559,#560);
#559 = CARTESIAN_POINT('',(12.850441900389,2.518378129823));
#560 = VECTOR('',#561,1.);
#561 = DIRECTION('',(0.984108964448,0.177565610674));
#562 = ( GEOMETRIC_REPRESENTATION_CONTEXT(2) 
PARAMETRIC_REPRESENTATION_CONTEXT() REPRESENTATION_CONTEXT('2D SPACE',''
  ) );
#563 = PCURVE('',#564,#569);
#564 = B_SPLINE_SURFACE_WITH_KNOTS('',1,1,(
    (#565,#566)
    ,(#567,#568
    )),.UNSPECIFIED.,.F.,.F.,.F.,(2,2),(2,2),(0.,3.634737069954E-03),(0.
    ,1.),.PIECEWISE_BEZIER_KNOTS.);
#565 = CARTESIAN_POINT('',(197.34567162374,0.,4.445384220112));
#566 = CARTESIAN_POINT('',(140.28240297424,700.,39.352676030196));
#567 = CARTESIAN_POINT('',(193.7678857765,0.,5.086291388876));
#568 = CARTESIAN_POINT('',(138.1357314659,700.,39.737220331454));
#569 = DEFINITIONAL_REPRESENTATION('',(#570),#573);
#570 = B_SPLINE_CURVE_WITH_KNOTS('',1,(#571,#572),.UNSPECIFIED.,.F.,.F.,
  (2,2),(0.,2.180842241972),.PIECEWISE_BEZIER_KNOTS.);
#571 = CARTESIAN_POINT('',(0.,1.));
#572 = CARTESIAN_POINT('',(3.634737069954E-03,1.));
#573 = ( GEOMETRIC_REPRESENTATION_CONTEXT(2) 
PARAMETRIC_REPRESENTATION_CONTEXT() REPRESENTATION_CONTEXT('2D SPACE',''
  ) );
#574 = ORIENTED_EDGE('',*,*,#575,.T.);
#575 = EDGE_CURVE('',#549,#576,#578,.T.);
#576 = VERTEX_POINT('',#577);
#577 = CARTESIAN_POINT('',(135.84522256253,700.,40.137455055883));
#578 = SURFACE_CURVE('',#579,(#583,#590),.PCURVE_S1.);
#579 = LINE('',#580,#581);
#580 = CARTESIAN_POINT('',(138.1357314659,700.,39.737220331454));
#581 = VECTOR('',#582,1.);
#582 = DIRECTION('',(-0.985074566638,0.,0.172128144597));
#583 = PCURVE('',#94,#584);
#584 = DEFINITIONAL_REPRESENTATION('',(#585),#589);
#585 = LINE('',#586,#587);
#586 = CARTESIAN_POINT('',(14.99662830076,2.905620714302));
#587 = VECTOR('',#588,1.);
#588 = DIRECTION('',(0.98485740548,0.173366348726));
#589 = ( GEOMETRIC_REPRESENTATION_CONTEXT(2) 
PARAMETRIC_REPRESENTATION_CONTEXT() REPRESENTATION_CONTEXT('2D SPACE',''
  ) );
#590 = PCURVE('',#591,#596);
#591 = B_SPLINE_SURFACE_WITH_KNOTS('',1,1,(
    (#592,#593)
    ,(#594,#595
    )),.UNSPECIFIED.,.F.,.F.,.F.,(2,2),(2,2),(0.,3.875356209811E-03),(0.
    ,1.),.PIECEWISE_BEZIER_KNOTS.);
#592 = CARTESIAN_POINT('',(193.7678857765,0.,5.086291388876));
#593 = CARTESIAN_POINT('',(138.1357314659,700.,39.737220331454));
#594 = CARTESIAN_POINT('',(189.95037093755,0.,5.753349262923));
#595 = CARTESIAN_POINT('',(135.84522256253,700.,40.137455055883));
#596 = DEFINITIONAL_REPRESENTATION('',(#597),#600);
#597 = B_SPLINE_CURVE_WITH_KNOTS('',1,(#598,#599),.UNSPECIFIED.,.F.,.F.,
  (2,2),(0.,2.325213725887),.PIECEWISE_BEZIER_KNOTS.);
#598 = CARTESIAN_POINT('',(0.,1.));
#599 = CARTESIAN_POINT('',(3.875356209811E-03,1.));
#600 = ( GEOMETRIC_REPRESENTATION_CONTEXT(2) 
PARAMETRIC_REPRESENTATION_CONTEXT() REPRESENTATION_CONTEXT('2D SPACE',''
  ) );
#601 = ORIENTED_EDGE('',*,*,#602,.T.);
#602 = EDGE_CURVE('',#576,#603,#605,.T.);
#603 = VERTEX_POINT('',#604);
#604 = CARTESIAN_POINT('',(133.41715570971,700.,40.550515831194));
#605 = SURFACE_CURVE('',#606,(#610,#617),.PCURVE_S1.);
#606 = LINE('',#607,#608);
#607 = CARTESIAN_POINT('',(135.84522256253,700.,40.137455055883));
#608 = VECTOR('',#609,1.);
#609 = DIRECTION('',(-0.985836425206,0.,0.1677096978));
#610 = PCURVE('',#94,#611);
#611 = DEFINITIONAL_REPRESENTATION('',(#612),#616);
#612 = LINE('',#613,#614);
#613 = CARTESIAN_POINT('',(17.286632258024,3.308734527966));
#614 = VECTOR('',#615,1.);
#615 = DIRECTION('',(0.985624817889,0.168948863155));
#616 = ( GEOMETRIC_REPRESENTATION_CONTEXT(2) 
PARAMETRIC_REPRESENTATION_CONTEXT() REPRESENTATION_CONTEXT('2D SPACE',''
  ) );
#617 = PCURVE('',#618,#623);
#618 = B_SPLINE_SURFACE_WITH_KNOTS('',1,1,(
    (#619,#620)
    ,(#621,#622
    )),.UNSPECIFIED.,.F.,.F.,.F.,(2,2),(2,2),(0.,4.104918406914E-03),(0.
    ,1.),.PIECEWISE_BEZIER_KNOTS.);
#619 = CARTESIAN_POINT('',(189.95037093755,0.,5.753349262923));
#620 = CARTESIAN_POINT('',(135.84522256253,700.,40.137455055883));
#621 = CARTESIAN_POINT('',(185.90359284952,0.,6.441783888441));
#622 = CARTESIAN_POINT('',(133.41715570971,700.,40.550515831194));
#623 = DEFINITIONAL_REPRESENTATION('',(#624),#627);
#624 = B_SPLINE_CURVE_WITH_KNOTS('',1,(#625,#626),.UNSPECIFIED.,.F.,.F.,
  (2,2),(0.,2.462951044148),.PIECEWISE_BEZIER_KNOTS.);
#625 = CARTESIAN_POINT('',(0.,1.));
#626 = CARTESIAN_POINT('',(4.104918406914E-03,1.));
#627 = ( GEOMETRIC_REPRESENTATION_CONTEXT(2) 
PARAMETRIC_REPRESENTATION_CONTEXT() REPRESENTATION_CONTEXT('2D SPACE',''
  ) );
#628 = ORIENTED_EDGE('',*,*,#629,.T.);
#629 = EDGE_CURVE('',#603,#630,#632,.T.);
#630 = VERTEX_POINT('',#631);
#631 = CARTESIAN_POINT('',(130.85821021666,700.,40.973499618653));
#632 = SURFACE_CURVE('',#633,(#637,#644),.PCURVE_S1.);
#633 = LINE('',#634,#635);
#634 = CARTESIAN_POINT('',(133.41715570971,700.,40.550515831194));
#635 = VECTOR('',#636,1.);
#636 = DIRECTION('',(-0.986612320188,0.,0.16308319856));
#637 = PCURVE('',#94,#638);
#638 = DEFINITIONAL_REPRESENTATION('',(#639),#643);
#639 = LINE('',#640,#641);
#640 = CARTESIAN_POINT('',(19.714177932382,3.724847306881));
#641 = VECTOR('',#642,1.);
#642 = DIRECTION('',(0.986406528244,0.16432334295));
#643 = ( GEOMETRIC_REPRESENTATION_CONTEXT(2) 
PARAMETRIC_REPRESENTATION_CONTEXT() REPRESENTATION_CONTEXT('2D SPACE',''
  ) );
#644 = PCURVE('',#645,#650);
#645 = B_SPLINE_SURFACE_WITH_KNOTS('',1,1,(
    (#646,#647)
    ,(#648,#649
    )),.UNSPECIFIED.,.F.,.F.,.F.,(2,2),(2,2),(0.,4.322781165217E-03),(0.
    ,1.),.PIECEWISE_BEZIER_KNOTS.);
#646 = CARTESIAN_POINT('',(185.90359284952,0.,6.441783888441));
#647 = CARTESIAN_POINT('',(133.41715570971,700.,40.550515831194));
#648 = CARTESIAN_POINT('',(181.63868369444,0.,7.146756867541));
#649 = CARTESIAN_POINT('',(130.85821021666,700.,40.973499618653));
#650 = DEFINITIONAL_REPRESENTATION('',(#651),#654);
#651 = B_SPLINE_CURVE_WITH_KNOTS('',1,(#652,#653),.UNSPECIFIED.,.F.,.F.,
  (2,2),(0.,2.59366869913),.PIECEWISE_BEZIER_KNOTS.);
#652 = CARTESIAN_POINT('',(0.,1.));
#653 = CARTESIAN_POINT('',(4.322781165217E-03,1.));
#654 = ( GEOMETRIC_REPRESENTATION_CONTEXT(2) 
PARAMETRIC_REPRESENTATION_CONTEXT() REPRESENTATION_CONTEXT('2D SPACE',''
  ) );
#655 = ORIENTED_EDGE('',*,*,#656,.T.);
#656 = EDGE_CURVE('',#630,#657,#659,.T.);
#657 = VERTEX_POINT('',#658);
#658 = CARTESIAN_POINT('',(128.17544900733,700.,41.40348072105));
#659 = SURFACE_CURVE('',#660,(#664,#671),.PCURVE_S1.);
#660 = LINE('',#661,#662);
#661 = CARTESIAN_POINT('',(130.85821021666,700.,40.973499618653));
#662 = VECTOR('',#663,1.);
#663 = DIRECTION('',(-0.987398146225,0.,0.158255808211));
#664 = PCURVE('',#94,#665);
#665 = DEFINITIONAL_REPRESENTATION('',(#666),#670);
#666 = LINE('',#667,#668);
#667 = CARTESIAN_POINT('',(22.272589669305,4.151047618027));
#668 = VECTOR('',#669,1.);
#669 = DIRECTION('',(0.987198422185,0.159496944279));
#670 = ( GEOMETRIC_REPRESENTATION_CONTEXT(2) 
PARAMETRIC_REPRESENTATION_CONTEXT() REPRESENTATION_CONTEXT('2D SPACE',''
  ) );
#671 = PCURVE('',#672,#677);
#672 = B_SPLINE_SURFACE_WITH_KNOTS('',1,1,(
    (#673,#674)
    ,(#675,#676
    )),.UNSPECIFIED.,.F.,.F.,.F.,(2,2),(2,2),(0.,4.528334086215E-03),(0.
    ,1.),.PIECEWISE_BEZIER_KNOTS.);
#673 = CARTESIAN_POINT('',(181.63868369444,0.,7.146756867541));
#674 = CARTESIAN_POINT('',(130.85821021666,700.,40.973499618653));
#675 = CARTESIAN_POINT('',(177.16741501222,0.,7.863392038203));
#676 = CARTESIAN_POINT('',(128.17544900733,700.,41.40348072105));
#677 = DEFINITIONAL_REPRESENTATION('',(#678),#681);
#678 = B_SPLINE_CURVE_WITH_KNOTS('',1,(#679,#680),.UNSPECIFIED.,.F.,.F.,
  (2,2),(0.,2.717000451729),.PIECEWISE_BEZIER_KNOTS.);
#679 = CARTESIAN_POINT('',(0.,1.));
#680 = CARTESIAN_POINT('',(4.528334086215E-03,1.));
#681 = ( GEOMETRIC_REPRESENTATION_CONTEXT(2) 
PARAMETRIC_REPRESENTATION_CONTEXT() REPRESENTATION_CONTEXT('2D SPACE',''
  ) );
#682 = ORIENTED_EDGE('',*,*,#683,.T.);
#683 = EDGE_CURVE('',#657,#684,#686,.T.);
#684 = VERTEX_POINT('',#685);
#685 = CARTESIAN_POINT('',(125.37630098733,700.,41.83752363669));
#686 = SURFACE_CURVE('',#687,(#691,#698),.PCURVE_S1.);
#687 = LINE('',#688,#689);
#688 = CARTESIAN_POINT('',(128.17544900733,700.,41.40348072105));
#689 = VECTOR('',#690,1.);
#690 = DIRECTION('',(-0.988190354176,0.,0.153231275899));
#691 = PCURVE('',#94,#692);
#692 = DEFINITIONAL_REPRESENTATION('',(#693),#697);
#693 = LINE('',#694,#695);
#694 = CARTESIAN_POINT('',(24.954808228329,4.584400887684));
#695 = VECTOR('',#696,1.);
#696 = DIRECTION('',(0.987996945865,0.154473411824));
#697 = ( GEOMETRIC_REPRESENTATION_CONTEXT(2) 
PARAMETRIC_REPRESENTATION_CONTEXT() REPRESENTATION_CONTEXT('2D SPACE',''
  ) );
#698 = PCURVE('',#699,#704);
#699 = B_SPLINE_SURFACE_WITH_KNOTS('',1,1,(
    (#700,#701)
    ,(#702,#703
    )),.UNSPECIFIED.,.F.,.F.,.F.,(2,2),(2,2),(0.,4.721000038387E-03),(0.
    ,1.),.PIECEWISE_BEZIER_KNOTS.);
#700 = CARTESIAN_POINT('',(177.16741501222,0.,7.863392038203));
#701 = CARTESIAN_POINT('',(128.17544900733,700.,41.40348072105));
#702 = CARTESIAN_POINT('',(172.50216831223,0.,8.586796897602));
#703 = CARTESIAN_POINT('',(125.37630098733,700.,41.83752363669));
#704 = DEFINITIONAL_REPRESENTATION('',(#705),#708);
#705 = B_SPLINE_CURVE_WITH_KNOTS('',1,(#706,#707),.UNSPECIFIED.,.F.,.F.,
  (2,2),(0.,2.832600023032),.PIECEWISE_BEZIER_KNOTS.);
#706 = CARTESIAN_POINT('',(0.,1.));
#707 = CARTESIAN_POINT('',(4.721000038387E-03,1.));
#708 = ( GEOMETRIC_REPRESENTATION_CONTEXT(2) 
PARAMETRIC_REPRESENTATION_CONTEXT() REPRESENTATION_CONTEXT('2D SPACE',''
  ) );
#709 = ORIENTED_EDGE('',*,*,#710,.T.);
#710 = EDGE_CURVE('',#684,#711,#713,.T.);
#711 = VERTEX_POINT('',#712);
#712 = CARTESIAN_POINT('',(122.46854211873,700.,42.272692971141));
#713 = SURFACE_CURVE('',#714,(#718,#725),.PCURVE_S1.);
#714 = LINE('',#715,#716);
#715 = CARTESIAN_POINT('',(125.37630098733,700.,41.83752363669));
#716 = VECTOR('',#717,1.);
#717 = DIRECTION('',(-0.988985918211,0.,0.148009640159));
#718 = PCURVE('',#94,#719);
#719 = DEFINITIONAL_REPRESENTATION('',(#720),#724);
#720 = LINE('',#721,#722);
#721 = CARTESIAN_POINT('',(27.753408399943,5.021962277576));
#722 = VECTOR('',#723,1.);
#723 = DIRECTION('',(0.988799073406,0.149252780316));
#724 = ( GEOMETRIC_REPRESENTATION_CONTEXT(2) 
PARAMETRIC_REPRESENTATION_CONTEXT() REPRESENTATION_CONTEXT('2D SPACE',''
  ) );
#725 = PCURVE('',#726,#731);
#726 = B_SPLINE_SURFACE_WITH_KNOTS('',1,1,(
    (#727,#728)
    ,(#729,#730
    )),.UNSPECIFIED.,.F.,.F.,.F.,(2,2),(2,2),(0.,4.900236385331E-03),(0.
    ,1.),.PIECEWISE_BEZIER_KNOTS.);
#727 = CARTESIAN_POINT('',(172.50216831223,0.,8.586796897602));
#728 = CARTESIAN_POINT('',(125.37630098733,700.,41.83752363669));
#729 = CARTESIAN_POINT('',(167.65590353123,0.,9.312079121687));
#730 = CARTESIAN_POINT('',(122.46854211873,700.,42.272692971141));
#731 = DEFINITIONAL_REPRESENTATION('',(#732),#735);
#732 = B_SPLINE_CURVE_WITH_KNOTS('',1,(#733,#734),.UNSPECIFIED.,.F.,.F.,
  (2,2),(0.,2.940141831199),.PIECEWISE_BEZIER_KNOTS.);
#733 = CARTESIAN_POINT('',(0.,1.));
#734 = CARTESIAN_POINT('',(4.900236385331E-03,1.));
#735 = ( GEOMETRIC_REPRESENTATION_CONTEXT(2) 
PARAMETRIC_REPRESENTATION_CONTEXT() REPRESENTATION_CONTEXT('2D SPACE',''
  ) );
#736 = ORIENTED_EDGE('',*,*,#737,.T.);
#737 = EDGE_CURVE('',#711,#738,#740,.T.);
#738 = VERTEX_POINT('',#739);
#739 = CARTESIAN_POINT('',(119.46027530708,700.,42.706060802238));
#740 = SURFACE_CURVE('',#741,(#745,#752),.PCURVE_S1.);
#741 = LINE('',#742,#743);
#742 = CARTESIAN_POINT('',(122.46854211873,700.,42.272692971141));
#743 = VECTOR('',#744,1.);
#744 = DIRECTION('',(-0.98978227007,0.,0.142587018537));
#745 = PCURVE('',#94,#746);
#746 = DEFINITIONAL_REPRESENTATION('',(#747),#751);
#747 = LINE('',#748,#749);
#748 = CARTESIAN_POINT('',(30.660617918313,5.460786620407));
#749 = VECTOR('',#750,1.);
#750 = DIRECTION('',(0.989602241429,0.143831164076));
#751 = ( GEOMETRIC_REPRESENTATION_CONTEXT(2) 
PARAMETRIC_REPRESENTATION_CONTEXT() REPRESENTATION_CONTEXT('2D SPACE',''
  ) );
#752 = PCURVE('',#753,#758);
#753 = B_SPLINE_SURFACE_WITH_KNOTS('',1,1,(
    (#754,#755)
    ,(#756,#757
    )),.UNSPECIFIED.,.F.,.F.,.F.,(2,2),(2,2),(0.,5.065536301298E-03),(0.
    ,1.),.PIECEWISE_BEZIER_KNOTS.);
#754 = CARTESIAN_POINT('',(167.65590353123,0.,9.312079121687));
#755 = CARTESIAN_POINT('',(122.46854211873,700.,42.272692971141));
#756 = CARTESIAN_POINT('',(162.64212551181,0.,10.034358840182));
#757 = CARTESIAN_POINT('',(119.46027530708,700.,42.706060802238));
#758 = DEFINITIONAL_REPRESENTATION('',(#759),#762);
#759 = B_SPLINE_CURVE_WITH_KNOTS('',1,(#760,#761),.UNSPECIFIED.,.F.,.F.,
  (2,2),(0.,3.039321780779),.PIECEWISE_BEZIER_KNOTS.);
#760 = CARTESIAN_POINT('',(0.,1.));
#761 = CARTESIAN_POINT('',(5.065536301298E-03,1.));
#762 = ( GEOMETRIC_REPRESENTATION_CONTEXT(2) 
PARAMETRIC_REPRESENTATION_CONTEXT() REPRESENTATION_CONTEXT('2D SPACE',''
  ) );
#763 = ORIENTED_EDGE('',*,*,#764,.T.);
#764 = EDGE_CURVE('',#738,#765,#767,.T.);
#765 = VERTEX_POINT('',#766);
#766 = CARTESIAN_POINT('',(116.35990920942,700.,43.134712054616));
#767 = SURFACE_CURVE('',#768,(#772,#779),.PCURVE_S1.);
#768 = LINE('',#769,#770);
#769 = CARTESIAN_POINT('',(119.46027530708,700.,42.706060802238));
#770 = VECTOR('',#771,1.);
#771 = DIRECTION('',(-0.99057720231,0.,0.136955490084));
#772 = PCURVE('',#94,#773);
#773 = DEFINITIONAL_REPRESENTATION('',(#774),#778);
#774 = LINE('',#775,#776);
#775 = CARTESIAN_POINT('',(33.668337564995,5.897935810137));
#776 = VECTOR('',#777,1.);
#777 = DIRECTION('',(0.990404252451,0.138200639385));
#778 = ( GEOMETRIC_REPRESENTATION_CONTEXT(2) 
PARAMETRIC_REPRESENTATION_CONTEXT() REPRESENTATION_CONTEXT('2D SPACE',''
  ) );
#779 = PCURVE('',#780,#785);
#780 = B_SPLINE_SURFACE_WITH_KNOTS('',1,1,(
    (#781,#782)
    ,(#783,#784
    )),.UNSPECIFIED.,.F.,.F.,.F.,(2,2),(2,2),(0.,5.216430195842E-03),(0.
    ,1.),.PIECEWISE_BEZIER_KNOTS.);
#781 = CARTESIAN_POINT('',(162.64212551181,0.,10.034358840182));
#782 = CARTESIAN_POINT('',(119.46027530708,700.,42.706060802238));
#783 = CARTESIAN_POINT('',(157.47484868237,0.,10.748777594145));
#784 = CARTESIAN_POINT('',(116.35990920942,700.,43.134712054616));
#785 = DEFINITIONAL_REPRESENTATION('',(#786),#789);
#786 = B_SPLINE_CURVE_WITH_KNOTS('',1,(#787,#788),.UNSPECIFIED.,.F.,.F.,
  (2,2),(0.,3.129858117505),.PIECEWISE_BEZIER_KNOTS.);
#787 = CARTESIAN_POINT('',(0.,1.));
#788 = CARTESIAN_POINT('',(5.216430195842E-03,1.));
#789 = ( GEOMETRIC_REPRESENTATION_CONTEXT(2) 
PARAMETRIC_REPRESENTATION_CONTEXT() REPRESENTATION_CONTEXT('2D SPACE',''
  ) );
#790 = ORIENTED_EDGE('',*,*,#791,.T.);
#791 = EDGE_CURVE('',#765,#792,#794,.T.);
#792 = VERTEX_POINT('',#793);
#793 = CARTESIAN_POINT('',(113.17613606857,700.,43.555748569253));
#794 = SURFACE_CURVE('',#795,(#799,#806),.PCURVE_S1.);
#795 = LINE('',#796,#797);
#796 = CARTESIAN_POINT('',(116.35990920942,700.,43.134712054616));
#797 = VECTOR('',#798,1.);
#798 = DIRECTION('',(-0.991368742919,0.,0.13110307229));
#799 = PCURVE('',#94,#800);
#800 = DEFINITIONAL_REPRESENTATION('',(#801),#805);
#801 = LINE('',#802,#803);
#802 = CARTESIAN_POINT('',(36.768162354141,6.33048420316));
#803 = VECTOR('',#804,1.);
#804 = DIRECTION('',(0.991203149527,0.132349221262));
#805 = ( GEOMETRIC_REPRESENTATION_CONTEXT(2) 
PARAMETRIC_REPRESENTATION_CONTEXT() REPRESENTATION_CONTEXT('2D SPACE',''
  ) );
#806 = PCURVE('',#807,#812);
#807 = B_SPLINE_SURFACE_WITH_KNOTS('',1,1,(
    (#808,#809)
    ,(#810,#811
    )),.UNSPECIFIED.,.F.,.F.,.F.,(2,2),(2,2),(0.,5.352487261661E-03),(0.
    ,1.),.PIECEWISE_BEZIER_KNOTS.);
#808 = CARTESIAN_POINT('',(157.47484868237,0.,10.748777594145));
#809 = CARTESIAN_POINT('',(116.35990920942,700.,43.134712054616));
#810 = CARTESIAN_POINT('',(152.16856011428,0.,11.45050511854));
#811 = CARTESIAN_POINT('',(113.17613606857,700.,43.555748569253));
#812 = DEFINITIONAL_REPRESENTATION('',(#813),#816);
#813 = B_SPLINE_CURVE_WITH_KNOTS('',1,(#814,#815),.UNSPECIFIED.,.F.,.F.,
  (2,2),(0.,3.211492356997),.PIECEWISE_BEZIER_KNOTS.);
#814 = CARTESIAN_POINT('',(0.,1.));
#815 = CARTESIAN_POINT('',(5.352487261661E-03,1.));
#816 = ( GEOMETRIC_REPRESENTATION_CONTEXT(2) 
PARAMETRIC_REPRESENTATION_CONTEXT() REPRESENTATION_CONTEXT('2D SPACE',''
  ) );
#817 = ORIENTED_EDGE('',*,*,#818,.T.);
#818 = EDGE_CURVE('',#792,#819,#821,.T.);
#819 = VERTEX_POINT('',#820);
#820 = CARTESIAN_POINT('',(109.91790866816,700.,43.966292643761));
#821 = SURFACE_CURVE('',#822,(#826,#833),.PCURVE_S1.);
#822 = LINE('',#823,#824);
#823 = CARTESIAN_POINT('',(113.17613606857,700.,43.555748569253));
#824 = VECTOR('',#825,1.);
#825 = DIRECTION('',(-0.992155004101,0.,0.125013790589));
#826 = PCURVE('',#94,#827);
#827 = DEFINITIONAL_REPRESENTATION('',(#828),#832);
#828 = LINE('',#829,#830);
#829 = CARTESIAN_POINT('',(39.951403693077,6.755522715697));
#830 = VECTOR('',#831,1.);
#831 = DIRECTION('',(0.991997064941,0.126260932784));
#832 = ( GEOMETRIC_REPRESENTATION_CONTEXT(2) 
PARAMETRIC_REPRESENTATION_CONTEXT() REPRESENTATION_CONTEXT('2D SPACE',''
  ) );
#833 = PCURVE('',#834,#839);
#834 = B_SPLINE_SURFACE_WITH_KNOTS('',1,1,(
    (#835,#836)
    ,(#837,#838
    )),.UNSPECIFIED.,.F.,.F.,.F.,(2,2),(2,2),(0.,5.473317151295E-03),(0.
    ,1.),.PIECEWISE_BEZIER_KNOTS.);
#835 = CARTESIAN_POINT('',(152.16856011428,0.,11.45050511854));
#836 = CARTESIAN_POINT('',(113.17613606857,700.,43.555748569253));
#837 = CARTESIAN_POINT('',(146.7381811136,0.,12.13474524272));
#838 = CARTESIAN_POINT('',(109.91790866816,700.,43.966292643761));
#839 = DEFINITIONAL_REPRESENTATION('',(#840),#843);
#840 = B_SPLINE_CURVE_WITH_KNOTS('',1,(#841,#842),.UNSPECIFIED.,.F.,.F.,
  (2,2),(0.,3.283990290777),.PIECEWISE_BEZIER_KNOTS.);
#841 = CARTESIAN_POINT('',(0.,1.));
#842 = CARTESIAN_POINT('',(5.473317151295E-03,1.));
#843 = ( GEOMETRIC_REPRESENTATION_CONTEXT(2) 
PARAMETRIC_REPRESENTATION_CONTEXT() REPRESENTATION_CONTEXT('2D SPACE',''
  ) );
#844 = ORIENTED_EDGE('',*,*,#845,.T.);
#845 = EDGE_CURVE('',#819,#846,#848,.T.);
#846 = VERTEX_POINT('',#847);
#847 = CARTESIAN_POINT('',(106.59441648581,700.,44.36349086519));
#848 = SURFACE_CURVE('',#849,(#853,#860),.PCURVE_S1.);
#849 = LINE('',#850,#851);
#850 = CARTESIAN_POINT('',(109.91790866816,700.,43.966292643761));
#851 = VECTOR('',#852,1.);
#852 = DIRECTION('',(-0.992934008342,0.,0.118667835058));
#853 = PCURVE('',#94,#854);
#854 = DEFINITIONAL_REPRESENTATION('',(#855),#859);
#855 = LINE('',#856,#857);
#856 = CARTESIAN_POINT('',(43.209112422824,7.170162393065));
#857 = VECTOR('',#858,1.);
#858 = DIRECTION('',(0.992784046087,0.119915961556));
#859 = ( GEOMETRIC_REPRESENTATION_CONTEXT(2) 
PARAMETRIC_REPRESENTATION_CONTEXT() REPRESENTATION_CONTEXT('2D SPACE',''
  ) );
#860 = PCURVE('',#861,#866);
#861 = B_SPLINE_SURFACE_WITH_KNOTS('',1,1,(
    (#862,#863)
    ,(#864,#865
    )),.UNSPECIFIED.,.F.,.F.,.F.,(2,2),(2,2),(0.,5.578571778892E-03),(0.
    ,1.),.PIECEWISE_BEZIER_KNOTS.);
#862 = CARTESIAN_POINT('',(146.7381811136,0.,12.13474524272));
#863 = CARTESIAN_POINT('',(109.91790866816,700.,43.966292643761));
#864 = CARTESIAN_POINT('',(141.19902747635,0.,12.796742278435));
#865 = CARTESIAN_POINT('',(106.59441648581,700.,44.36349086519));
#866 = DEFINITIONAL_REPRESENTATION('',(#867),#870);
#867 = B_SPLINE_CURVE_WITH_KNOTS('',1,(#868,#869),.UNSPECIFIED.,.F.,.F.,
  (2,2),(0.,3.347143067335),.PIECEWISE_BEZIER_KNOTS.);
#868 = CARTESIAN_POINT('',(0.,1.));
#869 = CARTESIAN_POINT('',(5.578571778892E-03,1.));
#870 = ( GEOMETRIC_REPRESENTATION_CONTEXT(2) 
PARAMETRIC_REPRESENTATION_CONTEXT() REPRESENTATION_CONTEXT('2D SPACE',''
  ) );
#871 = ORIENTED_EDGE('',*,*,#872,.T.);
#872 = EDGE_CURVE('',#846,#873,#875,.T.);
#873 = VERTEX_POINT('',#874);
#874 = CARTESIAN_POINT('',(103.21506110093,700.,44.744519055496));
#875 = SURFACE_CURVE('',#876,(#880,#887),.PCURVE_S1.);
#876 = LINE('',#877,#878);
#877 = CARTESIAN_POINT('',(106.59441648581,700.,44.36349086519));
#878 = VECTOR('',#879,1.);
#879 = DIRECTION('',(-0.993703495061,0.,0.112041795343));
#880 = PCURVE('',#94,#881);
#881 = DEFINITIONAL_REPRESENTATION('',(#882),#886);
#882 = LINE('',#883,#884);
#883 = CARTESIAN_POINT('',(46.532102660044,7.57153827245));
#884 = VECTOR('',#885,1.);
#885 = DIRECTION('',(0.993561861811,0.1132908944));
#886 = ( GEOMETRIC_REPRESENTATION_CONTEXT(2) 
PARAMETRIC_REPRESENTATION_CONTEXT() REPRESENTATION_CONTEXT('2D SPACE',''
  ) );
#887 = PCURVE('',#888,#893);
#888 = B_SPLINE_SURFACE_WITH_KNOTS('',1,1,(
    (#889,#890)
    ,(#891,#892
    )),.UNSPECIFIED.,.F.,.F.,.F.,(2,2),(2,2),(0.,5.667947232548E-03),(0.
    ,1.),.PIECEWISE_BEZIER_KNOTS.);
#889 = CARTESIAN_POINT('',(141.19902747635,0.,12.796742278435));
#890 = CARTESIAN_POINT('',(106.59441648581,700.,44.36349086519));
#891 = CARTESIAN_POINT('',(135.56676850155,0.,13.431789262279));
#892 = CARTESIAN_POINT('',(103.21506110093,700.,44.744519055496));
#893 = DEFINITIONAL_REPRESENTATION('',(#894),#897);
#894 = B_SPLINE_CURVE_WITH_KNOTS('',1,(#895,#896),.UNSPECIFIED.,.F.,.F.,
  (2,2),(0.,3.400768339529),.PIECEWISE_BEZIER_KNOTS.);
#895 = CARTESIAN_POINT('',(0.,1.));
#896 = CARTESIAN_POINT('',(5.667947232548E-03,1.));
#897 = ( GEOMETRIC_REPRESENTATION_CONTEXT(2) 
PARAMETRIC_REPRESENTATION_CONTEXT() REPRESENTATION_CONTEXT('2D SPACE',''
  ) );
#898 = ORIENTED_EDGE('',*,*,#899,.T.);
#899 = EDGE_CURVE('',#873,#900,#902,.T.);
#900 = VERTEX_POINT('',#901);
#901 = CARTESIAN_POINT('',(99.789430889968,700.,45.106589099563));
#902 = SURFACE_CURVE('',#903,(#907,#914),.PCURVE_S1.);
#903 = LINE('',#904,#905);
#904 = CARTESIAN_POINT('',(103.21506110093,700.,44.744519055496));
#905 = VECTOR('',#906,1.);
#906 = DIRECTION('',(-0.994460711259,0.,0.10510896138));
#907 = PCURVE('',#94,#908);
#908 = DEFINITIONAL_REPRESENTATION('',(#909),#913);
#909 = LINE('',#910,#911);
#910 = CARTESIAN_POINT('',(49.910976383055,7.956814359283));
#911 = VECTOR('',#912,1.);
#912 = DIRECTION('',(0.994327792697,0.106359017815));
#913 = ( GEOMETRIC_REPRESENTATION_CONTEXT(2) 
PARAMETRIC_REPRESENTATION_CONTEXT() REPRESENTATION_CONTEXT('2D SPACE',''
  ) );
#914 = PCURVE('',#915,#920);
#915 = B_SPLINE_SURFACE_WITH_KNOTS('',1,1,(
    (#916,#917)
    ,(#918,#919
    )),.UNSPECIFIED.,.F.,.F.,.F.,(2,2),(2,2),(0.,5.741185770641E-03),(0.
    ,1.),.PIECEWISE_BEZIER_KNOTS.);
#916 = CARTESIAN_POINT('',(135.56676850155,0.,13.431789262279));
#917 = CARTESIAN_POINT('',(103.21506110093,700.,44.744519055496));
#918 = CARTESIAN_POINT('',(129.85738481661,0.,14.035239335723));
#919 = CARTESIAN_POINT('',(99.789430889968,700.,45.106589099563));
#920 = DEFINITIONAL_REPRESENTATION('',(#921),#924);
#921 = B_SPLINE_CURVE_WITH_KNOTS('',1,(#922,#923),.UNSPECIFIED.,.F.,.F.,
  (2,2),(0.,3.444711462385),.PIECEWISE_BEZIER_KNOTS.);
#922 = CARTESIAN_POINT('',(0.,1.));
#923 = CARTESIAN_POINT('',(5.741185770641E-03,1.));
#924 = ( GEOMETRIC_REPRESENTATION_CONTEXT(2) 
PARAMETRIC_REPRESENTATION_CONTEXT() REPRESENTATION_CONTEXT('2D SPACE',''
  ) );
#925 = ORIENTED_EDGE('',*,*,#926,.T.);
#926 = EDGE_CURVE('',#900,#927,#929,.T.);
#927 = VERTEX_POINT('',#928);
#928 = CARTESIAN_POINT('',(96.327275019416,700.,45.446958328165));
#929 = SURFACE_CURVE('',#930,(#934,#941),.PCURVE_S1.);
#930 = LINE('',#931,#932);
#931 = CARTESIAN_POINT('',(99.789430889968,700.,45.106589099563));
#932 = VECTOR('',#933,1.);
#933 = DIRECTION('',(-0.995202189607,0.,9.783967396195E-02));
#934 = PCURVE('',#94,#935);
#935 = DEFINITIONAL_REPRESENTATION('',(#936),#940);
#936 = LINE('',#937,#938);
#937 = CARTESIAN_POINT('',(53.336148727925,8.323190487078));
#938 = VECTOR('',#939,1.);
#939 = DIRECTION('',(0.995078408702,9.90906682547E-02));
#940 = ( GEOMETRIC_REPRESENTATION_CONTEXT(2) 
PARAMETRIC_REPRESENTATION_CONTEXT() REPRESENTATION_CONTEXT('2D SPACE',''
  ) );
#941 = PCURVE('',#942,#947);
#942 = B_SPLINE_SURFACE_WITH_KNOTS('',1,1,(
    (#943,#944)
    ,(#945,#946
    )),.UNSPECIFIED.,.F.,.F.,.F.,(2,2),(2,2),(0.,5.798077862481E-03),(0.
    ,1.),.PIECEWISE_BEZIER_KNOTS.);
#943 = CARTESIAN_POINT('',(129.85738481661,0.,14.035239335723));
#944 = CARTESIAN_POINT('',(99.789430889968,700.,45.106589099563));
#945 = CARTESIAN_POINT('',(124.08712503236,0.,14.602521383394));
#946 = CARTESIAN_POINT('',(96.327275019416,700.,45.446958328165));
#947 = DEFINITIONAL_REPRESENTATION('',(#948),#951);
#948 = B_SPLINE_CURVE_WITH_KNOTS('',1,(#949,#950),.UNSPECIFIED.,.F.,.F.,
  (2,2),(0.,3.478846717489),.PIECEWISE_BEZIER_KNOTS.);
#949 = CARTESIAN_POINT('',(0.,1.));
#950 = CARTESIAN_POINT('',(5.798077862481E-03,1.));
#951 = ( GEOMETRIC_REPRESENTATION_CONTEXT(2) 
PARAMETRIC_REPRESENTATION_CONTEXT() REPRESENTATION_CONTEXT('2D SPACE',''
  ) );
#952 = ORIENTED_EDGE('',*,*,#953,.T.);
#953 = EDGE_CURVE('',#927,#954,#956,.T.);
#954 = VERTEX_POINT('',#955);
#955 = CARTESIAN_POINT('',(92.838476726545,700.,45.762941987217));
#956 = SURFACE_CURVE('',#957,(#961,#968),.PCURVE_S1.);
#957 = LINE('',#958,#959);
#958 = CARTESIAN_POINT('',(96.327275019416,700.,45.446958328165));
#959 = VECTOR('',#960,1.);
#960 = DIRECTION('',(-0.995923517282,0.,9.020170577623E-02));
#961 = PCURVE('',#94,#962);
#962 = DEFINITIONAL_REPRESENTATION('',(#963),#967);
#963 = LINE('',#964,#965);
#964 = CARTESIAN_POINT('',(56.797873983682,8.667911733069));
#965 = VECTOR('',#966,1.);
#966 = DIRECTION('',(0.995809337519,9.145361288729E-02));
#967 = ( GEOMETRIC_REPRESENTATION_CONTEXT(2) 
PARAMETRIC_REPRESENTATION_CONTEXT() REPRESENTATION_CONTEXT('2D SPACE',''
  ) );
#968 = PCURVE('',#969,#974);
#969 = B_SPLINE_SURFACE_WITH_KNOTS('',1,1,(
    (#970,#971)
    ,(#972,#973
    )),.UNSPECIFIED.,.F.,.F.,.F.,(2,2),(2,2),(0.,5.838464219944E-03),(0.
    ,1.),.PIECEWISE_BEZIER_KNOTS.);
#970 = CARTESIAN_POINT('',(124.08712503236,0.,14.602521383394));
#971 = CARTESIAN_POINT('',(96.327275019416,700.,45.446958328165));
#972 = CARTESIAN_POINT('',(118.2724612109,0.,15.129160815147));
#973 = CARTESIAN_POINT('',(92.838476726545,700.,45.762941987217));
#974 = DEFINITIONAL_REPRESENTATION('',(#975),#978);
#975 = B_SPLINE_CURVE_WITH_KNOTS('',1,(#976,#977),.UNSPECIFIED.,.F.,.F.,
  (2,2),(0.,3.503078531966),.PIECEWISE_BEZIER_KNOTS.);
#976 = CARTESIAN_POINT('',(0.,1.));
#977 = CARTESIAN_POINT('',(5.838464219944E-03,1.));
#978 = ( GEOMETRIC_REPRESENTATION_CONTEXT(2) 
PARAMETRIC_REPRESENTATION_CONTEXT() REPRESENTATION_CONTEXT('2D SPACE',''
  ) );
#979 = ORIENTED_EDGE('',*,*,#980,.T.);
#980 = EDGE_CURVE('',#954,#981,#983,.T.);
#981 = VERTEX_POINT('',#982);
#982 = CARTESIAN_POINT('',(89.333025863188,700.,46.051929146065));
#983 = SURFACE_CURVE('',#984,(#988,#995),.PCURVE_S1.);
#984 = LINE('',#985,#986);
#985 = CARTESIAN_POINT('',(92.838476726545,700.,45.762941987217));
#986 = VECTOR('',#987,1.);
#987 = DIRECTION('',(-0.996619098542,0.,8.216065007563E-02));
#988 = PCURVE('',#94,#989);
#989 = DEFINITIONAL_REPRESENTATION('',(#990),#994);
#990 = LINE('',#991,#992);
#991 = CARTESIAN_POINT('',(60.286272295876,8.988280921046));
#992 = VECTOR('',#993,1.);
#993 = DIRECTION('',(0.996515026664,8.341343795761E-02));
#994 = ( GEOMETRIC_REPRESENTATION_CONTEXT(2) 
PARAMETRIC_REPRESENTATION_CONTEXT() REPRESENTATION_CONTEXT('2D SPACE',''
  ) );
#995 = PCURVE('',#996,#1001);
#996 = B_SPLINE_SURFACE_WITH_KNOTS('',1,1,(
    (#997,#998)
    ,(#999,#1000
    )),.UNSPECIFIED.,.F.,.F.,.F.,(2,2),(2,2),(0.,5.862237753763E-03),(0.
    ,1.),.PIECEWISE_BEZIER_KNOTS.);
#997 = CARTESIAN_POINT('',(118.2724612109,0.,15.129160815147));
#998 = CARTESIAN_POINT('',(92.838476726545,700.,45.762941987217));
#999 = CARTESIAN_POINT('',(112.43004310531,0.,15.610806079894));
#1000 = CARTESIAN_POINT('',(89.333025863188,700.,46.051929146065));
#1001 = DEFINITIONAL_REPRESENTATION('',(#1002),#1005);
#1002 = B_SPLINE_CURVE_WITH_KNOTS('',1,(#1003,#1004),.UNSPECIFIED.,.F.,
  .F.,(2,2),(0.,3.517342652258),.PIECEWISE_BEZIER_KNOTS.);
#1003 = CARTESIAN_POINT('',(0.,1.));
#1004 = CARTESIAN_POINT('',(5.862237753763E-03,1.));
#1005 = ( GEOMETRIC_REPRESENTATION_CONTEXT(2) 
PARAMETRIC_REPRESENTATION_CONTEXT() REPRESENTATION_CONTEXT('2D SPACE',''
  ) );
#1006 = ORIENTED_EDGE('',*,*,#1007,.T.);
#1007 = EDGE_CURVE('',#981,#1008,#1010,.T.);
#1008 = VERTEX_POINT('',#1009);
#1009 = CARTESIAN_POINT('',(85.820990670335,700.,46.311402189465));
#1010 = SURFACE_CURVE('',#1011,(#1015,#1022),.PCURVE_S1.);
#1011 = LINE('',#1012,#1013);
#1012 = CARTESIAN_POINT('',(89.333025863188,700.,46.051929146065));
#1013 = VECTOR('',#1014,1.);
#1014 = DIRECTION('',(-0.9972819134,0.,7.368029048335E-02));
#1015 = PCURVE('',#94,#1016);
#1016 = DEFINITIONAL_REPRESENTATION('',(#1017),#1021);
#1017 = LINE('',#1018,#1019);
#1018 = CARTESIAN_POINT('',(63.791357102779,9.281674564145));
#1019 = VECTOR('',#1020,1.);
#1020 = DIRECTION('',(0.997188501683,7.493391829264E-02));
#1021 = ( GEOMETRIC_REPRESENTATION_CONTEXT(2) 
PARAMETRIC_REPRESENTATION_CONTEXT() REPRESENTATION_CONTEXT('2D SPACE',''
  ) );
#1022 = PCURVE('',#1023,#1028);
#1023 = B_SPLINE_SURFACE_WITH_KNOTS('',1,1,(
    (#1024,#1025)
    ,(#1026,#1027
    )),.UNSPECIFIED.,.F.,.F.,.F.,(2,2),(2,2),(0.,5.869345377111E-03),(0.
    ,1.),.PIECEWISE_BEZIER_KNOTS.);
#1024 = CARTESIAN_POINT('',(112.43004310531,0.,15.610806079894));
#1025 = CARTESIAN_POINT('',(89.333025863188,700.,46.051929146065));
#1026 = CARTESIAN_POINT('',(106.57665111722,0.,16.043261152226));
#1027 = CARTESIAN_POINT('',(85.820990670335,700.,46.311402189465));
#1028 = DEFINITIONAL_REPRESENTATION('',(#1029),#1032);
#1029 = B_SPLINE_CURVE_WITH_KNOTS('',1,(#1030,#1031),.UNSPECIFIED.,.F.,
  .F.,(2,2),(0.,3.521607226267),.PIECEWISE_BEZIER_KNOTS.);
#1030 = CARTESIAN_POINT('',(0.,1.));
#1031 = CARTESIAN_POINT('',(5.869345377111E-03,1.));
#1032 = ( GEOMETRIC_REPRESENTATION_CONTEXT(2) 
PARAMETRIC_REPRESENTATION_CONTEXT() REPRESENTATION_CONTEXT('2D SPACE',''
  ) );
#1033 = ORIENTED_EDGE('',*,*,#1034,.T.);
#1034 = EDGE_CURVE('',#1008,#1035,#1037,.T.);
#1035 = VERTEX_POINT('',#1036);
#1036 = CARTESIAN_POINT('',(82.312488752562,700.,46.538959809731));
#1037 = SURFACE_CURVE('',#1038,(#1042,#1049),.PCURVE_S1.);
#1038 = LINE('',#1039,#1040);
#1039 = CARTESIAN_POINT('',(85.820990670335,700.,46.311402189465));
#1040 = VECTOR('',#1041,1.);
#1041 = DIRECTION('',(-0.997903273586,0.,6.472292149622E-02));
#1042 = PCURVE('',#94,#1043);
#1043 = DEFINITIONAL_REPRESENTATION('',(#1044),#1048);
#1044 = LINE('',#1045,#1046);
#1045 = CARTESIAN_POINT('',(67.303063336257,9.545562392297));
#1046 = VECTOR('',#1047,1.);
#1047 = DIRECTION('',(0.997821121713,6.597733749693E-02));
#1048 = ( GEOMETRIC_REPRESENTATION_CONTEXT(2) 
PARAMETRIC_REPRESENTATION_CONTEXT() REPRESENTATION_CONTEXT('2D SPACE',''
  ) );
#1049 = PCURVE('',#1050,#1055);
#1050 = B_SPLINE_SURFACE_WITH_KNOTS('',1,1,(
    (#1051,#1052)
    ,(#1053,#1054
    )),.UNSPECIFIED.,.F.,.F.,.F.,(2,2),(2,2),(0.,5.859789571866E-03),(0.
    ,1.),.PIECEWISE_BEZIER_KNOTS.);
#1051 = CARTESIAN_POINT('',(106.57665111722,0.,16.043261152226));
#1052 = CARTESIAN_POINT('',(85.820990670335,700.,46.311402189465));
#1053 = CARTESIAN_POINT('',(100.72914792093,0.,16.42252385267));
#1054 = CARTESIAN_POINT('',(82.312488752562,700.,46.538959809731));
#1055 = DEFINITIONAL_REPRESENTATION('',(#1056),#1059);
#1056 = B_SPLINE_CURVE_WITH_KNOTS('',1,(#1057,#1058),.UNSPECIFIED.,.F.,
  .F.,(2,2),(0.,3.515873743119),.PIECEWISE_BEZIER_KNOTS.);
#1057 = CARTESIAN_POINT('',(0.,1.));
#1058 = CARTESIAN_POINT('',(5.859789571866E-03,1.));
#1059 = ( GEOMETRIC_REPRESENTATION_CONTEXT(2) 
PARAMETRIC_REPRESENTATION_CONTEXT() REPRESENTATION_CONTEXT('2D SPACE',''
  ) );
#1060 = ORIENTED_EDGE('',*,*,#1061,.T.);
#1061 = EDGE_CURVE('',#1035,#1062,#1064,.T.);
#1062 = VERTEX_POINT('',#1063);
#1063 = CARTESIAN_POINT('',(78.817657232262,700.,46.73234317833));
#1064 = SURFACE_CURVE('',#1065,(#1069,#1076),.PCURVE_S1.);
#1065 = LINE('',#1066,#1067);
#1066 = CARTESIAN_POINT('',(82.312488752562,700.,46.538959809731));
#1067 = VECTOR('',#1068,1.);
#1068 = DIRECTION('',(-0.998472575183,0.,5.524958468545E-02));
#1069 = PCURVE('',#94,#1070);
#1070 = DEFINITIONAL_REPRESENTATION('',(#1071),#1075);
#1071 = LINE('',#1072,#1073);
#1072 = CARTESIAN_POINT('',(70.811276418418,9.777530380844));
#1073 = VECTOR('',#1074,1.);
#1074 = DIRECTION('',(0.99840233182,5.650472384226E-02));
#1075 = ( GEOMETRIC_REPRESENTATION_CONTEXT(2) 
PARAMETRIC_REPRESENTATION_CONTEXT() REPRESENTATION_CONTEXT('2D SPACE',''
  ) );
#1076 = PCURVE('',#1077,#1082);
#1077 = B_SPLINE_SURFACE_WITH_KNOTS('',1,1,(
    (#1078,#1079)
    ,(#1080,#1081
    )),.UNSPECIFIED.,.F.,.F.,.F.,(2,2),(2,2),(0.,5.833629631174E-03),(0.
    ,1.),.PIECEWISE_BEZIER_KNOTS.);
#1078 = CARTESIAN_POINT('',(100.72914792093,0.,16.42252385267));
#1079 = CARTESIAN_POINT('',(82.312488752562,700.,46.538959809731));
#1080 = CARTESIAN_POINT('',(94.904428720436,0.,16.744829467002));
#1081 = CARTESIAN_POINT('',(78.817657232262,700.,46.73234317833));
#1082 = DEFINITIONAL_REPRESENTATION('',(#1083),#1086);
#1083 = B_SPLINE_CURVE_WITH_KNOTS('',1,(#1084,#1085),.UNSPECIFIED.,.F.,
  .F.,(2,2),(0.,3.500177778704),.PIECEWISE_BEZIER_KNOTS.);
#1084 = CARTESIAN_POINT('',(0.,1.));
#1085 = CARTESIAN_POINT('',(5.833629631174E-03,1.));
#1086 = ( GEOMETRIC_REPRESENTATION_CONTEXT(2) 
PARAMETRIC_REPRESENTATION_CONTEXT() REPRESENTATION_CONTEXT('2D SPACE',''
  ) );
#1087 = ORIENTED_EDGE('',*,*,#1088,.T.);
#1088 = EDGE_CURVE('',#1062,#1089,#1091,.T.);
#1089 = VERTEX_POINT('',#1090);
#1090 = CARTESIAN_POINT('',(75.3466220844,700.,46.889464741278));
#1091 = SURFACE_CURVE('',#1092,(#1096,#1103),.PCURVE_S1.);
#1092 = LINE('',#1093,#1094);
#1093 = CARTESIAN_POINT('',(78.817657232262,700.,46.73234317833));
#1094 = VECTOR('',#1095,1.);
#1095 = DIRECTION('',(-0.998977044436,0.,4.522018011491E-02));
#1096 = PCURVE('',#94,#1097);
#1097 = DEFINITIONAL_REPRESENTATION('',(#1098),#1102);
#1098 = LINE('',#1099,#1100);
#1099 = CARTESIAN_POINT('',(74.30586207446,9.975306959628));
#1100 = VECTOR('',#1101,1.);
#1101 = DIRECTION('',(0.998919408669,4.647596136629E-02));
#1102 = ( GEOMETRIC_REPRESENTATION_CONTEXT(2) 
PARAMETRIC_REPRESENTATION_CONTEXT() REPRESENTATION_CONTEXT('2D SPACE',''
  ) );
#1103 = PCURVE('',#1104,#1109);
#1104 = B_SPLINE_SURFACE_WITH_KNOTS('',1,1,(
    (#1105,#1106)
    ,(#1107,#1108
    )),.UNSPECIFIED.,.F.,.F.,.F.,(2,2),(2,2),(0.,5.790982497535E-03),(0.
    ,1.),.PIECEWISE_BEZIER_KNOTS.);
#1105 = CARTESIAN_POINT('',(94.904428720436,0.,16.744829467002));
#1106 = CARTESIAN_POINT('',(78.817657232262,700.,46.73234317833));
#1107 = CARTESIAN_POINT('',(89.119370140667,0.,17.006698738582));
#1108 = CARTESIAN_POINT('',(75.3466220844,700.,46.889464741278));
#1109 = DEFINITIONAL_REPRESENTATION('',(#1110),#1113);
#1110 = B_SPLINE_CURVE_WITH_KNOTS('',1,(#1111,#1112),.UNSPECIFIED.,.F.,
  .F.,(2,2),(0.,3.474589498521),.PIECEWISE_BEZIER_KNOTS.);
#1111 = CARTESIAN_POINT('',(0.,1.));
#1112 = CARTESIAN_POINT('',(5.790982497535E-03,1.));
#1113 = ( GEOMETRIC_REPRESENTATION_CONTEXT(2) 
PARAMETRIC_REPRESENTATION_CONTEXT() REPRESENTATION_CONTEXT('2D SPACE',''
  ) );
#1114 = ORIENTED_EDGE('',*,*,#1115,.T.);
#1115 = EDGE_CURVE('',#1089,#1116,#1118,.T.);
#1116 = VERTEX_POINT('',#1117);
#1117 = CARTESIAN_POINT('',(71.889506198334,700.,47.005196802388));
#1118 = SURFACE_CURVE('',#1119,(#1123,#1130),.PCURVE_S1.);
#1119 = LINE('',#1120,#1121);
#1120 = CARTESIAN_POINT('',(75.3466220844,700.,46.889464741278));
#1121 = VECTOR('',#1122,1.);
#1122 = DIRECTION('',(-0.999440133265,0.,3.345773482604E-02));
#1123 = PCURVE('',#94,#1124);
#1124 = DEFINITIONAL_REPRESENTATION('',(#1125),#1129);
#1125 = LINE('',#1126,#1127);
#1126 = CARTESIAN_POINT('',(77.77669696169,10.136791846925));
#1127 = VECTOR('',#1128,1.);
#1128 = DIRECTION('',(0.999397283736,3.471410752189E-02));
#1129 = ( GEOMETRIC_REPRESENTATION_CONTEXT(2) 
PARAMETRIC_REPRESENTATION_CONTEXT() REPRESENTATION_CONTEXT('2D SPACE',''
  ) );
#1130 = PCURVE('',#1131,#1136);
#1131 = B_SPLINE_SURFACE_WITH_KNOTS('',1,1,(
    (#1132,#1133)
    ,(#1134,#1135
    )),.UNSPECIFIED.,.F.,.F.,.F.,(2,2),(2,2),(0.,5.765087490823E-03),(0.
    ,1.),.PIECEWISE_BEZIER_KNOTS.);
#1132 = CARTESIAN_POINT('',(89.119370140667,0.,17.006698738582));
#1133 = CARTESIAN_POINT('',(75.3466220844,700.,46.889464741278));
#1134 = CARTESIAN_POINT('',(83.357510330556,0.,17.199585507099));
#1135 = CARTESIAN_POINT('',(71.889506198334,700.,47.005196802388));
#1136 = DEFINITIONAL_REPRESENTATION('',(#1137),#1140);
#1137 = B_SPLINE_CURVE_WITH_KNOTS('',1,(#1138,#1139),.UNSPECIFIED.,.F.,
  .F.,(2,2),(0.,3.459052494494),.PIECEWISE_BEZIER_KNOTS.);
#1138 = CARTESIAN_POINT('',(0.,1.));
#1139 = CARTESIAN_POINT('',(5.765087490823E-03,1.));
#1140 = ( GEOMETRIC_REPRESENTATION_CONTEXT(2) 
PARAMETRIC_REPRESENTATION_CONTEXT() REPRESENTATION_CONTEXT('2D SPACE',''
  ) );
#1141 = ORIENTED_EDGE('',*,*,#1142,.T.);
#1142 = EDGE_CURVE('',#1116,#1143,#1145,.T.);
#1143 = VERTEX_POINT('',#1144);
#1144 = CARTESIAN_POINT('',(68.46821472006,700.,47.069304708305));
#1145 = SURFACE_CURVE('',#1146,(#1150,#1157),.PCURVE_S1.);
#1146 = LINE('',#1147,#1148);
#1147 = CARTESIAN_POINT('',(71.889506198334,700.,47.005196802388));
#1148 = VECTOR('',#1149,1.);
#1149 = DIRECTION('',(-0.999824491284,0.,1.873463714714E-02));
#1150 = PCURVE('',#94,#1151);
#1151 = DEFINITIONAL_REPRESENTATION('',(#1152),#1156);
#1152 = LINE('',#1153,#1154);
#1153 = CARTESIAN_POINT('',(81.233664628987,10.256869767143));
#1154 = VECTOR('',#1155,1.);
#1155 = DIRECTION('',(0.999800149901,1.99915046541E-02));
#1156 = ( GEOMETRIC_REPRESENTATION_CONTEXT(2) 
PARAMETRIC_REPRESENTATION_CONTEXT() REPRESENTATION_CONTEXT('2D SPACE',''
  ) );
#1157 = PCURVE('',#1158,#1163);
#1158 = B_SPLINE_SURFACE_WITH_KNOTS('',1,1,(
    (#1159,#1160)
    ,(#1161,#1162
    )),.UNSPECIFIED.,.F.,.F.,.F.,(2,2),(2,2),(0.,5.703153416923E-03),(0.
    ,1.),.PIECEWISE_BEZIER_KNOTS.);
#1159 = CARTESIAN_POINT('',(83.357510330556,0.,17.199585507099));
#1160 = CARTESIAN_POINT('',(71.889506198334,700.,47.005196802388));
#1161 = CARTESIAN_POINT('',(77.655357866767,0.,17.30643201696));
#1162 = CARTESIAN_POINT('',(68.46821472006,700.,47.069304708305));
#1163 = DEFINITIONAL_REPRESENTATION('',(#1164),#1167);
#1164 = B_SPLINE_CURVE_WITH_KNOTS('',1,(#1165,#1166),.UNSPECIFIED.,.F.,
  .F.,(2,2),(0.,3.421892050154),.PIECEWISE_BEZIER_KNOTS.);
#1165 = CARTESIAN_POINT('',(0.,1.));
#1166 = CARTESIAN_POINT('',(5.703153416923E-03,1.));
#1167 = ( GEOMETRIC_REPRESENTATION_CONTEXT(2) 
PARAMETRIC_REPRESENTATION_CONTEXT() REPRESENTATION_CONTEXT('2D SPACE',''
  ) );
#1168 = ORIENTED_EDGE('',*,*,#1169,.T.);
#1169 = EDGE_CURVE('',#1143,#1170,#1172,.T.);
#1170 = VERTEX_POINT('',#1171);
#1171 = CARTESIAN_POINT('',(65.100829228712,700.,47.080469550452));
#1172 = SURFACE_CURVE('',#1173,(#1177,#1184),.PCURVE_S1.);
#1173 = LINE('',#1174,#1175);
#1174 = CARTESIAN_POINT('',(68.46821472006,700.,47.069304708305));
#1175 = VECTOR('',#1176,1.);
#1176 = DIRECTION('',(-0.999994503504,0.,3.315563605309E-03));
#1177 = PCURVE('',#94,#1178);
#1178 = DEFINITIONAL_REPRESENTATION('',(#1179),#1183);
#1179 = LINE('',#1180,#1181);
#1180 = CARTESIAN_POINT('',(84.654872813675,10.325278537989));
#1181 = VECTOR('',#1182,1.);
#1182 = DIRECTION('',(0.999989545349,4.572657018584E-03));
#1183 = ( GEOMETRIC_REPRESENTATION_CONTEXT(2) 
PARAMETRIC_REPRESENTATION_CONTEXT() REPRESENTATION_CONTEXT('2D SPACE',''
  ) );
#1184 = PCURVE('',#1185,#1190);
#1185 = B_SPLINE_SURFACE_WITH_KNOTS('',1,1,(
    (#1186,#1187)
    ,(#1188,#1189
    )),.UNSPECIFIED.,.F.,.F.,.F.,(2,2),(2,2),(0.,5.612340000452E-03),(0.
    ,1.),.PIECEWISE_BEZIER_KNOTS.);
#1186 = CARTESIAN_POINT('',(77.655357866767,0.,17.30643201696));
#1187 = CARTESIAN_POINT('',(68.46821472006,700.,47.069304708305));
#1188 = CARTESIAN_POINT('',(72.04304871452,0.,17.325040087206));
#1189 = CARTESIAN_POINT('',(65.100829228712,700.,47.080469550452));
#1190 = DEFINITIONAL_REPRESENTATION('',(#1191),#1194);
#1191 = B_SPLINE_CURVE_WITH_KNOTS('',1,(#1192,#1193),.UNSPECIFIED.,.F.,
  .F.,(2,2),(0.,3.367404000271),.PIECEWISE_BEZIER_KNOTS.);
#1192 = CARTESIAN_POINT('',(0.,1.));
#1193 = CARTESIAN_POINT('',(5.612340000452E-03,1.));
#1194 = ( GEOMETRIC_REPRESENTATION_CONTEXT(2) 
PARAMETRIC_REPRESENTATION_CONTEXT() REPRESENTATION_CONTEXT('2D SPACE',''
  ) );
#1195 = ORIENTED_EDGE('',*,*,#1196,.T.);
#1196 = EDGE_CURVE('',#1170,#1197,#1199,.T.);
#1197 = VERTEX_POINT('',#1198);
#1198 = CARTESIAN_POINT('',(61.797560978409,700.,47.038303984011));
#1199 = SURFACE_CURVE('',#1200,(#1204,#1211),.PCURVE_S1.);
#1200 = LINE('',#1201,#1202);
#1201 = CARTESIAN_POINT('',(65.100829228712,700.,47.080469550452));
#1202 = VECTOR('',#1203,1.);
#1203 = DIRECTION('',(-0.999918539865,0.,-1.2763762563E-02));
#1204 = PCURVE('',#94,#1205);
#1205 = DEFINITIONAL_REPRESENTATION('',(#1206),#1210);
#1206 = LINE('',#1207,#1208);
#1207 = CARTESIAN_POINT('',(88.022241608914,10.340676521526));
#1208 = VECTOR('',#1209,1.);
#1209 = DIRECTION('',(0.999933795138,-1.150675193869E-02));
#1210 = ( GEOMETRIC_REPRESENTATION_CONTEXT(2) 
PARAMETRIC_REPRESENTATION_CONTEXT() REPRESENTATION_CONTEXT('2D SPACE',''
  ) );
#1211 = PCURVE('',#1212,#1217);
#1212 = B_SPLINE_SURFACE_WITH_KNOTS('',1,1,(
    (#1213,#1214)
    ,(#1215,#1216
    )),.UNSPECIFIED.,.F.,.F.,.F.,(2,2),(2,2),(0.,5.505895594838E-03),(0.
    ,1.),.PIECEWISE_BEZIER_KNOTS.);
#1213 = CARTESIAN_POINT('',(72.04304871452,0.,17.325040087206));
#1214 = CARTESIAN_POINT('',(65.100829228712,700.,47.080469550452));
#1215 = CARTESIAN_POINT('',(66.537601630681,0.,17.254764143137));
#1216 = CARTESIAN_POINT('',(61.797560978409,700.,47.038303984011));
#1217 = DEFINITIONAL_REPRESENTATION('',(#1218),#1221);
#1218 = B_SPLINE_CURVE_WITH_KNOTS('',1,(#1219,#1220),.UNSPECIFIED.,.F.,
  .F.,(2,2),(0.,3.303537356903),.PIECEWISE_BEZIER_KNOTS.);
#1219 = CARTESIAN_POINT('',(0.,1.));
#1220 = CARTESIAN_POINT('',(5.505895594838E-03,1.));
#1221 = ( GEOMETRIC_REPRESENTATION_CONTEXT(2) 
PARAMETRIC_REPRESENTATION_CONTEXT() REPRESENTATION_CONTEXT('2D SPACE',''
  ) );
#1222 = ORIENTED_EDGE('',*,*,#1223,.T.);
#1223 = EDGE_CURVE('',#1197,#1224,#1226,.T.);
#1224 = VERTEX_POINT('',#1225);
#1225 = CARTESIAN_POINT('',(58.568451810602,700.,46.942866511457));
#1226 = SURFACE_CURVE('',#1227,(#1231,#1238),.PCURVE_S1.);
#1227 = LINE('',#1228,#1229);
#1228 = CARTESIAN_POINT('',(61.797560978409,700.,47.038303984011));
#1229 = VECTOR('',#1230,1.);
#1230 = DIRECTION('',(-0.999563526382,0.,-2.95424563425E-02));
#1231 = PCURVE('',#94,#1232);
#1232 = DEFINITIONAL_REPRESENTATION('',(#1233),#1237);
#1233 = LINE('',#1234,#1235);
#1234 = CARTESIAN_POINT('',(91.325560255583,10.302663536639));
#1235 = VECTOR('',#1236,1.);
#1236 = DIRECTION('',(0.999599874481,-2.828587874893E-02));
#1237 = ( GEOMETRIC_REPRESENTATION_CONTEXT(2) 
PARAMETRIC_REPRESENTATION_CONTEXT() REPRESENTATION_CONTEXT('2D SPACE',''
  ) );
#1238 = PCURVE('',#1239,#1244);
#1239 = B_SPLINE_SURFACE_WITH_KNOTS('',1,1,(
    (#1240,#1241)
    ,(#1242,#1243
    )),.UNSPECIFIED.,.F.,.F.,.F.,(2,2),(2,2),(0.,5.384198673687E-03),(0.
    ,1.),.PIECEWISE_BEZIER_KNOTS.);
#1240 = CARTESIAN_POINT('',(66.537601630681,0.,17.254764143137));
#1241 = CARTESIAN_POINT('',(61.797560978409,700.,47.038303984011));
#1242 = CARTESIAN_POINT('',(61.15575301767,0.,17.09570168888));
#1243 = CARTESIAN_POINT('',(58.568451810602,700.,46.942866511457));
#1244 = DEFINITIONAL_REPRESENTATION('',(#1245),#1248);
#1245 = B_SPLINE_CURVE_WITH_KNOTS('',1,(#1246,#1247),.UNSPECIFIED.,.F.,
  .F.,(2,2),(0.,3.230519204212),.PIECEWISE_BEZIER_KNOTS.);
#1246 = CARTESIAN_POINT('',(0.,1.));
#1247 = CARTESIAN_POINT('',(5.384198673687E-03,1.));
#1248 = ( GEOMETRIC_REPRESENTATION_CONTEXT(2) 
PARAMETRIC_REPRESENTATION_CONTEXT() REPRESENTATION_CONTEXT('2D SPACE',''
  ) );
#1249 = ORIENTED_EDGE('',*,*,#1250,.T.);
#1250 = EDGE_CURVE('',#1224,#1251,#1253,.T.);
#1251 = VERTEX_POINT('',#1252);
#1252 = CARTESIAN_POINT('',(55.423331262651,700.,46.794673409607));
#1253 = SURFACE_CURVE('',#1254,(#1258,#1265),.PCURVE_S1.);
#1254 = LINE('',#1255,#1256);
#1255 = CARTESIAN_POINT('',(58.568451810602,700.,46.942866511457));
#1256 = VECTOR('',#1257,1.);
#1257 = DIRECTION('',(-0.998891772363,0.,-4.706619918125E-02));
#1258 = PCURVE('',#94,#1259);
#1259 = DEFINITIONAL_REPRESENTATION('',(#1260),#1264);
#1260 = LINE('',#1261,#1262);
#1261 = CARTESIAN_POINT('',(94.554786846624,10.211285462133));
#1262 = VECTOR('',#1263,1.);
#1263 = DIRECTION('',(0.998950150142,-4.581045220517E-02));
#1264 = ( GEOMETRIC_REPRESENTATION_CONTEXT(2) 
PARAMETRIC_REPRESENTATION_CONTEXT() REPRESENTATION_CONTEXT('2D SPACE',''
  ) );
#1265 = PCURVE('',#1266,#1271);
#1266 = B_SPLINE_SURFACE_WITH_KNOTS('',1,1,(
    (#1267,#1268)
    ,(#1269,#1270
    )),.UNSPECIFIED.,.F.,.F.,.F.,(2,2),(2,2),(0.,5.247683207478E-03),(0.
    ,1.),.PIECEWISE_BEZIER_KNOTS.);
#1267 = CARTESIAN_POINT('',(61.15575301767,0.,17.09570168888));
#1268 = CARTESIAN_POINT('',(58.568451810602,700.,46.942866511457));
#1269 = CARTESIAN_POINT('',(55.913885437752,0.,16.848713185797));
#1270 = CARTESIAN_POINT('',(55.423331262651,700.,46.794673409607));
#1271 = DEFINITIONAL_REPRESENTATION('',(#1272),#1275);
#1272 = B_SPLINE_CURVE_WITH_KNOTS('',1,(#1273,#1274),.UNSPECIFIED.,.F.,
  .F.,(2,2),(0.,3.148609924487),.PIECEWISE_BEZIER_KNOTS.);
#1273 = CARTESIAN_POINT('',(0.,1.));
#1274 = CARTESIAN_POINT('',(5.247683207478E-03,1.));
#1275 = ( GEOMETRIC_REPRESENTATION_CONTEXT(2) 
PARAMETRIC_REPRESENTATION_CONTEXT() REPRESENTATION_CONTEXT('2D SPACE',''
  ) );
#1276 = ORIENTED_EDGE('',*,*,#1277,.T.);
#1277 = EDGE_CURVE('',#1251,#1278,#1280,.T.);
#1278 = VERTEX_POINT('',#1279);
#1279 = CARTESIAN_POINT('',(52.371773679261,700.,46.594703739639));
#1280 = SURFACE_CURVE('',#1281,(#1285,#1292),.PCURVE_S1.);
#1281 = LINE('',#1282,#1283);
#1282 = CARTESIAN_POINT('',(55.423331262651,700.,46.794673409607));
#1283 = VECTOR('',#1284,1.);
#1284 = DIRECTION('',(-0.99785977639,0.,-6.539011134665E-02));
#1285 = PCURVE('',#94,#1286);
#1286 = DEFINITIONAL_REPRESENTATION('',(#1287),#1291);
#1287 = LINE('',#1288,#1289);
#1288 = CARTESIAN_POINT('',(97.700091203428,10.067046217675));
#1289 = VECTOR('',#1290,1.);
#1290 = DIRECTION('',(0.997941190029,-6.413564721704E-02));
#1291 = ( GEOMETRIC_REPRESENTATION_CONTEXT(2) 
PARAMETRIC_REPRESENTATION_CONTEXT() REPRESENTATION_CONTEXT('2D SPACE',''
  ) );
#1292 = PCURVE('',#1293,#1298);
#1293 = B_SPLINE_SURFACE_WITH_KNOTS('',1,1,(
    (#1294,#1295)
    ,(#1296,#1297
    )),.UNSPECIFIED.,.F.,.F.,.F.,(2,2),(2,2),(0.,5.096837677983E-03),(0.
    ,1.),.PIECEWISE_BEZIER_KNOTS.);
#1294 = CARTESIAN_POINT('',(55.913885437752,0.,16.848713185797));
#1295 = CARTESIAN_POINT('',(55.423331262651,700.,46.794673409607));
#1296 = CARTESIAN_POINT('',(50.827956132102,0.,16.515430402518));
#1297 = CARTESIAN_POINT('',(52.371773679261,700.,46.594703739639));
#1298 = DEFINITIONAL_REPRESENTATION('',(#1299),#1302);
#1299 = B_SPLINE_CURVE_WITH_KNOTS('',1,(#1300,#1301),.UNSPECIFIED.,.F.,
  .F.,(2,2),(0.,3.05810260679),.PIECEWISE_BEZIER_KNOTS.);
#1300 = CARTESIAN_POINT('',(0.,1.));
#1301 = CARTESIAN_POINT('',(5.096837677983E-03,1.));
#1302 = ( GEOMETRIC_REPRESENTATION_CONTEXT(2) 
PARAMETRIC_REPRESENTATION_CONTEXT() REPRESENTATION_CONTEXT('2D SPACE',''
  ) );
#1303 = ORIENTED_EDGE('',*,*,#1304,.T.);
#1304 = EDGE_CURVE('',#1278,#1305,#1307,.T.);
#1305 = VERTEX_POINT('',#1306);
#1306 = CARTESIAN_POINT('',(49.423055960585,700.,46.344396456669));
#1307 = SURFACE_CURVE('',#1308,(#1312,#1319),.PCURVE_S1.);
#1308 = LINE('',#1309,#1310);
#1309 = CARTESIAN_POINT('',(52.371773679261,700.,46.594703739639));
#1310 = VECTOR('',#1311,1.);
#1311 = DIRECTION('',(-0.996416468526,0.,-8.458262971861E-02));
#1312 = PCURVE('',#94,#1313);
#1313 = DEFINITIONAL_REPRESENTATION('',(#1314),#1318);
#1314 = LINE('',#1315,#1316);
#1315 = CARTESIAN_POINT('',(100.75189775807,9.870912827732));
#1316 = VECTOR('',#1317,1.);
#1317 = DIRECTION('',(0.996522010276,-8.332996481051E-02));
#1318 = ( GEOMETRIC_REPRESENTATION_CONTEXT(2) 
PARAMETRIC_REPRESENTATION_CONTEXT() REPRESENTATION_CONTEXT('2D SPACE',''
  ) );
#1319 = PCURVE('',#1320,#1325);
#1320 = B_SPLINE_SURFACE_WITH_KNOTS('',1,1,(
    (#1321,#1322)
    ,(#1323,#1324
    )),.UNSPECIFIED.,.F.,.F.,.F.,(2,2),(2,2),(0.,4.932204240258E-03),(0.
    ,1.),.PIECEWISE_BEZIER_KNOTS.);
#1321 = CARTESIAN_POINT('',(50.827956132102,0.,16.515430402518));
#1322 = CARTESIAN_POINT('',(52.371773679261,700.,46.594703739639));
#1323 = CARTESIAN_POINT('',(45.913426600975,0.,16.098251597567));
#1324 = CARTESIAN_POINT('',(49.423055960585,700.,46.344396456669));
#1325 = DEFINITIONAL_REPRESENTATION('',(#1326),#1329);
#1326 = B_SPLINE_CURVE_WITH_KNOTS('',1,(#1327,#1328),.UNSPECIFIED.,.F.,
  .F.,(2,2),(0.,2.959322544155),.PIECEWISE_BEZIER_KNOTS.);
#1327 = CARTESIAN_POINT('',(0.,1.));
#1328 = CARTESIAN_POINT('',(4.932204240258E-03,1.));
#1329 = ( GEOMETRIC_REPRESENTATION_CONTEXT(2) 
PARAMETRIC_REPRESENTATION_CONTEXT() REPRESENTATION_CONTEXT('2D SPACE',''
  ) );
#1330 = ORIENTED_EDGE('',*,*,#1331,.T.);
#1331 = EDGE_CURVE('',#1305,#1332,#1334,.T.);
#1332 = VERTEX_POINT('',#1333);
#1333 = CARTESIAN_POINT('',(46.586116615137,700.,46.045638834284));
#1334 = SURFACE_CURVE('',#1335,(#1339,#1346),.PCURVE_S1.);
#1335 = LINE('',#1336,#1337);
#1336 = CARTESIAN_POINT('',(49.423055960585,700.,46.344396456669));
#1337 = VECTOR('',#1338,1.);
#1338 = DIRECTION('',(-0.994500618759,0.,-0.104730698877));
#1339 = PCURVE('',#94,#1340);
#1340 = DEFINITIONAL_REPRESENTATION('',(#1341),#1345);
#1341 = LINE('',#1342,#1343);
#1342 = CARTESIAN_POINT('',(103.70092780883,9.624312584265));
#1343 = VECTOR('',#1344,1.);
#1344 = DIRECTION('',(0.99463149022,-0.103480426469));
#1345 = ( GEOMETRIC_REPRESENTATION_CONTEXT(2) 
PARAMETRIC_REPRESENTATION_CONTEXT() REPRESENTATION_CONTEXT('2D SPACE',''
  ) );
#1346 = PCURVE('',#1347,#1352);
#1347 = B_SPLINE_SURFACE_WITH_KNOTS('',1,1,(
    (#1348,#1349)
    ,(#1350,#1351
    )),.UNSPECIFIED.,.F.,.F.,.F.,(2,2),(2,2),(0.,4.754378381696E-03),(0.
    ,1.),.PIECEWISE_BEZIER_KNOTS.);
#1348 = CARTESIAN_POINT('',(45.913426600975,0.,16.098251597567));
#1349 = CARTESIAN_POINT('',(49.423055960585,700.,46.344396456669));
#1350 = CARTESIAN_POINT('',(41.185194358562,0.,15.600322226926));
#1351 = CARTESIAN_POINT('',(46.586116615137,700.,46.045638834284));
#1352 = DEFINITIONAL_REPRESENTATION('',(#1353),#1356);
#1353 = B_SPLINE_CURVE_WITH_KNOTS('',1,(#1354,#1355),.UNSPECIFIED.,.F.,
  .F.,(2,2),(0.,2.852627029018),.PIECEWISE_BEZIER_KNOTS.);
#1354 = CARTESIAN_POINT('',(0.,1.));
#1355 = CARTESIAN_POINT('',(4.754378381696E-03,1.));
#1356 = ( GEOMETRIC_REPRESENTATION_CONTEXT(2) 
PARAMETRIC_REPRESENTATION_CONTEXT() REPRESENTATION_CONTEXT('2D SPACE',''
  ) );
#1357 = ORIENTED_EDGE('',*,*,#1358,.T.);
#1358 = EDGE_CURVE('',#1332,#1359,#1361,.T.);
#1359 = VERTEX_POINT('',#1360);
#1360 = CARTESIAN_POINT('',(43.869516789035,700.,45.700745665116));
#1361 = SURFACE_CURVE('',#1362,(#1366,#1373),.PCURVE_S1.);
#1362 = LINE('',#1363,#1364);
#1363 = CARTESIAN_POINT('',(46.586116615137,700.,46.045638834284));
#1364 = VECTOR('',#1365,1.);
#1365 = DIRECTION('',(-0.992037009547,0.,-0.12594670178));
#1366 = PCURVE('',#94,#1367);
#1367 = DEFINITIONAL_REPRESENTATION('',(#1368),#1372);
#1368 = LINE('',#1369,#1370);
#1369 = CARTESIAN_POINT('',(106.53824048174,9.329121522744));
#1370 = VECTOR('',#1371,1.);
#1371 = DIRECTION('',(0.992194553654,-0.124699509619));
#1372 = ( GEOMETRIC_REPRESENTATION_CONTEXT(2) 
PARAMETRIC_REPRESENTATION_CONTEXT() REPRESENTATION_CONTEXT('2D SPACE',''
  ) );
#1373 = PCURVE('',#1374,#1379);
#1374 = B_SPLINE_SURFACE_WITH_KNOTS('',1,1,(
    (#1375,#1376)
    ,(#1377,#1378
    )),.UNSPECIFIED.,.F.,.F.,.F.,(2,2),(2,2),(0.,4.564009541243E-03),(0.
    ,1.),.PIECEWISE_BEZIER_KNOTS.);
#1375 = CARTESIAN_POINT('',(41.185194358562,0.,15.600322226926));
#1376 = CARTESIAN_POINT('',(46.586116615137,700.,46.045638834284));
#1377 = CARTESIAN_POINT('',(36.657527981725,0.,15.025500278312));
#1378 = CARTESIAN_POINT('',(43.869516789035,700.,45.700745665116));
#1379 = DEFINITIONAL_REPRESENTATION('',(#1380),#1383);
#1380 = B_SPLINE_CURVE_WITH_KNOTS('',1,(#1381,#1382),.UNSPECIFIED.,.F.,
  .F.,(2,2),(0.,2.738405724746),.PIECEWISE_BEZIER_KNOTS.);
#1381 = CARTESIAN_POINT('',(0.,1.));
#1382 = CARTESIAN_POINT('',(4.564009541243E-03,1.));
#1383 = ( GEOMETRIC_REPRESENTATION_CONTEXT(2) 
PARAMETRIC_REPRESENTATION_CONTEXT() REPRESENTATION_CONTEXT('2D SPACE',''
  ) );
#1384 = ORIENTED_EDGE('',*,*,#1385,.T.);
#1385 = EDGE_CURVE('',#1359,#1386,#1388,.T.);
#1386 = VERTEX_POINT('',#1387);
#1387 = CARTESIAN_POINT('',(41.28140391383,700.,45.312428981794));
#1388 = SURFACE_CURVE('',#1389,(#1393,#1400),.PCURVE_S1.);
#1389 = LINE('',#1390,#1391);
#1390 = CARTESIAN_POINT('',(43.869516789035,700.,45.700745665116));
#1391 = VECTOR('',#1392,1.);
#1392 = DIRECTION('',(-0.988930760613,0.,-0.148377729842));
#1393 = PCURVE('',#94,#1394);
#1394 = DEFINITIONAL_REPRESENTATION('',(#1395),#1399);
#1395 = LINE('',#1396,#1397);
#1396 = CARTESIAN_POINT('',(109.25527172753,8.98764367173));
#1397 = VECTOR('',#1398,1.);
#1398 = DIRECTION('',(0.989116505286,-0.147134424831));
#1399 = ( GEOMETRIC_REPRESENTATION_CONTEXT(2) 
PARAMETRIC_REPRESENTATION_CONTEXT() REPRESENTATION_CONTEXT('2D SPACE',''
  ) );
#1400 = PCURVE('',#1401,#1406);
#1401 = B_SPLINE_SURFACE_WITH_KNOTS('',1,1,(
    (#1402,#1403)
    ,(#1404,#1405
    )),.UNSPECIFIED.,.F.,.F.,.F.,(2,2),(2,2),(0.,4.3618033036E-03),(0.,
    1.),.PIECEWISE_BEZIER_KNOTS.);
#1402 = CARTESIAN_POINT('',(36.657527981725,0.,15.025500278312));
#1403 = CARTESIAN_POINT('',(43.869516789035,700.,45.700745665116));
#1404 = CARTESIAN_POINT('',(32.34400652305,0.,14.378305806109));
#1405 = CARTESIAN_POINT('',(41.28140391383,700.,45.312428981794));
#1406 = DEFINITIONAL_REPRESENTATION('',(#1407),#1410);
#1407 = B_SPLINE_CURVE_WITH_KNOTS('',1,(#1408,#1409),.UNSPECIFIED.,.F.,
  .F.,(2,2),(0.,2.61708198216),.PIECEWISE_BEZIER_KNOTS.);
#1408 = CARTESIAN_POINT('',(0.,1.));
#1409 = CARTESIAN_POINT('',(4.3618033036E-03,1.));
#1410 = ( GEOMETRIC_REPRESENTATION_CONTEXT(2) 
PARAMETRIC_REPRESENTATION_CONTEXT() REPRESENTATION_CONTEXT('2D SPACE',''
  ) );
#1411 = ORIENTED_EDGE('',*,*,#1412,.T.);
#1412 = EDGE_CURVE('',#1386,#1413,#1415,.T.);
#1413 = VERTEX_POINT('',#1414);
#1414 = CARTESIAN_POINT('',(38.829478553546,700.,44.883758352553));
#1415 = SURFACE_CURVE('',#1416,(#1420,#1427),.PCURVE_S1.);
#1416 = LINE('',#1417,#1418);
#1417 = CARTESIAN_POINT('',(41.28140391383,700.,45.312428981794));
#1418 = VECTOR('',#1419,1.);
#1419 = DIRECTION('',(-0.985058853106,0.,-0.172218047596));
#1420 = PCURVE('',#94,#1421);
#1421 = DEFINITIONAL_REPRESENTATION('',(#1422),#1426);
#1422 = LINE('',#1423,#1424);
#1423 = CARTESIAN_POINT('',(111.84387071177,8.60258081955));
#1424 = VECTOR('',#1425,1.);
#1425 = DIRECTION('',(0.985274570572,-0.170979591135));
#1426 = ( GEOMETRIC_REPRESENTATION_CONTEXT(2) 
PARAMETRIC_REPRESENTATION_CONTEXT() REPRESENTATION_CONTEXT('2D SPACE',''
  ) );
#1427 = PCURVE('',#1428,#1433);
#1428 = B_SPLINE_SURFACE_WITH_KNOTS('',1,1,(
    (#1429,#1430)
    ,(#1431,#1432
    )),.UNSPECIFIED.,.F.,.F.,.F.,(2,2),(2,2),(0.,4.148526003553E-03),(0.
    ,1.),.PIECEWISE_BEZIER_KNOTS.);
#1429 = CARTESIAN_POINT('',(32.34400652305,0.,14.378305806109));
#1430 = CARTESIAN_POINT('',(41.28140391383,700.,45.312428981794));
#1431 = CARTESIAN_POINT('',(28.257464255911,0.,13.663854757374));
#1432 = CARTESIAN_POINT('',(38.829478553546,700.,44.883758352553));
#1433 = DEFINITIONAL_REPRESENTATION('',(#1434),#1437);
#1434 = B_SPLINE_CURVE_WITH_KNOTS('',1,(#1435,#1436),.UNSPECIFIED.,.F.,
  .F.,(2,2),(0.,2.489115602132),.PIECEWISE_BEZIER_KNOTS.);
#1435 = CARTESIAN_POINT('',(0.,1.));
#1436 = CARTESIAN_POINT('',(4.148526003553E-03,1.));
#1437 = ( GEOMETRIC_REPRESENTATION_CONTEXT(2) 
PARAMETRIC_REPRESENTATION_CONTEXT() REPRESENTATION_CONTEXT('2D SPACE',''
  ) );
#1438 = ORIENTED_EDGE('',*,*,#1439,.T.);
#1439 = EDGE_CURVE('',#1413,#1440,#1442,.T.);
#1440 = VERTEX_POINT('',#1441);
#1441 = CARTESIAN_POINT('',(36.520964939867,700.,44.418112130036));
#1442 = SURFACE_CURVE('',#1443,(#1447,#1454),.PCURVE_S1.);
#1443 = LINE('',#1444,#1445);
#1444 = CARTESIAN_POINT('',(38.829478553546,700.,44.883758352553));
#1445 = VECTOR('',#1446,1.);
#1446 = DIRECTION('',(-0.980257331349,0.,-0.197725982958));
#1447 = PCURVE('',#94,#1448);
#1448 = DEFINITIONAL_REPRESENTATION('',(#1449),#1453);
#1449 = LINE('',#1450,#1451);
#1450 = CARTESIAN_POINT('',(114.29633301777,8.176992851611));
#1451 = VECTOR('',#1452,1.);
#1452 = DIRECTION('',(0.980505118709,-0.196493542348));
#1453 = ( GEOMETRIC_REPRESENTATION_CONTEXT(2) 
PARAMETRIC_REPRESENTATION_CONTEXT() REPRESENTATION_CONTEXT('2D SPACE',''
  ) );
#1454 = PCURVE('',#1455,#1460);
#1455 = B_SPLINE_SURFACE_WITH_KNOTS('',1,1,(
    (#1456,#1457)
    ,(#1458,#1459
    )),.UNSPECIFIED.,.F.,.F.,.F.,(2,2),(2,2),(0.,3.925012918977E-03),(0.
    ,1.),.PIECEWISE_BEZIER_KNOTS.);
#1456 = CARTESIAN_POINT('',(28.257464255911,0.,13.663854757374));
#1457 = CARTESIAN_POINT('',(38.829478553546,700.,44.883758352553));
#1458 = CARTESIAN_POINT('',(24.409941566444,0.,12.887777719846));
#1459 = CARTESIAN_POINT('',(36.520964939867,700.,44.418112130036));
#1460 = DEFINITIONAL_REPRESENTATION('',(#1461),#1464);
#1461 = B_SPLINE_CURVE_WITH_KNOTS('',1,(#1462,#1463),.UNSPECIFIED.,.F.,
  .F.,(2,2),(0.,2.355007751386),.PIECEWISE_BEZIER_KNOTS.);
#1462 = CARTESIAN_POINT('',(0.,1.));
#1463 = CARTESIAN_POINT('',(3.925012918977E-03,1.));
#1464 = ( GEOMETRIC_REPRESENTATION_CONTEXT(2) 
PARAMETRIC_REPRESENTATION_CONTEXT() REPRESENTATION_CONTEXT('2D SPACE',''
  ) );
#1465 = ORIENTED_EDGE('',*,*,#1466,.T.);
#1466 = EDGE_CURVE('',#1440,#1467,#1469,.T.);
#1467 = VERTEX_POINT('',#1468);
#1468 = CARTESIAN_POINT('',(34.36258556712,700.,43.919120357494));
#1469 = SURFACE_CURVE('',#1470,(#1474,#1481),.PCURVE_S1.);
#1470 = LINE('',#1471,#1472);
#1471 = CARTESIAN_POINT('',(36.520964939867,700.,44.418112130036));
#1472 = VECTOR('',#1473,1.);
#1473 = DIRECTION('',(-0.974301687899,0.,-0.225247022083));
#1474 = PCURVE('',#94,#1475);
#1475 = DEFINITIONAL_REPRESENTATION('',(#1476),#1480);
#1476 = LINE('',#1477,#1478);
#1477 = CARTESIAN_POINT('',(116.6054301726,7.714249036283));
#1478 = VECTOR('',#1479,1.);
#1479 = DIRECTION('',(0.974584076745,-0.224022046584));
#1480 = ( GEOMETRIC_REPRESENTATION_CONTEXT(2) 
PARAMETRIC_REPRESENTATION_CONTEXT() REPRESENTATION_CONTEXT('2D SPACE',''
  ) );
#1481 = PCURVE('',#1482,#1487);
#1482 = B_SPLINE_SURFACE_WITH_KNOTS('',1,1,(
    (#1483,#1484)
    ,(#1485,#1486
    )),.UNSPECIFIED.,.F.,.F.,.F.,(2,2),(2,2),(0.,3.69218179467E-03),(0.,
    1.),.PIECEWISE_BEZIER_KNOTS.);
#1483 = CARTESIAN_POINT('',(24.409941566444,0.,12.887777719846));
#1484 = CARTESIAN_POINT('',(36.520964939867,700.,44.418112130036));
#1485 = CARTESIAN_POINT('',(20.812642611867,0.,12.056124765608));
#1486 = CARTESIAN_POINT('',(34.36258556712,700.,43.919120357494));
#1487 = DEFINITIONAL_REPRESENTATION('',(#1488),#1491);
#1488 = B_SPLINE_CURVE_WITH_KNOTS('',1,(#1489,#1490),.UNSPECIFIED.,.F.,
  .F.,(2,2),(0.,2.215309076802),.PIECEWISE_BEZIER_KNOTS.);
#1489 = CARTESIAN_POINT('',(0.,1.));
#1490 = CARTESIAN_POINT('',(3.69218179467E-03,1.));
#1491 = ( GEOMETRIC_REPRESENTATION_CONTEXT(2) 
PARAMETRIC_REPRESENTATION_CONTEXT() REPRESENTATION_CONTEXT('2D SPACE',''
  ) );
#1492 = ORIENTED_EDGE('',*,*,#1493,.T.);
#1493 = EDGE_CURVE('',#1467,#1494,#1496,.T.);
#1494 = VERTEX_POINT('',#1495);
#1495 = CARTESIAN_POINT('',(32.360540081741,700.,43.390600350524));
#1496 = SURFACE_CURVE('',#1497,(#1501,#1508),.PCURVE_S1.);
#1497 = LINE('',#1498,#1499);
#1498 = CARTESIAN_POINT('',(34.36258556712,700.,43.919120357494));
#1499 = VECTOR('',#1500,1.);
#1500 = DIRECTION('',(-0.966876233008,0.,-0.255245666065));
#1501 = PCURVE('',#94,#1502);
#1502 = DEFINITIONAL_REPRESENTATION('',(#1503),#1507);
#1503 = LINE('',#1504,#1505);
#1504 = CARTESIAN_POINT('',(118.76443512392,7.217970963082));
#1505 = VECTOR('',#1506,1.);
#1506 = DIRECTION('',(0.967196339104,-0.254030001424));
#1507 = ( GEOMETRIC_REPRESENTATION_CONTEXT(2) 
PARAMETRIC_REPRESENTATION_CONTEXT() REPRESENTATION_CONTEXT('2D SPACE',''
  ) );
#1508 = PCURVE('',#1509,#1514);
#1509 = B_SPLINE_SURFACE_WITH_KNOTS('',1,1,(
    (#1510,#1511)
    ,(#1512,#1513
    )),.UNSPECIFIED.,.F.,.F.,.F.,(2,2),(2,2),(0.,3.451054397368E-03),(0.
    ,1.),.PIECEWISE_BEZIER_KNOTS.);
#1510 = CARTESIAN_POINT('',(20.812642611867,0.,12.056124765608));
#1511 = CARTESIAN_POINT('',(34.36258556712,700.,43.919120357494));
#1512 = CARTESIAN_POINT('',(17.475900136236,0.,11.175258087325));
#1513 = CARTESIAN_POINT('',(32.360540081741,700.,43.390600350524));
#1514 = DEFINITIONAL_REPRESENTATION('',(#1515),#1518);
#1515 = B_SPLINE_CURVE_WITH_KNOTS('',1,(#1516,#1517),.UNSPECIFIED.,.F.,
  .F.,(2,2),(0.,2.070632638421),.PIECEWISE_BEZIER_KNOTS.);
#1516 = CARTESIAN_POINT('',(0.,1.));
#1517 = CARTESIAN_POINT('',(3.451054397368E-03,1.));
#1518 = ( GEOMETRIC_REPRESENTATION_CONTEXT(2) 
PARAMETRIC_REPRESENTATION_CONTEXT() REPRESENTATION_CONTEXT('2D SPACE',''
  ) );
#1519 = ORIENTED_EDGE('',*,*,#1520,.T.);
#1520 = EDGE_CURVE('',#1494,#1521,#1523,.T.);
#1521 = VERTEX_POINT('',#1522);
#1522 = CARTESIAN_POINT('',(30.52048855165,700.,42.836486261978));
#1523 = SURFACE_CURVE('',#1524,(#1528,#1535),.PCURVE_S1.);
#1524 = LINE('',#1525,#1526);
#1525 = CARTESIAN_POINT('',(32.360540081741,700.,43.390600350524));
#1526 = VECTOR('',#1527,1.);
#1527 = DIRECTION('',(-0.957525187661,0.,-0.288349640184));
#1528 = PCURVE('',#94,#1529);
#1529 = DEFINITIONAL_REPRESENTATION('',(#1530),#1534);
#1530 = LINE('',#1531,#1532);
#1531 = CARTESIAN_POINT('',(120.76714343143,6.691968150996));
#1532 = VECTOR('',#1533,1.);
#1533 = DIRECTION('',(0.95788691625,-0.287145704612));
#1534 = ( GEOMETRIC_REPRESENTATION_CONTEXT(2) 
PARAMETRIC_REPRESENTATION_CONTEXT() REPRESENTATION_CONTEXT('2D SPACE',''
  ) );
#1535 = PCURVE('',#1536,#1541);
#1536 = B_SPLINE_SURFACE_WITH_KNOTS('',1,1,(
    (#1537,#1538)
    ,(#1539,#1540
    )),.UNSPECIFIED.,.F.,.F.,.F.,(2,2),(2,2),(0.,3.202790474517E-03),(0.
    ,1.),.PIECEWISE_BEZIER_KNOTS.);
#1537 = CARTESIAN_POINT('',(17.475900136236,0.,11.175258087325));
#1538 = CARTESIAN_POINT('',(32.360540081741,700.,43.390600350524));
#1539 = CARTESIAN_POINT('',(14.409147586083,0.,10.251734606415));
#1540 = CARTESIAN_POINT('',(30.52048855165,700.,42.836486261978));
#1541 = DEFINITIONAL_REPRESENTATION('',(#1542),#1545);
#1542 = B_SPLINE_CURVE_WITH_KNOTS('',1,(#1543,#1544),.UNSPECIFIED.,.F.,
  .F.,(2,2),(0.,1.92167428471),.PIECEWISE_BEZIER_KNOTS.);
#1543 = CARTESIAN_POINT('',(0.,1.));
#1544 = CARTESIAN_POINT('',(3.202790474517E-03,1.));
#1545 = ( GEOMETRIC_REPRESENTATION_CONTEXT(2) 
PARAMETRIC_REPRESENTATION_CONTEXT() REPRESENTATION_CONTEXT('2D SPACE',''
  ) );
#1546 = ORIENTED_EDGE('',*,*,#1547,.T.);
#1547 = EDGE_CURVE('',#1521,#1548,#1550,.T.);
#1548 = VERTEX_POINT('',#1549);
#1549 = CARTESIAN_POINT('',(28.847539047756,700.,42.260754190977));
#1550 = SURFACE_CURVE('',#1551,(#1555,#1562),.PCURVE_S1.);
#1551 = LINE('',#1552,#1553);
#1552 = CARTESIAN_POINT('',(30.52048855165,700.,42.836486261978));
#1553 = VECTOR('',#1554,1.);
#1554 = DIRECTION('',(-0.945572610589,0.,-0.325411183128));
#1555 = PCURVE('',#94,#1556);
#1556 = DEFINITIONAL_REPRESENTATION('',(#1557),#1561);
#1557 = LINE('',#1558,#1559);
#1558 = CARTESIAN_POINT('',(122.60789008605,6.140167634478));
#1559 = VECTOR('',#1560,1.);
#1560 = DIRECTION('',(0.945980938796,-0.324222243891));
#1561 = ( GEOMETRIC_REPRESENTATION_CONTEXT(2) 
PARAMETRIC_REPRESENTATION_CONTEXT() REPRESENTATION_CONTEXT('2D SPACE',''
  ) );
#1562 = PCURVE('',#1563,#1568);
#1563 = B_SPLINE_SURFACE_WITH_KNOTS('',1,1,(
    (#1564,#1565)
    ,(#1566,#1567
    )),.UNSPECIFIED.,.F.,.F.,.F.,(2,2),(2,2),(0.,2.948741473615E-03),(0.
    ,1.),.PIECEWISE_BEZIER_KNOTS.);
#1564 = CARTESIAN_POINT('',(14.409147586083,0.,10.251734606415));
#1565 = CARTESIAN_POINT('',(30.52048855165,700.,42.836486261978));
#1566 = CARTESIAN_POINT('',(11.620898412926,0.,9.292181154747));
#1567 = CARTESIAN_POINT('',(28.847539047756,700.,42.260754190977));
#1568 = DEFINITIONAL_REPRESENTATION('',(#1569),#1572);
#1569 = B_SPLINE_CURVE_WITH_KNOTS('',1,(#1570,#1571),.UNSPECIFIED.,.F.,
  .F.,(2,2),(0.,1.769244884169),.PIECEWISE_BEZIER_KNOTS.);
#1570 = CARTESIAN_POINT('',(0.,1.));
#1571 = CARTESIAN_POINT('',(2.948741473615E-03,1.));
#1572 = ( GEOMETRIC_REPRESENTATION_CONTEXT(2) 
PARAMETRIC_REPRESENTATION_CONTEXT() REPRESENTATION_CONTEXT('2D SPACE',''
  ) );
#1573 = ORIENTED_EDGE('',*,*,#1574,.T.);
#1574 = EDGE_CURVE('',#1548,#1575,#1577,.T.);
#1575 = VERTEX_POINT('',#1576);
#1576 = CARTESIAN_POINT('',(27.3462393211,700.,41.667344603789));
#1577 = SURFACE_CURVE('',#1578,(#1582,#1589),.PCURVE_S1.);
#1578 = LINE('',#1579,#1580);
#1579 = CARTESIAN_POINT('',(28.847539047756,700.,42.260754190977));
#1580 = VECTOR('',#1581,1.);
#1581 = DIRECTION('',(-0.929987724738,0.,-0.367590576371));
#1582 = PCURVE('',#94,#1583);
#1583 = DEFINITIONAL_REPRESENTATION('',(#1584),#1588);
#1584 = LINE('',#1585,#1586);
#1585 = CARTESIAN_POINT('',(124.28156202254,5.566539088139));
#1586 = VECTOR('',#1587,1.);
#1587 = DIRECTION('',(0.9304490891,-0.366421195612));
#1588 = ( GEOMETRIC_REPRESENTATION_CONTEXT(2) 
PARAMETRIC_REPRESENTATION_CONTEXT() REPRESENTATION_CONTEXT('2D SPACE',''
  ) );
#1589 = PCURVE('',#1590,#1595);
#1590 = B_SPLINE_SURFACE_WITH_KNOTS('',1,1,(
    (#1591,#1592)
    ,(#1593,#1594
    )),.UNSPECIFIED.,.F.,.F.,.F.,(2,2),(2,2),(0.,2.690536815201E-03),(0.
    ,1.),.PIECEWISE_BEZIER_KNOTS.);
#1591 = CARTESIAN_POINT('',(11.620898412926,0.,9.292181154747));
#1592 = CARTESIAN_POINT('',(28.847539047756,700.,42.260754190977));
#1593 = CARTESIAN_POINT('',(9.118732201834,0.,8.303165176101));
#1594 = CARTESIAN_POINT('',(27.3462393211,700.,41.667344603789));
#1595 = DEFINITIONAL_REPRESENTATION('',(#1596),#1599);
#1596 = B_SPLINE_CURVE_WITH_KNOTS('',1,(#1597,#1598),.UNSPECIFIED.,.F.,
  .F.,(2,2),(0.,1.61432208912),.PIECEWISE_BEZIER_KNOTS.);
#1597 = CARTESIAN_POINT('',(0.,1.));
#1598 = CARTESIAN_POINT('',(2.690536815201E-03,1.));
#1599 = ( GEOMETRIC_REPRESENTATION_CONTEXT(2) 
PARAMETRIC_REPRESENTATION_CONTEXT() REPRESENTATION_CONTEXT('2D SPACE',''
  ) );
#1600 = ORIENTED_EDGE('',*,*,#1601,.T.);
#1601 = EDGE_CURVE('',#1575,#1602,#1604,.T.);
#1602 = VERTEX_POINT('',#1603);
#1603 = CARTESIAN_POINT('',(26.020572223511,700.,41.060083986011));
#1604 = SURFACE_CURVE('',#1605,(#1609,#1616),.PCURVE_S1.);
#1605 = LINE('',#1606,#1607);
#1606 = CARTESIAN_POINT('',(27.3462393211,700.,41.667344603789));
#1607 = VECTOR('',#1608,1.);
#1608 = DIRECTION('',(-0.909152290737,0.,-0.416463818655));
#1609 = PCURVE('',#94,#1610);
#1610 = DEFINITIONAL_REPRESENTATION('',(#1611),#1615);
#1611 = LINE('',#1612,#1613);
#1612 = CARTESIAN_POINT('',(125.78360653987,4.975017258141));
#1613 = VECTOR('',#1614,1.);
#1614 = DIRECTION('',(0.909675110258,-0.415320591564));
#1615 = ( GEOMETRIC_REPRESENTATION_CONTEXT(2) 
PARAMETRIC_REPRESENTATION_CONTEXT() REPRESENTATION_CONTEXT('2D SPACE',''
  ) );
#1616 = PCURVE('',#1617,#1622);
#1617 = B_SPLINE_SURFACE_WITH_KNOTS('',1,1,(
    (#1618,#1619)
    ,(#1620,#1621
    )),.UNSPECIFIED.,.F.,.F.,.F.,(2,2),(2,2),(0.,2.430225590544E-03),(0.
    ,1.),.PIECEWISE_BEZIER_KNOTS.);
#1618 = CARTESIAN_POINT('',(9.118732201834,0.,8.303165176101));
#1619 = CARTESIAN_POINT('',(27.3462393211,700.,41.667344603789));
#1620 = CARTESIAN_POINT('',(6.909287039184,0.,7.29106414647));
#1621 = CARTESIAN_POINT('',(26.020572223511,700.,41.060083986011));
#1622 = DEFINITIONAL_REPRESENTATION('',(#1623),#1626);
#1623 = B_SPLINE_CURVE_WITH_KNOTS('',1,(#1624,#1625),.UNSPECIFIED.,.F.,
  .F.,(2,2),(0.,1.458135354326),.PIECEWISE_BEZIER_KNOTS.);
#1624 = CARTESIAN_POINT('',(0.,1.));
#1625 = CARTESIAN_POINT('',(2.430225590544E-03,1.));
#1626 = ( GEOMETRIC_REPRESENTATION_CONTEXT(2) 
PARAMETRIC_REPRESENTATION_CONTEXT() REPRESENTATION_CONTEXT('2D SPACE',''
  ) );
#1627 = ORIENTED_EDGE('',*,*,#1628,.T.);
#1628 = EDGE_CURVE('',#1602,#1629,#1631,.T.);
#1629 = VERTEX_POINT('',#1630);
#1630 = CARTESIAN_POINT('',(24.873954404743,700.,40.442607735798));
#1631 = SURFACE_CURVE('',#1632,(#1636,#1643),.PCURVE_S1.);
#1632 = LINE('',#1633,#1634);
#1633 = CARTESIAN_POINT('',(26.020572223511,700.,41.060083986011));
#1634 = VECTOR('',#1635,1.);
#1635 = DIRECTION('',(-0.88044973384,0.,-0.47413950076));
#1636 = PCURVE('',#94,#1637);
#1637 = DEFINITIONAL_REPRESENTATION('',(#1638),#1642);
#1638 = LINE('',#1639,#1640);
#1639 = CARTESIAN_POINT('',(127.11003597909,4.369423620202));
#1640 = VECTOR('',#1641,1.);
#1641 = DIRECTION('',(0.881045080311,-0.473032310165));
#1642 = ( GEOMETRIC_REPRESENTATION_CONTEXT(2) 
PARAMETRIC_REPRESENTATION_CONTEXT() REPRESENTATION_CONTEXT('2D SPACE',''
  ) );
#1643 = PCURVE('',#1644,#1649);
#1644 = B_SPLINE_SURFACE_WITH_KNOTS('',1,1,(
    (#1645,#1646)
    ,(#1647,#1648
    )),.UNSPECIFIED.,.F.,.F.,.F.,(2,2),(2,2),(0.,2.170515390595E-03),(0.
    ,1.),.PIECEWISE_BEZIER_KNOTS.);
#1645 = CARTESIAN_POINT('',(6.909287039184,0.,7.29106414647));
#1646 = CARTESIAN_POINT('',(26.020572223511,700.,41.060083986011));
#1647 = CARTESIAN_POINT('',(4.998257341239,0.,6.261937062782));
#1648 = CARTESIAN_POINT('',(24.873954404743,700.,40.442607735798));
#1649 = DEFINITIONAL_REPRESENTATION('',(#1650),#1653);
#1650 = B_SPLINE_CURVE_WITH_KNOTS('',1,(#1651,#1652),.UNSPECIFIED.,.F.,
  .F.,(2,2),(0.,1.302309234357),.PIECEWISE_BEZIER_KNOTS.);
#1651 = CARTESIAN_POINT('',(0.,1.));
#1652 = CARTESIAN_POINT('',(2.170515390595E-03,1.));
#1653 = ( GEOMETRIC_REPRESENTATION_CONTEXT(2) 
PARAMETRIC_REPRESENTATION_CONTEXT() REPRESENTATION_CONTEXT('2D SPACE',''
  ) );
#1654 = ORIENTED_EDGE('',*,*,#1655,.T.);
#1655 = EDGE_CURVE('',#1629,#1656,#1658,.T.);
#1656 = VERTEX_POINT('',#1657);
#1657 = CARTESIAN_POINT('',(23.909237731561,700.,39.818286332529));
#1658 = SURFACE_CURVE('',#1659,(#1663,#1670),.PCURVE_S1.);
#1659 = LINE('',#1660,#1661);
#1660 = CARTESIAN_POINT('',(24.873954404743,700.,40.442607735798));
#1661 = VECTOR('',#1662,1.);
#1662 = DIRECTION('',(-0.839533255088,0.,-0.543308304374));
#1663 = PCURVE('',#94,#1664);
#1664 = DEFINITIONAL_REPRESENTATION('',(#1665),#1669);
#1665 = LINE('',#1666,#1667);
#1666 = CARTESIAN_POINT('',(128.25742912306,3.753389274524));
#1667 = VECTOR('',#1668,1.);
#1668 = DIRECTION('',(0.840215586195,-0.542252495351));
#1669 = ( GEOMETRIC_REPRESENTATION_CONTEXT(2) 
PARAMETRIC_REPRESENTATION_CONTEXT() REPRESENTATION_CONTEXT('2D SPACE',''
  ) );
#1670 = PCURVE('',#1671,#1676);
#1671 = B_SPLINE_SURFACE_WITH_KNOTS('',1,1,(
    (#1672,#1673)
    ,(#1674,#1675
    )),.UNSPECIFIED.,.F.,.F.,.F.,(2,2),(2,2),(0.,1.915184553114E-03),(0.
    ,1.),.PIECEWISE_BEZIER_KNOTS.);
#1672 = CARTESIAN_POINT('',(4.998257341239,0.,6.261937062782));
#1673 = CARTESIAN_POINT('',(24.873954404743,700.,40.442607735798));
#1674 = CARTESIAN_POINT('',(3.390396219269,0.,5.221401390666));
#1675 = CARTESIAN_POINT('',(23.909237731561,700.,39.818286332529));
#1676 = DEFINITIONAL_REPRESENTATION('',(#1677),#1680);
#1677 = B_SPLINE_CURVE_WITH_KNOTS('',1,(#1678,#1679),.UNSPECIFIED.,.F.,
  .F.,(2,2),(0.,1.149110731869),.PIECEWISE_BEZIER_KNOTS.);
#1678 = CARTESIAN_POINT('',(0.,1.));
#1679 = CARTESIAN_POINT('',(1.915184553114E-03,1.));
#1680 = ( GEOMETRIC_REPRESENTATION_CONTEXT(2) 
PARAMETRIC_REPRESENTATION_CONTEXT() REPRESENTATION_CONTEXT('2D SPACE',''
  ) );
#1681 = ORIENTED_EDGE('',*,*,#1682,.T.);
#1682 = EDGE_CURVE('',#1656,#1683,#1685,.T.);
#1683 = VERTEX_POINT('',#1684);
#1684 = CARTESIAN_POINT('',(23.128712818977,700.,39.190156772755));
#1685 = SURFACE_CURVE('',#1686,(#1690,#1697),.PCURVE_S1.);
#1686 = LINE('',#1687,#1688);
#1687 = CARTESIAN_POINT('',(23.909237731561,700.,39.818286332529));
#1688 = VECTOR('',#1689,1.);
#1689 = DIRECTION('',(-0.77905936783,0.,-0.626950158622));
#1690 = PCURVE('',#94,#1691);
#1691 = DEFINITIONAL_REPRESENTATION('',(#1692),#1696);
#1692 = LINE('',#1693,#1694);
#1693 = CARTESIAN_POINT('',(129.22292987024,3.130281112734));
#1694 = VECTOR('',#1695,1.);
#1695 = DIRECTION('',(0.779846893143,-0.625970305411));
#1696 = ( GEOMETRIC_REPRESENTATION_CONTEXT(2) 
PARAMETRIC_REPRESENTATION_CONTEXT() REPRESENTATION_CONTEXT('2D SPACE',''
  ) );
#1697 = PCURVE('',#1698,#1703);
#1698 = B_SPLINE_SURFACE_WITH_KNOTS('',1,1,(
    (#1699,#1700)
    ,(#1701,#1702
    )),.UNSPECIFIED.,.F.,.F.,.F.,(2,2),(2,2),(0.,1.669801953514E-03),(0.
    ,1.),.PIECEWISE_BEZIER_KNOTS.);
#1699 = CARTESIAN_POINT('',(3.390396219269,0.,5.221401390666));
#1700 = CARTESIAN_POINT('',(23.909237731561,700.,39.818286332529));
#1701 = CARTESIAN_POINT('',(2.089521364962,0.,4.174518791044));
#1702 = CARTESIAN_POINT('',(23.128712818977,700.,39.190156772755));
#1703 = DEFINITIONAL_REPRESENTATION('',(#1704),#1707);
#1704 = B_SPLINE_CURVE_WITH_KNOTS('',1,(#1705,#1706),.UNSPECIFIED.,.F.,
  .F.,(2,2),(0.,1.001881172108),.PIECEWISE_BEZIER_KNOTS.);
#1705 = CARTESIAN_POINT('',(0.,1.));
#1706 = CARTESIAN_POINT('',(1.669801953514E-03,1.));
#1707 = ( GEOMETRIC_REPRESENTATION_CONTEXT(2) 
PARAMETRIC_REPRESENTATION_CONTEXT() REPRESENTATION_CONTEXT('2D SPACE',''
  ) );
#1708 = ORIENTED_EDGE('',*,*,#1709,.T.);
#1709 = EDGE_CURVE('',#1683,#1710,#1712,.T.);
#1710 = VERTEX_POINT('',#1711);
#1711 = CARTESIAN_POINT('',(22.53411404416,700.,38.560861156337));
#1712 = SURFACE_CURVE('',#1713,(#1717,#1724),.PCURVE_S1.);
#1713 = LINE('',#1714,#1715);
#1714 = CARTESIAN_POINT('',(23.128712818977,700.,39.190156772755));
#1715 = VECTOR('',#1716,1.);
#1716 = DIRECTION('',(-0.686784702266,0.,-0.726860903291));
#1717 = PCURVE('',#94,#1718);
#1718 = DEFINITIONAL_REPRESENTATION('',(#1719),#1723);
#1719 = LINE('',#1720,#1721);
#1720 = CARTESIAN_POINT('',(130.00424378961,2.503133249444));
#1721 = VECTOR('',#1722,1.);
#1722 = DIRECTION('',(0.687697898581,-0.725996969888));
#1723 = ( GEOMETRIC_REPRESENTATION_CONTEXT(2) 
PARAMETRIC_REPRESENTATION_CONTEXT() REPRESENTATION_CONTEXT('2D SPACE',''
  ) );
#1724 = PCURVE('',#1725,#1730);
#1725 = B_SPLINE_SURFACE_WITH_KNOTS('',1,1,(
    (#1726,#1727)
    ,(#1728,#1729
    )),.UNSPECIFIED.,.F.,.F.,.F.,(2,2),(2,2),(0.,1.442952871196E-03),(0.
    ,1.),.PIECEWISE_BEZIER_KNOTS.);
#1726 = CARTESIAN_POINT('',(2.089521364962,0.,4.174518791044));
#1727 = CARTESIAN_POINT('',(23.128712818977,700.,39.190156772755));
#1728 = CARTESIAN_POINT('',(1.098523406933,0.,3.12569276368));
#1729 = CARTESIAN_POINT('',(22.53411404416,700.,38.560861156337));
#1730 = DEFINITIONAL_REPRESENTATION('',(#1731),#1734);
#1731 = B_SPLINE_CURVE_WITH_KNOTS('',1,(#1732,#1733),.UNSPECIFIED.,.F.,
  .F.,(2,2),(0.,0.865771722718),.PIECEWISE_BEZIER_KNOTS.);
#1732 = CARTESIAN_POINT('',(0.,1.));
#1733 = CARTESIAN_POINT('',(1.442952871196E-03,1.));
#1734 = ( GEOMETRIC_REPRESENTATION_CONTEXT(2) 
PARAMETRIC_REPRESENTATION_CONTEXT() REPRESENTATION_CONTEXT('2D SPACE',''
  ) );
#1735 = ORIENTED_EDGE('',*,*,#1736,.T.);
#1736 = EDGE_CURVE('',#1710,#1737,#1739,.T.);
#1737 = VERTEX_POINT('',#1738);
#1738 = CARTESIAN_POINT('',(22.12662543026,700.,37.932594133515));
#1739 = SURFACE_CURVE('',#1740,(#1744,#1751),.PCURVE_S1.);
#1740 = LINE('',#1741,#1742);
#1741 = CARTESIAN_POINT('',(22.53411404416,700.,38.560861156337));
#1742 = VECTOR('',#1743,1.);
#1743 = DIRECTION('',(-0.544157322423,0.,-0.838983199148));
#1744 = PCURVE('',#94,#1745);
#1745 = DEFINITIONAL_REPRESENTATION('',(#1746),#1750);
#1746 = LINE('',#1747,#1748);
#1747 = CARTESIAN_POINT('',(130.59963318398,1.874585602136));
#1748 = VECTOR('',#1749,1.);
#1749 = DIRECTION('',(0.545211580704,-0.838298474451));
#1750 = ( GEOMETRIC_REPRESENTATION_CONTEXT(2) 
PARAMETRIC_REPRESENTATION_CONTEXT() REPRESENTATION_CONTEXT('2D SPACE',''
  ) );
#1751 = PCURVE('',#1752,#1757);
#1752 = B_SPLINE_SURFACE_WITH_KNOTS('',1,1,(
    (#1753,#1754)
    ,(#1755,#1756
    )),.UNSPECIFIED.,.F.,.F.,.F.,(2,2),(2,2),(0.,1.248072316307E-03),(0.
    ,1.),.PIECEWISE_BEZIER_KNOTS.);
#1753 = CARTESIAN_POINT('',(1.098523406933,0.,3.12569276368));
#1754 = CARTESIAN_POINT('',(22.53411404416,700.,38.560861156337));
#1755 = CARTESIAN_POINT('',(0.419375717101,0.,2.078581058976));
#1756 = CARTESIAN_POINT('',(22.12662543026,700.,37.932594133515));
#1757 = DEFINITIONAL_REPRESENTATION('',(#1758),#1761);
#1758 = B_SPLINE_CURVE_WITH_KNOTS('',1,(#1759,#1760),.UNSPECIFIED.,.F.,
  .F.,(2,2),(0.,0.748843389784),.PIECEWISE_BEZIER_KNOTS.);
#1759 = CARTESIAN_POINT('',(0.,1.));
#1760 = CARTESIAN_POINT('',(1.248072316307E-03,1.));
#1761 = ( GEOMETRIC_REPRESENTATION_CONTEXT(2) 
PARAMETRIC_REPRESENTATION_CONTEXT() REPRESENTATION_CONTEXT('2D SPACE',''
  ) );
#1762 = ORIENTED_EDGE('',*,*,#1763,.T.);
#1763 = EDGE_CURVE('',#1737,#1764,#1766,.T.);
#1764 = VERTEX_POINT('',#1765);
#1765 = CARTESIAN_POINT('',(21.906886839592,700.,37.307060693871));
#1766 = SURFACE_CURVE('',#1767,(#1771,#1778),.PCURVE_S1.);
#1767 = LINE('',#1768,#1769);
#1768 = CARTESIAN_POINT('',(22.12662543026,700.,37.932594133515));
#1769 = VECTOR('',#1770,1.);
#1770 = DIRECTION('',(-0.331427689345,0.,-0.943480623402));
#1771 = PCURVE('',#94,#1772);
#1772 = DEFINITIONAL_REPRESENTATION('',(#1773),#1777);
#1773 = LINE('',#1774,#1775);
#1774 = CARTESIAN_POINT('',(131.00791127222,1.246831330877));
#1775 = VECTOR('',#1776,1.);
#1776 = DIRECTION('',(0.332613479734,-0.943063239183));
#1777 = ( GEOMETRIC_REPRESENTATION_CONTEXT(2) 
PARAMETRIC_REPRESENTATION_CONTEXT() REPRESENTATION_CONTEXT('2D SPACE',''
  ) );
#1778 = PCURVE('',#1779,#1784);
#1779 = B_SPLINE_SURFACE_WITH_KNOTS('',1,1,(
    (#1780,#1781)
    ,(#1782,#1783
    )),.UNSPECIFIED.,.F.,.F.,.F.,(2,2),(2,2),(0.,1.105010221599E-03),(0.
    ,1.),.PIECEWISE_BEZIER_KNOTS.);
#1780 = CARTESIAN_POINT('',(0.419375717101,0.,2.078581058976));
#1781 = CARTESIAN_POINT('',(22.12662543026,700.,37.932594133515));
#1782 = CARTESIAN_POINT('',(5.314473265355E-02,0.,1.036025326236));
#1783 = CARTESIAN_POINT('',(21.906886839592,700.,37.307060693871));
#1784 = DEFINITIONAL_REPRESENTATION('',(#1785),#1788);
#1785 = B_SPLINE_CURVE_WITH_KNOTS('',1,(#1786,#1787),.UNSPECIFIED.,.F.,
  .F.,(2,2),(0.,0.663006132959),.PIECEWISE_BEZIER_KNOTS.);
#1786 = CARTESIAN_POINT('',(0.,1.));
#1787 = CARTESIAN_POINT('',(1.105010221599E-03,1.));
#1788 = ( GEOMETRIC_REPRESENTATION_CONTEXT(2) 
PARAMETRIC_REPRESENTATION_CONTEXT() REPRESENTATION_CONTEXT('2D SPACE',''
  ) );
#1789 = ORIENTED_EDGE('',*,*,#1790,.T.);
#1790 = EDGE_CURVE('',#1764,#1791,#1793,.T.);
#1791 = VERTEX_POINT('',#1792);
#1792 = CARTESIAN_POINT('',(21.875,700.,36.685445498129));
#1793 = SURFACE_CURVE('',#1794,(#1798,#1805),.PCURVE_S1.);
#1794 = LINE('',#1795,#1796);
#1795 = CARTESIAN_POINT('',(21.906886839592,700.,37.307060693871));
#1796 = VECTOR('',#1797,1.);
#1797 = DIRECTION('',(-5.122939336216E-02,0.,-0.998686912529));
#1798 = PCURVE('',#94,#1799);
#1799 = DEFINITIONAL_REPRESENTATION('',(#1800),#1804);
#1800 = LINE('',#1801,#1802);
#1801 = CARTESIAN_POINT('',(131.22843604919,0.62157461953));
#1802 = VECTOR('',#1803,1.);
#1803 = DIRECTION('',(5.248480513966E-02,-0.998621722791));
#1804 = ( GEOMETRIC_REPRESENTATION_CONTEXT(2) 
PARAMETRIC_REPRESENTATION_CONTEXT() REPRESENTATION_CONTEXT('2D SPACE',''
  ) );
#1805 = PCURVE('',#1806,#1811);
#1806 = B_SPLINE_SURFACE_WITH_KNOTS('',1,1,(
    (#1807,#1808)
    ,(#1809,#1810
    )),.UNSPECIFIED.,.F.,.F.,.F.,(2,2),(2,2),(0.,1.037387506775E-03),(0.
    ,1.),.PIECEWISE_BEZIER_KNOTS.);
#1807 = CARTESIAN_POINT('',(5.314473265355E-02,0.,1.036025326236));
#1808 = CARTESIAN_POINT('',(21.906886839592,700.,37.307060693871));
#1809 = CARTESIAN_POINT('',(1.109592231547E-17,0.,1.873733110261E-16));
#1810 = CARTESIAN_POINT('',(21.875,700.,36.685445498129));
#1811 = DEFINITIONAL_REPRESENTATION('',(#1812),#1815);
#1812 = B_SPLINE_CURVE_WITH_KNOTS('',1,(#1813,#1814),.UNSPECIFIED.,.F.,
  .F.,(2,2),(0.,0.622432504065),.PIECEWISE_BEZIER_KNOTS.);
#1813 = CARTESIAN_POINT('',(0.,1.));
#1814 = CARTESIAN_POINT('',(1.037387506775E-03,1.));
#1815 = ( GEOMETRIC_REPRESENTATION_CONTEXT(2) 
PARAMETRIC_REPRESENTATION_CONTEXT() REPRESENTATION_CONTEXT('2D SPACE',''
  ) );
#1816 = ORIENTED_EDGE('',*,*,#1817,.T.);
#1817 = EDGE_CURVE('',#1791,#1818,#1820,.T.);
#1818 = VERTEX_POINT('',#1819);
#1819 = CARTESIAN_POINT('',(22.029134352833,700.,36.08241594359));
#1820 = SURFACE_CURVE('',#1821,(#1825,#1832),.PCURVE_S1.);
#1821 = LINE('',#1822,#1823);
#1822 = CARTESIAN_POINT('',(21.875,700.,36.685445498129));
#1823 = VECTOR('',#1824,1.);
#1824 = DIRECTION('',(0.247638685637,0.,-0.968852455937));
#1825 = PCURVE('',#94,#1826);
#1826 = DEFINITIONAL_REPRESENTATION('',(#1827),#1831);
#1827 = LINE('',#1828,#1829);
#1828 = CARTESIAN_POINT('',(131.26110429788,1.799868049641E-15));
#1829 = VECTOR('',#1830,1.);
#1830 = DIRECTION('',(-0.246420542691,-0.969162997715));
#1831 = ( GEOMETRIC_REPRESENTATION_CONTEXT(2) 
PARAMETRIC_REPRESENTATION_CONTEXT() REPRESENTATION_CONTEXT('2D SPACE',''
  ) );
#1832 = PCURVE('',#1833,#1838);
#1833 = B_SPLINE_SURFACE_WITH_KNOTS('',1,1,(
    (#1834,#1835)
    ,(#1836,#1837
    )),.UNSPECIFIED.,.F.,.F.,.F.,(2,2),(2,2),(0.,1.037360489109E-03),(0.
    ,1.),.PIECEWISE_BEZIER_KNOTS.);
#1834 = CARTESIAN_POINT('',(0.,0.,0.));
#1835 = CARTESIAN_POINT('',(21.875,700.,36.685445498129));
#1836 = CARTESIAN_POINT('',(0.256890588055,0.,-1.005049257566));
#1837 = CARTESIAN_POINT('',(22.029134352833,700.,36.08241594359));
#1838 = DEFINITIONAL_REPRESENTATION('',(#1839),#1842);
#1839 = B_SPLINE_CURVE_WITH_KNOTS('',1,(#1840,#1841),.UNSPECIFIED.,.F.,
  .F.,(2,2),(0.,0.622416293465),.PIECEWISE_BEZIER_KNOTS.);
#1840 = CARTESIAN_POINT('',(0.,1.));
#1841 = CARTESIAN_POINT('',(1.037360489109E-03,1.));
#1842 = ( GEOMETRIC_REPRESENTATION_CONTEXT(2) 
PARAMETRIC_REPRESENTATION_CONTEXT() REPRESENTATION_CONTEXT('2D SPACE',''
  ) );
#1843 = ORIENTED_EDGE('',*,*,#1844,.T.);
#1844 = EDGE_CURVE('',#1818,#1845,#1847,.T.);
#1845 = VERTEX_POINT('',#1846);
#1846 = CARTESIAN_POINT('',(22.366932042159,700.,35.512389334883));
#1847 = SURFACE_CURVE('',#1848,(#1852,#1859),.PCURVE_S1.);
#1848 = LINE('',#1849,#1850);
#1849 = CARTESIAN_POINT('',(22.029134352833,700.,36.08241594359));
#1850 = VECTOR('',#1851,1.);
#1851 = DIRECTION('',(0.509807018365,0.,-0.860288791061));
#1852 = PCURVE('',#94,#1853);
#1853 = DEFINITIONAL_REPRESENTATION('',(#1854),#1858);
#1854 = LINE('',#1855,#1856);
#1855 = CARTESIAN_POINT('',(131.10772813706,-0.603222840802));
#1856 = VECTOR('',#1857,1.);
#1857 = DIRECTION('',(-0.508725143968,-0.860928991203));
#1858 = ( GEOMETRIC_REPRESENTATION_CONTEXT(2) 
PARAMETRIC_REPRESENTATION_CONTEXT() REPRESENTATION_CONTEXT('2D SPACE',''
  ) );
#1859 = PCURVE('',#1860,#1865);
#1860 = B_SPLINE_SURFACE_WITH_KNOTS('',1,1,(
    (#1861,#1862)
    ,(#1863,#1864
    )),.UNSPECIFIED.,.F.,.F.,.F.,(2,2),(2,2),(0.,1.104331891472E-03),(0.
    ,1.),.PIECEWISE_BEZIER_KNOTS.);
#1861 = CARTESIAN_POINT('',(0.256890588055,0.,-1.005049257566));
#1862 = CARTESIAN_POINT('',(22.029134352833,700.,36.08241594359));
#1863 = CARTESIAN_POINT('',(0.819886736932,0.,-1.95509360541));
#1864 = CARTESIAN_POINT('',(22.366932042159,700.,35.512389334883));
#1865 = DEFINITIONAL_REPRESENTATION('',(#1866),#1869);
#1866 = B_SPLINE_CURVE_WITH_KNOTS('',1,(#1867,#1868),.UNSPECIFIED.,.F.,
  .F.,(2,2),(0.,0.662599134883),.PIECEWISE_BEZIER_KNOTS.);
#1867 = CARTESIAN_POINT('',(0.,1.));
#1868 = CARTESIAN_POINT('',(1.104331891472E-03,1.));
#1869 = ( GEOMETRIC_REPRESENTATION_CONTEXT(2) 
PARAMETRIC_REPRESENTATION_CONTEXT() REPRESENTATION_CONTEXT('2D SPACE',''
  ) );
#1870 = ORIENTED_EDGE('',*,*,#1871,.T.);
#1871 = EDGE_CURVE('',#1845,#1872,#1874,.T.);
#1872 = VERTEX_POINT('',#1873);
#1873 = CARTESIAN_POINT('',(22.886914398664,700.,34.975803000367));
#1874 = SURFACE_CURVE('',#1875,(#1879,#1886),.PCURVE_S1.);
#1875 = LINE('',#1876,#1877);
#1876 = CARTESIAN_POINT('',(22.366932042159,700.,35.512389334883));
#1877 = VECTOR('',#1878,1.);
#1878 = DIRECTION('',(0.695908671495,0.,-0.718130295238));
#1879 = PCURVE('',#94,#1880);
#1880 = DEFINITIONAL_REPRESENTATION('',(#1881),#1885);
#1881 = LINE('',#1882,#1883);
#1882 = CARTESIAN_POINT('',(130.77064729677,-1.173673645569));
#1883 = VECTOR('',#1884,1.);
#1884 = DIRECTION('',(-0.695005357912,-0.719004556643));
#1885 = ( GEOMETRIC_REPRESENTATION_CONTEXT(2) 
PARAMETRIC_REPRESENTATION_CONTEXT() REPRESENTATION_CONTEXT('2D SPACE',''
  ) );
#1886 = PCURVE('',#1887,#1892);
#1887 = B_SPLINE_SURFACE_WITH_KNOTS('',1,1,(
    (#1888,#1889)
    ,(#1890,#1891
    )),.UNSPECIFIED.,.F.,.F.,.F.,(2,2),(2,2),(0.,1.245331889571E-03),(0.
    ,1.),.PIECEWISE_BEZIER_KNOTS.);
#1888 = CARTESIAN_POINT('',(0.819886736932,0.,-1.95509360541));
#1889 = CARTESIAN_POINT('',(22.366932042159,700.,35.512389334883));
#1890 = CARTESIAN_POINT('',(1.686523997773,0.,-2.849404162937));
#1891 = CARTESIAN_POINT('',(22.886914398664,700.,34.975803000367));
#1892 = DEFINITIONAL_REPRESENTATION('',(#1893),#1896);
#1893 = B_SPLINE_CURVE_WITH_KNOTS('',1,(#1894,#1895),.UNSPECIFIED.,.F.,
  .F.,(2,2),(0.,0.747199133742),.PIECEWISE_BEZIER_KNOTS.);
#1894 = CARTESIAN_POINT('',(0.,1.));
#1895 = CARTESIAN_POINT('',(1.245331889571E-03,1.));
#1896 = ( GEOMETRIC_REPRESENTATION_CONTEXT(2) 
PARAMETRIC_REPRESENTATION_CONTEXT() REPRESENTATION_CONTEXT('2D SPACE',''
  ) );
#1897 = ORIENTED_EDGE('',*,*,#1898,.T.);
#1898 = EDGE_CURVE('',#1872,#1899,#1901,.T.);
#1899 = VERTEX_POINT('',#1900);
#1900 = CARTESIAN_POINT('',(23.587092267428,700.,34.473126160805));
#1901 = SURFACE_CURVE('',#1902,(#1906,#1913),.PCURVE_S1.);
#1902 = LINE('',#1903,#1904);
#1903 = CARTESIAN_POINT('',(22.886914398664,700.,34.975803000367));
#1904 = VECTOR('',#1905,1.);
#1905 = DIRECTION('',(0.812331958105,0.,-0.583195327348));
#1906 = PCURVE('',#94,#1907);
#1907 = DEFINITIONAL_REPRESENTATION('',(#1908),#1912);
#1908 = LINE('',#1909,#1910);
#1909 = CARTESIAN_POINT('',(130.2513398954,-1.710913227449));
#1910 = VECTOR('',#1911,1.);
#1911 = DIRECTION('',(-0.811598179676,-0.584216051429));
#1912 = ( GEOMETRIC_REPRESENTATION_CONTEXT(2) 
PARAMETRIC_REPRESENTATION_CONTEXT() REPRESENTATION_CONTEXT('2D SPACE',''
  ) );
#1913 = PCURVE('',#1914,#1919);
#1914 = B_SPLINE_SURFACE_WITH_KNOTS('',1,1,(
    (#1915,#1916)
    ,(#1917,#1918
    )),.UNSPECIFIED.,.F.,.F.,.F.,(2,2),(2,2),(0.,1.436559405257E-03),(0.
    ,1.),.PIECEWISE_BEZIER_KNOTS.);
#1915 = CARTESIAN_POINT('',(1.686523997773,0.,-2.849404162937));
#1916 = CARTESIAN_POINT('',(22.886914398664,700.,34.975803000367));
#1917 = CARTESIAN_POINT('',(2.85348711238,0.,-3.68719889554));
#1918 = CARTESIAN_POINT('',(23.587092267428,700.,34.473126160805));
#1919 = DEFINITIONAL_REPRESENTATION('',(#1920),#1923);
#1920 = B_SPLINE_CURVE_WITH_KNOTS('',1,(#1921,#1922),.UNSPECIFIED.,.F.,
  .F.,(2,2),(0.,0.861935643154),.PIECEWISE_BEZIER_KNOTS.);
#1921 = CARTESIAN_POINT('',(0.,1.));
#1922 = CARTESIAN_POINT('',(1.436559405257E-03,1.));
#1923 = ( GEOMETRIC_REPRESENTATION_CONTEXT(2) 
PARAMETRIC_REPRESENTATION_CONTEXT() REPRESENTATION_CONTEXT('2D SPACE',''
  ) );
#1924 = ORIENTED_EDGE('',*,*,#1925,.T.);
#1925 = EDGE_CURVE('',#1899,#1926,#1928,.T.);
#1926 = VERTEX_POINT('',#1927);
#1927 = CARTESIAN_POINT('',(24.464979486534,700.,34.00484382131));
#1928 = SURFACE_CURVE('',#1929,(#1933,#1940),.PCURVE_S1.);
#1929 = LINE('',#1930,#1931);
#1930 = CARTESIAN_POINT('',(23.587092267428,700.,34.473126160805));
#1931 = VECTOR('',#1932,1.);
#1932 = DIRECTION('',(0.882321296715,0.,-0.470647563855));
#1933 = PCURVE('',#94,#1934);
#1934 = DEFINITIONAL_REPRESENTATION('',(#1935),#1939);
#1935 = LINE('',#1936,#1937);
#1936 = CARTESIAN_POINT('',(129.55179449641,-2.214469865478));
#1937 = VECTOR('',#1938,1.);
#1938 = DIRECTION('',(-0.881728947108,-0.47175636067));
#1939 = ( GEOMETRIC_REPRESENTATION_CONTEXT(2) 
PARAMETRIC_REPRESENTATION_CONTEXT() REPRESENTATION_CONTEXT('2D SPACE',''
  ) );
#1940 = PCURVE('',#1941,#1946);
#1941 = B_SPLINE_SURFACE_WITH_KNOTS('',1,1,(
    (#1942,#1943)
    ,(#1944,#1945
    )),.UNSPECIFIED.,.F.,.F.,.F.,(2,2),(2,2),(0.,1.658290886351E-03),(0.
    ,1.),.PIECEWISE_BEZIER_KNOTS.);
#1942 = CARTESIAN_POINT('',(2.85348711238,0.,-3.68719889554));
#1943 = CARTESIAN_POINT('',(23.587092267428,700.,34.473126160805));
#1944 = CARTESIAN_POINT('',(4.316632477556,0.,-4.467669461365));
#1945 = CARTESIAN_POINT('',(24.464979486534,700.,34.00484382131));
#1946 = DEFINITIONAL_REPRESENTATION('',(#1947),#1950);
#1947 = B_SPLINE_CURVE_WITH_KNOTS('',1,(#1948,#1949),.UNSPECIFIED.,.F.,
  .F.,(2,2),(0.,0.994974531811),.PIECEWISE_BEZIER_KNOTS.);
#1948 = CARTESIAN_POINT('',(0.,1.));
#1949 = CARTESIAN_POINT('',(1.658290886351E-03,1.));
#1950 = ( GEOMETRIC_REPRESENTATION_CONTEXT(2) 
PARAMETRIC_REPRESENTATION_CONTEXT() REPRESENTATION_CONTEXT('2D SPACE',''
  ) );
#1951 = ORIENTED_EDGE('',*,*,#1952,.T.);
#1952 = EDGE_CURVE('',#1926,#1953,#1955,.T.);
#1953 = VERTEX_POINT('',#1954);
#1954 = CARTESIAN_POINT('',(25.517609483782,700.,33.571434710795));
#1955 = SURFACE_CURVE('',#1956,(#1960,#1967),.PCURVE_S1.);
#1956 = LINE('',#1957,#1958);
#1957 = CARTESIAN_POINT('',(24.464979486534,700.,34.00484382131));
#1958 = VECTOR('',#1959,1.);
#1959 = DIRECTION('',(0.924686377845,0.,-0.380729697591));
#1960 = PCURVE('',#94,#1961);
#1961 = DEFINITIONAL_REPRESENTATION('',(#1962),#1966);
#1962 = LINE('',#1963,#1964);
#1963 = CARTESIAN_POINT('',(128.67449665008,-2.683855429564));
#1964 = VECTOR('',#1965,1.);
#1965 = DIRECTION('',(-0.924207030777,-0.381891822722));
#1966 = ( GEOMETRIC_REPRESENTATION_CONTEXT(2) 
PARAMETRIC_REPRESENTATION_CONTEXT() REPRESENTATION_CONTEXT('2D SPACE',''
  ) );
#1967 = PCURVE('',#1968,#1973);
#1968 = B_SPLINE_SURFACE_WITH_KNOTS('',1,1,(
    (#1969,#1970)
    ,(#1971,#1972
    )),.UNSPECIFIED.,.F.,.F.,.F.,(2,2),(2,2),(0.,1.897273898243E-03),(0.
    ,1.),.PIECEWISE_BEZIER_KNOTS.);
#1969 = CARTESIAN_POINT('',(4.316632477556,0.,-4.467669461365));
#1970 = CARTESIAN_POINT('',(24.464979486534,700.,34.00484382131));
#1971 = CARTESIAN_POINT('',(6.071015806303,0.,-5.190017978889));
#1972 = CARTESIAN_POINT('',(25.517609483782,700.,33.571434710795));
#1973 = DEFINITIONAL_REPRESENTATION('',(#1974),#1977);
#1974 = B_SPLINE_CURVE_WITH_KNOTS('',1,(#1975,#1976),.UNSPECIFIED.,.F.,
  .F.,(2,2),(0.,1.138364338946),.PIECEWISE_BEZIER_KNOTS.);
#1975 = CARTESIAN_POINT('',(0.,1.));
#1976 = CARTESIAN_POINT('',(1.897273898243E-03,1.));
#1977 = ( GEOMETRIC_REPRESENTATION_CONTEXT(2) 
PARAMETRIC_REPRESENTATION_CONTEXT() REPRESENTATION_CONTEXT('2D SPACE',''
  ) );
#1978 = ORIENTED_EDGE('',*,*,#1979,.T.);
#1979 = EDGE_CURVE('',#1953,#1980,#1982,.T.);
#1980 = VERTEX_POINT('',#1981);
#1981 = CARTESIAN_POINT('',(26.74155448587,700.,33.173344239363));
#1982 = SURFACE_CURVE('',#1983,(#1987,#1994),.PCURVE_S1.);
#1983 = LINE('',#1984,#1985);
#1984 = CARTESIAN_POINT('',(25.517609483782,700.,33.571434710795));
#1985 = VECTOR('',#1986,1.);
#1986 = DIRECTION('',(0.95096362089,0.,-0.309302750948));
#1987 = PCURVE('',#94,#1988);
#1988 = DEFINITIONAL_REPRESENTATION('',(#1989),#1993);
#1989 = LINE('',#1990,#1991);
#1990 = CARTESIAN_POINT('',(127.62241232444,-3.118587461886));
#1991 = VECTOR('',#1992,1.);
#1992 = DIRECTION('',(-0.950574044083,-0.310497965718));
#1993 = ( GEOMETRIC_REPRESENTATION_CONTEXT(2) 
PARAMETRIC_REPRESENTATION_CONTEXT() REPRESENTATION_CONTEXT('2D SPACE',''
  ) );
#1994 = PCURVE('',#1995,#2000);
#1995 = B_SPLINE_SURFACE_WITH_KNOTS('',1,1,(
    (#1996,#1997)
    ,(#1998,#1999
    )),.UNSPECIFIED.,.F.,.F.,.F.,(2,2),(2,2),(0.,2.145096081494E-03),(0.
    ,1.),.PIECEWISE_BEZIER_KNOTS.);
#1996 = CARTESIAN_POINT('',(6.071015806303,0.,-5.190017978889));
#1997 = CARTESIAN_POINT('',(25.517609483782,700.,33.571434710795));
#1998 = CARTESIAN_POINT('',(8.110924143117,0.,-5.853502097944));
#1999 = CARTESIAN_POINT('',(26.74155448587,700.,33.173344239363));
#2000 = DEFINITIONAL_REPRESENTATION('',(#2001),#2004);
#2001 = B_SPLINE_CURVE_WITH_KNOTS('',1,(#2002,#2003),.UNSPECIFIED.,.F.,
  .F.,(2,2),(0.,1.287057648896),.PIECEWISE_BEZIER_KNOTS.);
#2002 = CARTESIAN_POINT('',(0.,1.));
#2003 = CARTESIAN_POINT('',(2.145096081494E-03,1.));
#2004 = ( GEOMETRIC_REPRESENTATION_CONTEXT(2) 
PARAMETRIC_REPRESENTATION_CONTEXT() REPRESENTATION_CONTEXT('2D SPACE',''
  ) );
#2005 = ORIENTED_EDGE('',*,*,#2006,.T.);
#2006 = EDGE_CURVE('',#1980,#2007,#2009,.T.);
#2007 = VERTEX_POINT('',#2008);
#2008 = CARTESIAN_POINT('',(28.132946741692,700.,32.810953662702));
#2009 = SURFACE_CURVE('',#2010,(#2014,#2021),.PCURVE_S1.);
#2010 = LINE('',#2011,#2012);
#2011 = CARTESIAN_POINT('',(26.74155448587,700.,33.173344239363));
#2012 = VECTOR('',#2013,1.);
#2013 = DIRECTION('',(0.967715949317,0.,-0.25204333246));
#2014 = PCURVE('',#94,#2015);
#2015 = DEFINITIONAL_REPRESENTATION('',(#2016),#2020);
#2016 = LINE('',#2017,#2018);
#2017 = CARTESIAN_POINT('',(126.39896873016,-3.51821624363));
#2018 = VECTOR('',#2019,1.);
#2019 = DIRECTION('',(-0.967398340257,-0.253259651875));
#2020 = ( GEOMETRIC_REPRESENTATION_CONTEXT(2) 
PARAMETRIC_REPRESENTATION_CONTEXT() REPRESENTATION_CONTEXT('2D SPACE',''
  ) );
#2021 = PCURVE('',#2022,#2027);
#2022 = B_SPLINE_SURFACE_WITH_KNOTS('',1,1,(
    (#2023,#2024)
    ,(#2025,#2026
    )),.UNSPECIFIED.,.F.,.F.,.F.,(2,2),(2,2),(0.,2.396351010515E-03),(0.
    ,1.),.PIECEWISE_BEZIER_KNOTS.);
#2023 = CARTESIAN_POINT('',(8.110924143117,0.,-5.853502097944));
#2024 = CARTESIAN_POINT('',(26.74155448587,700.,33.173344239363));
#2025 = CARTESIAN_POINT('',(10.429911236154,0.,-6.457486392378));
#2026 = CARTESIAN_POINT('',(28.132946741692,700.,32.810953662702));
#2027 = DEFINITIONAL_REPRESENTATION('',(#2028),#2031);
#2028 = B_SPLINE_CURVE_WITH_KNOTS('',1,(#2029,#2030),.UNSPECIFIED.,.F.,
  .F.,(2,2),(0.,1.437810606309),.PIECEWISE_BEZIER_KNOTS.);
#2029 = CARTESIAN_POINT('',(0.,1.));
#2030 = CARTESIAN_POINT('',(2.396351010515E-03,1.));
#2031 = ( GEOMETRIC_REPRESENTATION_CONTEXT(2) 
PARAMETRIC_REPRESENTATION_CONTEXT() REPRESENTATION_CONTEXT('2D SPACE',''
  ) );
#2032 = ORIENTED_EDGE('',*,*,#2033,.T.);
#2033 = EDGE_CURVE('',#2007,#2034,#2036,.T.);
#2034 = VERTEX_POINT('',#2035);
#2035 = CARTESIAN_POINT('',(29.687501101069,700.,32.484546814352));
#2036 = SURFACE_CURVE('',#2037,(#2041,#2048),.PCURVE_S1.);
#2037 = LINE('',#2038,#2039);
#2038 = CARTESIAN_POINT('',(28.132946741692,700.,32.810953662702));
#2039 = VECTOR('',#2040,1.);
#2040 = DIRECTION('',(0.978659772345,0.,-0.205487347529));
#2041 = PCURVE('',#94,#2042);
#2042 = DEFINITIONAL_REPRESENTATION('',(#2043),#2047);
#2043 = LINE('',#2044,#2045);
#2044 = CARTESIAN_POINT('',(125.00803313601,-3.882355657245));
#2045 = VECTOR('',#2046,1.);
#2046 = DIRECTION('',(-0.978400680303,-0.206717461242));
#2047 = ( GEOMETRIC_REPRESENTATION_CONTEXT(2) 
PARAMETRIC_REPRESENTATION_CONTEXT() REPRESENTATION_CONTEXT('2D SPACE',''
  ) );
#2048 = PCURVE('',#2049,#2054);
#2049 = B_SPLINE_SURFACE_WITH_KNOTS('',1,1,(
    (#2050,#2051)
    ,(#2052,#2053
    )),.UNSPECIFIED.,.F.,.F.,.F.,(2,2),(2,2),(0.,2.647420488213E-03),(0.
    ,1.),.PIECEWISE_BEZIER_KNOTS.);
#2050 = CARTESIAN_POINT('',(10.429911236154,0.,-6.457486392378));
#2051 = CARTESIAN_POINT('',(28.132946741692,700.,32.810953662702));
#2052 = CARTESIAN_POINT('',(13.020835168449,0.,-7.001497806294));
#2053 = CARTESIAN_POINT('',(29.687501101069,700.,32.484546814352));
#2054 = DEFINITIONAL_REPRESENTATION('',(#2055),#2058);
#2055 = B_SPLINE_CURVE_WITH_KNOTS('',1,(#2056,#2057),.UNSPECIFIED.,.F.,
  .F.,(2,2),(0.,1.588452292928),.PIECEWISE_BEZIER_KNOTS.);
#2056 = CARTESIAN_POINT('',(0.,1.));
#2057 = CARTESIAN_POINT('',(2.647420488213E-03,1.));
#2058 = ( GEOMETRIC_REPRESENTATION_CONTEXT(2) 
PARAMETRIC_REPRESENTATION_CONTEXT() REPRESENTATION_CONTEXT('2D SPACE',''
  ) );
#2059 = ORIENTED_EDGE('',*,*,#2060,.T.);
#2060 = EDGE_CURVE('',#2034,#2061,#2063,.T.);
#2061 = VERTEX_POINT('',#2062);
#2062 = CARTESIAN_POINT('',(31.400538265413,700.,32.194275884755));
#2063 = SURFACE_CURVE('',#2064,(#2068,#2075),.PCURVE_S1.);
#2064 = LINE('',#2065,#2066);
#2065 = CARTESIAN_POINT('',(29.687501101069,700.,32.484546814352));
#2066 = VECTOR('',#2067,1.);
#2067 = DIRECTION('',(0.985945607411,0.,-0.1670666311));
#2068 = PCURVE('',#94,#2069);
#2069 = DEFINITIONAL_REPRESENTATION('',(#2070),#2074);
#2070 = LINE('',#2071,#2072);
#2071 = CARTESIAN_POINT('',(123.45389033199,-4.210716482543));
#2072 = VECTOR('',#2073,1.);
#2073 = DIRECTION('',(-0.985734808408,-0.168305934216));
#2074 = ( GEOMETRIC_REPRESENTATION_CONTEXT(2) 
PARAMETRIC_REPRESENTATION_CONTEXT() REPRESENTATION_CONTEXT('2D SPACE',''
  ) );
#2075 = PCURVE('',#2076,#2081);
#2076 = B_SPLINE_SURFACE_WITH_KNOTS('',1,1,(
    (#2077,#2078)
    ,(#2079,#2080
    )),.UNSPECIFIED.,.F.,.F.,.F.,(2,2),(2,2),(0.,2.895760089718E-03),(0.
    ,1.),.PIECEWISE_BEZIER_KNOTS.);
#2077 = CARTESIAN_POINT('',(13.020835168449,0.,-7.001497806294));
#2078 = CARTESIAN_POINT('',(29.687501101069,700.,32.484546814352));
#2079 = CARTESIAN_POINT('',(15.875897109022,0.,-7.485282688957));
#2080 = CARTESIAN_POINT('',(31.400538265413,700.,32.194275884755));
#2081 = DEFINITIONAL_REPRESENTATION('',(#2082),#2085);
#2082 = B_SPLINE_CURVE_WITH_KNOTS('',1,(#2083,#2084),.UNSPECIFIED.,.F.,
  .F.,(2,2),(0.,1.737456053831),.PIECEWISE_BEZIER_KNOTS.);
#2083 = CARTESIAN_POINT('',(0.,1.));
#2084 = CARTESIAN_POINT('',(2.895760089718E-03,1.));
#2085 = ( GEOMETRIC_REPRESENTATION_CONTEXT(2) 
PARAMETRIC_REPRESENTATION_CONTEXT() REPRESENTATION_CONTEXT('2D SPACE',''
  ) );
#2086 = ORIENTED_EDGE('',*,*,#2087,.T.);
#2087 = EDGE_CURVE('',#2061,#2088,#2090,.T.);
#2088 = VERTEX_POINT('',#2089);
#2089 = CARTESIAN_POINT('',(33.267008038679,700.,31.940127785508));
#2090 = SURFACE_CURVE('',#2091,(#2095,#2102),.PCURVE_S1.);
#2091 = LINE('',#2092,#2093);
#2092 = CARTESIAN_POINT('',(31.400538265413,700.,32.194275884755));
#2093 = VECTOR('',#2094,1.);
#2094 = DIRECTION('',(0.990856481133,0.,-0.134920101527));
#2095 = PCURVE('',#94,#2096);
#2096 = DEFINITIONAL_REPRESENTATION('',(#2097),#2101);
#2097 = LINE('',#2098,#2099);
#2098 = CARTESIAN_POINT('',(121.74121942164,-4.503140646842));
#2099 = VECTOR('',#2100,1.);
#2100 = DIRECTION('',(-0.990686089747,-0.136165603518));
#2101 = ( GEOMETRIC_REPRESENTATION_CONTEXT(2) 
PARAMETRIC_REPRESENTATION_CONTEXT() REPRESENTATION_CONTEXT('2D SPACE',''
  ) );
#2102 = PCURVE('',#2103,#2108);
#2103 = B_SPLINE_SURFACE_WITH_KNOTS('',1,1,(
    (#2104,#2105)
    ,(#2106,#2107
    )),.UNSPECIFIED.,.F.,.F.,.F.,(2,2),(2,2),(0.,3.139488931722E-03),(0.
    ,1.),.PIECEWISE_BEZIER_KNOTS.);
#2104 = CARTESIAN_POINT('',(15.875897109022,0.,-7.485282688957));
#2105 = CARTESIAN_POINT('',(31.400538265413,700.,32.194275884755));
#2106 = CARTESIAN_POINT('',(18.986680064464,0.,-7.908862854368));
#2107 = CARTESIAN_POINT('',(33.267008038679,700.,31.940127785508));
#2108 = DEFINITIONAL_REPRESENTATION('',(#2109),#2112);
#2109 = B_SPLINE_CURVE_WITH_KNOTS('',1,(#2110,#2111),.UNSPECIFIED.,.F.,
  .F.,(2,2),(0.,1.883693359033),.PIECEWISE_BEZIER_KNOTS.);
#2110 = CARTESIAN_POINT('',(0.,1.));
#2111 = CARTESIAN_POINT('',(3.139488931722E-03,1.));
#2112 = ( GEOMETRIC_REPRESENTATION_CONTEXT(2) 
PARAMETRIC_REPRESENTATION_CONTEXT() REPRESENTATION_CONTEXT('2D SPACE',''
  ) );
#2113 = ORIENTED_EDGE('',*,*,#2114,.T.);
#2114 = EDGE_CURVE('',#2088,#2115,#2117,.T.);
#2115 = VERTEX_POINT('',#2116);
#2116 = CARTESIAN_POINT('',(35.281511954441,700.,31.721892635465));
#2117 = SURFACE_CURVE('',#2118,(#2122,#2129),.PCURVE_S1.);
#2118 = LINE('',#2119,#2120);
#2119 = CARTESIAN_POINT('',(33.267008038679,700.,31.940127785508));
#2120 = VECTOR('',#2121,1.);
#2121 = DIRECTION('',(0.994183242135,0.,-0.10770181548));
#2122 = PCURVE('',#94,#2123);
#2123 = DEFINITIONAL_REPRESENTATION('',(#2124),#2128);
#2124 = LINE('',#2125,#2126);
#2125 = CARTESIAN_POINT('',(119.8750706135,-4.759634889917));
#2126 = VECTOR('',#2127,1.);
#2127 = DIRECTION('',(-0.994047064308,-0.108951521058));
#2128 = ( GEOMETRIC_REPRESENTATION_CONTEXT(2) 
PARAMETRIC_REPRESENTATION_CONTEXT() REPRESENTATION_CONTEXT('2D SPACE',''
  ) );
#2129 = PCURVE('',#2130,#2135);
#2130 = B_SPLINE_SURFACE_WITH_KNOTS('',1,1,(
    (#2131,#2132)
    ,(#2133,#2134
    )),.UNSPECIFIED.,.F.,.F.,.F.,(2,2),(2,2),(0.,3.377150593546E-03),(0.
    ,1.),.PIECEWISE_BEZIER_KNOTS.);
#2131 = CARTESIAN_POINT('',(18.986680064464,0.,-7.908862854368));
#2132 = CARTESIAN_POINT('',(33.267008038679,700.,31.940127785508));
#2133 = CARTESIAN_POINT('',(22.344186590734,0.,-8.27258810444));
#2134 = CARTESIAN_POINT('',(35.281511954441,700.,31.721892635465));
#2135 = DEFINITIONAL_REPRESENTATION('',(#2136),#2139);
#2136 = B_SPLINE_CURVE_WITH_KNOTS('',1,(#2137,#2138),.UNSPECIFIED.,.F.,
  .F.,(2,2),(0.,2.026290356127),.PIECEWISE_BEZIER_KNOTS.);
#2137 = CARTESIAN_POINT('',(0.,1.));
#2138 = CARTESIAN_POINT('',(3.377150593546E-03,1.));
#2139 = ( GEOMETRIC_REPRESENTATION_CONTEXT(2) 
PARAMETRIC_REPRESENTATION_CONTEXT() REPRESENTATION_CONTEXT('2D SPACE',''
  ) );
#2140 = ORIENTED_EDGE('',*,*,#2141,.T.);
#2141 = EDGE_CURVE('',#2115,#2142,#2144,.T.);
#2142 = VERTEX_POINT('',#2143);
#2143 = CARTESIAN_POINT('',(37.438324734958,700.,31.539135841962));
#2144 = SURFACE_CURVE('',#2145,(#2149,#2156),.PCURVE_S1.);
#2145 = LINE('',#2146,#2147);
#2146 = CARTESIAN_POINT('',(35.281511954441,700.,31.721892635465));
#2147 = VECTOR('',#2148,1.);
#2148 = DIRECTION('',(0.99642923586,0.,-8.443209060273E-02));
#2149 = PCURVE('',#94,#2150);
#2150 = DEFINITIONAL_REPRESENTATION('',(#2151),#2155);
#2151 = LINE('',#2152,#2153);
#2152 = CARTESIAN_POINT('',(117.86084263356,-4.980402306322));
#2153 = VECTOR('',#2154,1.);
#2154 = DIRECTION('',(-0.996322308698,-8.568463801299E-02));
#2155 = ( GEOMETRIC_REPRESENTATION_CONTEXT(2) 
PARAMETRIC_REPRESENTATION_CONTEXT() REPRESENTATION_CONTEXT('2D SPACE',''
  ) );
#2156 = PCURVE('',#2157,#2162);
#2157 = B_SPLINE_SURFACE_WITH_KNOTS('',1,1,(
    (#2158,#2159)
    ,(#2160,#2161
    )),.UNSPECIFIED.,.F.,.F.,.F.,(2,2),(2,2),(0.,3.607569748219E-03),(0.
    ,1.),.PIECEWISE_BEZIER_KNOTS.);
#2158 = CARTESIAN_POINT('',(22.344186590734,0.,-8.27258810444));
#2159 = CARTESIAN_POINT('',(35.281511954441,700.,31.721892635465));
#2160 = CARTESIAN_POINT('',(25.938874558264,0.,-8.577182760277));
#2161 = CARTESIAN_POINT('',(37.438324734958,700.,31.539135841962));
#2162 = DEFINITIONAL_REPRESENTATION('',(#2163),#2166);
#2163 = B_SPLINE_CURVE_WITH_KNOTS('',1,(#2164,#2165),.UNSPECIFIED.,.F.,
  .F.,(2,2),(0.,2.164541848931),.PIECEWISE_BEZIER_KNOTS.);
#2164 = CARTESIAN_POINT('',(0.,1.));
#2165 = CARTESIAN_POINT('',(3.607569748219E-03,1.));
#2166 = ( GEOMETRIC_REPRESENTATION_CONTEXT(2) 
PARAMETRIC_REPRESENTATION_CONTEXT() REPRESENTATION_CONTEXT('2D SPACE',''
  ) );
#2167 = ORIENTED_EDGE('',*,*,#2168,.T.);
#2168 = EDGE_CURVE('',#2142,#2169,#2171,.T.);
#2169 = VERTEX_POINT('',#2170);
#2170 = CARTESIAN_POINT('',(39.731414145676,700.,31.391175127666));
#2171 = SURFACE_CURVE('',#2172,(#2176,#2183),.PCURVE_S1.);
#2172 = LINE('',#2173,#2174);
#2173 = CARTESIAN_POINT('',(37.438324734958,700.,31.539135841962));
#2174 = VECTOR('',#2175,1.);
#2175 = DIRECTION('',(0.99792476477,0.,-6.439071251177E-02));
#2176 = PCURVE('',#94,#2177);
#2177 = DEFINITIONAL_REPRESENTATION('',(#2178),#2182);
#2178 = LINE('',#2179,#2180);
#2179 = CARTESIAN_POINT('',(115.70426130136,-5.165870291111));
#2180 = VECTOR('',#2181,1.);
#2181 = DIRECTION('',(-0.997843030502,-6.56451557916E-02));
#2182 = ( GEOMETRIC_REPRESENTATION_CONTEXT(2) 
PARAMETRIC_REPRESENTATION_CONTEXT() REPRESENTATION_CONTEXT('2D SPACE',''
  ) );
#2183 = PCURVE('',#2184,#2189);
#2184 = B_SPLINE_SURFACE_WITH_KNOTS('',1,1,(
    (#2185,#2186)
    ,(#2187,#2188
    )),.UNSPECIFIED.,.F.,.F.,.F.,(2,2),(2,2),(0.,3.829763344343E-03),(0.
    ,1.),.PIECEWISE_BEZIER_KNOTS.);
#2185 = CARTESIAN_POINT('',(25.938874558264,0.,-8.577182760277));
#2186 = CARTESIAN_POINT('',(37.438324734958,700.,31.539135841962));
#2187 = CARTESIAN_POINT('',(29.760690242794,0.,-8.823783950771));
#2188 = CARTESIAN_POINT('',(39.731414145676,700.,31.391175127666));
#2189 = DEFINITIONAL_REPRESENTATION('',(#2190),#2193);
#2190 = B_SPLINE_CURVE_WITH_KNOTS('',1,(#2191,#2192),.UNSPECIFIED.,.F.,
  .F.,(2,2),(0.,2.297858006606),.PIECEWISE_BEZIER_KNOTS.);
#2191 = CARTESIAN_POINT('',(0.,1.));
#2192 = CARTESIAN_POINT('',(3.829763344343E-03,1.));
#2193 = ( GEOMETRIC_REPRESENTATION_CONTEXT(2) 
PARAMETRIC_REPRESENTATION_CONTEXT() REPRESENTATION_CONTEXT('2D SPACE',''
  ) );
#2194 = ORIENTED_EDGE('',*,*,#2195,.T.);
#2195 = EDGE_CURVE('',#2169,#2196,#2198,.T.);
#2196 = VERTEX_POINT('',#2197);
#2197 = CARTESIAN_POINT('',(42.154458937203,700.,31.277063675647));
#2198 = SURFACE_CURVE('',#2199,(#2203,#2210),.PCURVE_S1.);
#2199 = LINE('',#2200,#2201);
#2200 = CARTESIAN_POINT('',(39.731414145676,700.,31.391175127666));
#2201 = VECTOR('',#2202,1.);
#2202 = DIRECTION('',(0.998892907496,0.,-4.704210193897E-02));
#2203 = PCURVE('',#94,#2204);
#2204 = DEFINITIONAL_REPRESENTATION('',(#2205),#2209);
#2205 = LINE('',#2206,#2207);
#2206 = CARTESIAN_POINT('',(113.41135970438,-5.316713537942));
#2207 = VECTOR('',#2208,1.);
#2208 = DIRECTION('',(-0.998832981451,-4.829777598195E-02));
#2209 = ( GEOMETRIC_REPRESENTATION_CONTEXT(2) 
PARAMETRIC_REPRESENTATION_CONTEXT() REPRESENTATION_CONTEXT('2D SPACE',''
  ) );
#2210 = PCURVE('',#2211,#2216);
#2211 = B_SPLINE_SURFACE_WITH_KNOTS('',1,1,(
    (#2212,#2213)
    ,(#2214,#2215
    )),.UNSPECIFIED.,.F.,.F.,.F.,(2,2),(2,2),(0.,4.042883832265E-03),(0.
    ,1.),.PIECEWISE_BEZIER_KNOTS.);
#2212 = CARTESIAN_POINT('',(29.760690242794,0.,-8.823783950771));
#2213 = CARTESIAN_POINT('',(39.731414145676,700.,31.391175127666));
#2214 = CARTESIAN_POINT('',(33.799098228672,0.,-9.013969704136));
#2215 = CARTESIAN_POINT('',(42.154458937203,700.,31.277063675647));
#2216 = DEFINITIONAL_REPRESENTATION('',(#2217),#2220);
#2217 = B_SPLINE_CURVE_WITH_KNOTS('',1,(#2218,#2219),.UNSPECIFIED.,.F.,
  .F.,(2,2),(0.,2.425730299359),.PIECEWISE_BEZIER_KNOTS.);
#2218 = CARTESIAN_POINT('',(0.,1.));
#2219 = CARTESIAN_POINT('',(4.042883832265E-03,1.));
#2220 = ( GEOMETRIC_REPRESENTATION_CONTEXT(2) 
PARAMETRIC_REPRESENTATION_CONTEXT() REPRESENTATION_CONTEXT('2D SPACE',''
  ) );
#2221 = ORIENTED_EDGE('',*,*,#2222,.T.);
#2222 = EDGE_CURVE('',#2196,#2223,#2225,.T.);
#2223 = VERTEX_POINT('',#2224);
#2224 = CARTESIAN_POINT('',(44.700864708679,700.,31.195580339198));
#2225 = SURFACE_CURVE('',#2226,(#2230,#2237),.PCURVE_S1.);
#2226 = LINE('',#2227,#2228);
#2227 = CARTESIAN_POINT('',(42.154458937203,700.,31.277063675647));
#2228 = VECTOR('',#2229,1.);
#2229 = DIRECTION('',(0.999488413562,0.,-3.198298228487E-02));
#2230 = PCURVE('',#94,#2231);
#2231 = DEFINITIONAL_REPRESENTATION('',(#2232),#2236);
#2232 = LINE('',#2233,#2234);
#2233 = CARTESIAN_POINT('',(110.98846027728,-5.433870916533));
#2234 = VECTOR('',#2235,1.);
#2235 = DIRECTION('',(-0.999447417911,-3.323941683931E-02));
#2236 = ( GEOMETRIC_REPRESENTATION_CONTEXT(2) 
PARAMETRIC_REPRESENTATION_CONTEXT() REPRESENTATION_CONTEXT('2D SPACE',''
  ) );
#2237 = PCURVE('',#2238,#2243);
#2238 = B_SPLINE_SURFACE_WITH_KNOTS('',1,1,(
    (#2239,#2240)
    ,(#2241,#2242
    )),.UNSPECIFIED.,.F.,.F.,.F.,(2,2),(2,2),(0.,4.246181908205E-03),(0.
    ,1.),.PIECEWISE_BEZIER_KNOTS.);
#2239 = CARTESIAN_POINT('',(33.799098228672,0.,-9.013969704136));
#2240 = CARTESIAN_POINT('',(42.154458937203,700.,31.277063675647));
#2241 = CARTESIAN_POINT('',(38.043107847798,0.,-9.149775264884));
#2242 = CARTESIAN_POINT('',(44.700864708679,700.,31.195580339198));
#2243 = DEFINITIONAL_REPRESENTATION('',(#2244),#2247);
#2244 = B_SPLINE_CURVE_WITH_KNOTS('',1,(#2245,#2246),.UNSPECIFIED.,.F.,
  .F.,(2,2),(0.,2.547709144923),.PIECEWISE_BEZIER_KNOTS.);
#2245 = CARTESIAN_POINT('',(0.,1.));
#2246 = CARTESIAN_POINT('',(4.246181908205E-03,1.));
#2247 = ( GEOMETRIC_REPRESENTATION_CONTEXT(2) 
PARAMETRIC_REPRESENTATION_CONTEXT() REPRESENTATION_CONTEXT('2D SPACE',''
  ) );
#2248 = ORIENTED_EDGE('',*,*,#2249,.T.);
#2249 = EDGE_CURVE('',#2223,#2250,#2252,.T.);
#2250 = VERTEX_POINT('',#2251);
#2251 = CARTESIAN_POINT('',(47.363777673175,700.,31.145227597206));
#2252 = SURFACE_CURVE('',#2253,(#2257,#2264),.PCURVE_S1.);
#2253 = LINE('',#2254,#2255);
#2254 = CARTESIAN_POINT('',(44.700864708679,700.,31.195580339198));
#2255 = VECTOR('',#2256,1.);
#2256 = DIRECTION('',(0.999821274768,0.,-1.890551563585E-02));
#2257 = PCURVE('',#94,#2258);
#2258 = DEFINITIONAL_REPRESENTATION('',(#2259),#2263);
#2259 = LINE('',#2260,#2261);
#2260 = CARTESIAN_POINT('',(108.4421589508,-5.518555282786));
#2261 = VECTOR('',#2262,1.);
#2262 = DIRECTION('',(-0.999796718576,-2.01623789643E-02));
#2263 = ( GEOMETRIC_REPRESENTATION_CONTEXT(2) 
PARAMETRIC_REPRESENTATION_CONTEXT() REPRESENTATION_CONTEXT('2D SPACE',''
  ) );
#2264 = PCURVE('',#2265,#2270);
#2265 = B_SPLINE_SURFACE_WITH_KNOTS('',1,1,(
    (#2266,#2267)
    ,(#2268,#2269
    )),.UNSPECIFIED.,.F.,.F.,.F.,(2,2),(2,2),(0.,4.438981632183E-03),(0.
    ,1.),.PIECEWISE_BEZIER_KNOTS.);
#2266 = CARTESIAN_POINT('',(38.043107847798,0.,-9.149775264884));
#2267 = CARTESIAN_POINT('',(44.700864708679,700.,31.195580339198));
#2268 = CARTESIAN_POINT('',(42.481296121958,0.,-9.233696501539));
#2269 = CARTESIAN_POINT('',(47.363777673175,700.,31.145227597206));
#2270 = DEFINITIONAL_REPRESENTATION('',(#2271),#2274);
#2271 = B_SPLINE_CURVE_WITH_KNOTS('',1,(#2272,#2273),.UNSPECIFIED.,.F.,
  .F.,(2,2),(0.,2.66338897931),.PIECEWISE_BEZIER_KNOTS.);
#2272 = CARTESIAN_POINT('',(0.,1.));
#2273 = CARTESIAN_POINT('',(4.438981632183E-03,1.));
#2274 = ( GEOMETRIC_REPRESENTATION_CONTEXT(2) 
PARAMETRIC_REPRESENTATION_CONTEXT() REPRESENTATION_CONTEXT('2D SPACE',''
  ) );
#2275 = ORIENTED_EDGE('',*,*,#2276,.T.);
#2276 = EDGE_CURVE('',#2250,#2277,#2279,.T.);
#2277 = VERTEX_POINT('',#2278);
#2278 = CARTESIAN_POINT('',(50.136096448774,700.,31.124237641167));
#2279 = SURFACE_CURVE('',#2280,(#2284,#2291),.PCURVE_S1.);
#2280 = LINE('',#2281,#2282);
#2281 = CARTESIAN_POINT('',(47.363777673175,700.,31.145227597206));
#2282 = VECTOR('',#2283,1.);
#2283 = DIRECTION('',(0.999971339216,0.,-7.571046531489E-03));
#2284 = PCURVE('',#94,#2285);
#2285 = DEFINITIONAL_REPRESENTATION('',(#2286),#2290);
#2286 = LINE('',#2287,#2288);
#2287 = CARTESIAN_POINT('',(105.77931138899,-5.572255540717));
#2288 = VECTOR('',#2289,1.);
#2289 = DIRECTION('',(-0.9999610315,-8.828107462382E-03));
#2290 = ( GEOMETRIC_REPRESENTATION_CONTEXT(2) 
PARAMETRIC_REPRESENTATION_CONTEXT() REPRESENTATION_CONTEXT('2D SPACE',''
  ) );
#2291 = PCURVE('',#2292,#2297);
#2292 = B_SPLINE_SURFACE_WITH_KNOTS('',1,1,(
    (#2293,#2294)
    ,(#2295,#2296
    )),.UNSPECIFIED.,.F.,.F.,.F.,(2,2),(2,2),(0.,4.620663724508E-03),(0.
    ,1.),.PIECEWISE_BEZIER_KNOTS.);
#2293 = CARTESIAN_POINT('',(42.481296121958,0.,-9.233696501539));
#2294 = CARTESIAN_POINT('',(47.363777673175,700.,31.145227597206));
#2295 = CARTESIAN_POINT('',(47.101827414624,0.,-9.268679761603));
#2296 = CARTESIAN_POINT('',(50.136096448774,700.,31.124237641167));
#2297 = DEFINITIONAL_REPRESENTATION('',(#2298),#2301);
#2298 = B_SPLINE_CURVE_WITH_KNOTS('',1,(#2299,#2300),.UNSPECIFIED.,.F.,
  .F.,(2,2),(0.,2.772398234705),.PIECEWISE_BEZIER_KNOTS.);
#2299 = CARTESIAN_POINT('',(0.,1.));
#2300 = CARTESIAN_POINT('',(4.620663724508E-03,1.));
#2301 = ( GEOMETRIC_REPRESENTATION_CONTEXT(2) 
PARAMETRIC_REPRESENTATION_CONTEXT() REPRESENTATION_CONTEXT('2D SPACE',''
  ) );
#2302 = ORIENTED_EDGE('',*,*,#2303,.T.);
#2303 = EDGE_CURVE('',#2277,#2304,#2306,.T.);
#2304 = VERTEX_POINT('',#2305);
#2305 = CARTESIAN_POINT('',(53.010482130023,700.,31.130586667956));
#2306 = SURFACE_CURVE('',#2307,(#2311,#2318),.PCURVE_S1.);
#2307 = LINE('',#2308,#2309);
#2308 = CARTESIAN_POINT('',(50.136096448774,700.,31.124237641167));
#2309 = VECTOR('',#2310,1.);
#2310 = DIRECTION('',(0.999997560546,0.,2.208823729628E-03));
#2311 = PCURVE('',#94,#2312);
#2312 = DEFINITIONAL_REPRESENTATION('',(#2313),#2317);
#2313 = LINE('',#2314,#2315);
#2314 = CARTESIAN_POINT('',(103.00702119049,-5.596730570261));
#2315 = VECTOR('',#2316,1.);
#2316 = DIRECTION('',(-0.999999547112,9.517221082187E-04));
#2317 = ( GEOMETRIC_REPRESENTATION_CONTEXT(2) 
PARAMETRIC_REPRESENTATION_CONTEXT() REPRESENTATION_CONTEXT('2D SPACE',''
  ) );
#2318 = PCURVE('',#2319,#2324);
#2319 = B_SPLINE_SURFACE_WITH_KNOTS('',1,1,(
    (#2320,#2321)
    ,(#2322,#2323
    )),.UNSPECIFIED.,.F.,.F.,.F.,(2,2),(2,2),(0.,4.790654488663E-03),(0.
    ,1.),.PIECEWISE_BEZIER_KNOTS.);
#2320 = CARTESIAN_POINT('',(47.101827414624,0.,-9.268679761603));
#2321 = CARTESIAN_POINT('',(50.136096448774,700.,31.124237641167));
#2322 = CARTESIAN_POINT('',(51.892470216705,0.,-9.258098050288));
#2323 = CARTESIAN_POINT('',(53.010482130023,700.,31.130586667956));
#2324 = DEFINITIONAL_REPRESENTATION('',(#2325),#2328);
#2325 = B_SPLINE_CURVE_WITH_KNOTS('',1,(#2326,#2327),.UNSPECIFIED.,.F.,
  .F.,(2,2),(0.,2.874392693198),.PIECEWISE_BEZIER_KNOTS.);
#2326 = CARTESIAN_POINT('',(0.,1.));
#2327 = CARTESIAN_POINT('',(4.790654488663E-03,1.));
#2328 = ( GEOMETRIC_REPRESENTATION_CONTEXT(2) 
PARAMETRIC_REPRESENTATION_CONTEXT() REPRESENTATION_CONTEXT('2D SPACE',''
  ) );
#2329 = ORIENTED_EDGE('',*,*,#2330,.T.);
#2330 = EDGE_CURVE('',#2304,#2331,#2333,.T.);
#2331 = VERTEX_POINT('',#2332);
#2332 = CARTESIAN_POINT('',(55.979367006188,700.,31.16201713589));
#2333 = SURFACE_CURVE('',#2334,(#2338,#2345),.PCURVE_S1.);
#2334 = LINE('',#2335,#2336);
#2335 = CARTESIAN_POINT('',(53.010482130023,700.,31.130586667956));
#2336 = VECTOR('',#2337,1.);
#2337 = DIRECTION('',(0.999943966406,0.,1.05860308105E-02));
#2338 = PCURVE('',#94,#2339);
#2339 = DEFINITIONAL_REPRESENTATION('',(#2340),#2344);
#2340 = LINE('',#2341,#2342);
#2341 = CARTESIAN_POINT('',(100.13262979907,-5.593994947187));
#2342 = VECTOR('',#2343,1.);
#2343 = DIRECTION('',(-0.999956484027,9.328989943154E-03));
#2344 = ( GEOMETRIC_REPRESENTATION_CONTEXT(2) 
PARAMETRIC_REPRESENTATION_CONTEXT() REPRESENTATION_CONTEXT('2D SPACE',''
  ) );
#2345 = PCURVE('',#2346,#2351);
#2346 = B_SPLINE_SURFACE_WITH_KNOTS('',1,1,(
    (#2347,#2348)
    ,(#2349,#2350
    )),.UNSPECIFIED.,.F.,.F.,.F.,(2,2),(2,2),(0.,4.948418737963E-03),(0.
    ,1.),.PIECEWISE_BEZIER_KNOTS.);
#2347 = CARTESIAN_POINT('',(51.892470216705,0.,-9.258098050288));
#2348 = CARTESIAN_POINT('',(53.010482130023,700.,31.130586667956));
#2349 = CARTESIAN_POINT('',(56.840611676981,0.,-9.205713937065));
#2350 = CARTESIAN_POINT('',(55.979367006188,700.,31.16201713589));
#2351 = DEFINITIONAL_REPRESENTATION('',(#2352),#2355);
#2352 = B_SPLINE_CURVE_WITH_KNOTS('',1,(#2353,#2354),.UNSPECIFIED.,.F.,
  .F.,(2,2),(0.,2.969051242778),.PIECEWISE_BEZIER_KNOTS.);
#2353 = CARTESIAN_POINT('',(0.,1.));
#2354 = CARTESIAN_POINT('',(4.948418737963E-03,1.));
#2355 = ( GEOMETRIC_REPRESENTATION_CONTEXT(2) 
PARAMETRIC_REPRESENTATION_CONTEXT() REPRESENTATION_CONTEXT('2D SPACE',''
  ) );
#2356 = ORIENTED_EDGE('',*,*,#2357,.T.);
#2357 = EDGE_CURVE('',#2331,#2358,#2360,.T.);
#2358 = VERTEX_POINT('',#2359);
#2359 = CARTESIAN_POINT('',(59.034962379173,700.,31.216067433547));
#2360 = SURFACE_CURVE('',#2361,(#2365,#2372),.PCURVE_S1.);
#2361 = LINE('',#2362,#2363);
#2362 = CARTESIAN_POINT('',(55.979367006188,700.,31.16201713589));
#2363 = VECTOR('',#2364,1.);
#2364 = DIRECTION('',(0.999843587091,0.,1.768619103515E-02));
#2365 = PCURVE('',#94,#2366);
#2366 = DEFINITIONAL_REPRESENTATION('',(#2367),#2371);
#2367 = LINE('',#2368,#2369);
#2368 = CARTESIAN_POINT('',(97.16370775745,-5.566296698003));
#2369 = VECTOR('',#2370,1.);
#2370 = DIRECTION('',(-0.999865030423,1.642927074472E-02));
#2371 = ( GEOMETRIC_REPRESENTATION_CONTEXT(2) 
PARAMETRIC_REPRESENTATION_CONTEXT() REPRESENTATION_CONTEXT('2D SPACE',''
  ) );
#2372 = PCURVE('',#2373,#2378);
#2373 = B_SPLINE_SURFACE_WITH_KNOTS('',1,1,(
    (#2374,#2375)
    ,(#2376,#2377
    )),.UNSPECIFIED.,.F.,.F.,.F.,(2,2),(2,2),(0.,5.093455637189E-03),(0.
    ,1.),.PIECEWISE_BEZIER_KNOTS.);
#2374 = CARTESIAN_POINT('',(56.840611676981,0.,-9.205713937065));
#2375 = CARTESIAN_POINT('',(55.979367006188,700.,31.16201713589));
#2376 = CARTESIAN_POINT('',(61.933270631956,0.,-9.115630107637));
#2377 = CARTESIAN_POINT('',(59.034962379173,700.,31.216067433547));
#2378 = DEFINITIONAL_REPRESENTATION('',(#2379),#2382);
#2379 = B_SPLINE_CURVE_WITH_KNOTS('',1,(#2380,#2381),.UNSPECIFIED.,.F.,
  .F.,(2,2),(0.,3.056073382313),.PIECEWISE_BEZIER_KNOTS.);
#2380 = CARTESIAN_POINT('',(0.,1.));
#2381 = CARTESIAN_POINT('',(5.093455637189E-03,1.));
#2382 = ( GEOMETRIC_REPRESENTATION_CONTEXT(2) 
PARAMETRIC_REPRESENTATION_CONTEXT() REPRESENTATION_CONTEXT('2D SPACE',''
  ) );
#2383 = ORIENTED_EDGE('',*,*,#2384,.T.);
#2384 = EDGE_CURVE('',#2358,#2385,#2387,.T.);
#2385 = VERTEX_POINT('',#2386);
#2386 = CARTESIAN_POINT('',(62.169265990718,700.,31.290108123924));
#2387 = SURFACE_CURVE('',#2388,(#2392,#2399),.PCURVE_S1.);
#2388 = LINE('',#2389,#2390);
#2389 = CARTESIAN_POINT('',(59.034962379173,700.,31.216067433547));
#2390 = VECTOR('',#2391,1.);
#2391 = DIRECTION('',(0.99972110092,0.,2.361610414004E-02));
#2392 = PCURVE('',#94,#2393);
#2393 = DEFINITIONAL_REPRESENTATION('',(#2394),#2398);
#2394 = LINE('',#2395,#2396);
#2395 = CARTESIAN_POINT('',(94.108046852068,-5.516087640989));
#2396 = VECTOR('',#2397,1.);
#2397 = DIRECTION('',(-0.99974999886,2.235933314179E-02));
#2398 = ( GEOMETRIC_REPRESENTATION_CONTEXT(2) 
PARAMETRIC_REPRESENTATION_CONTEXT() REPRESENTATION_CONTEXT('2D SPACE',''
  ) );
#2399 = PCURVE('',#2400,#2405);
#2400 = B_SPLINE_SURFACE_WITH_KNOTS('',1,1,(
    (#2401,#2402)
    ,(#2403,#2404
    )),.UNSPECIFIED.,.F.,.F.,.F.,(2,2),(2,2),(0.,5.22529668301E-03),(0.,
    1.),.PIECEWISE_BEZIER_KNOTS.);
#2401 = CARTESIAN_POINT('',(61.933270631956,0.,-9.115630107637));
#2402 = CARTESIAN_POINT('',(59.034962379173,700.,31.216067433547));
#2403 = CARTESIAN_POINT('',(67.15710998453,0.,-8.992228957008));
#2404 = CARTESIAN_POINT('',(62.169265990718,700.,31.290108123924));
#2405 = DEFINITIONAL_REPRESENTATION('',(#2406),#2409);
#2406 = B_SPLINE_CURVE_WITH_KNOTS('',1,(#2407,#2408),.UNSPECIFIED.,.F.,
  .F.,(2,2),(0.,3.135178009806),.PIECEWISE_BEZIER_KNOTS.);
#2407 = CARTESIAN_POINT('',(0.,1.));
#2408 = CARTESIAN_POINT('',(5.22529668301E-03,1.));
#2409 = ( GEOMETRIC_REPRESENTATION_CONTEXT(2) 
PARAMETRIC_REPRESENTATION_CONTEXT() REPRESENTATION_CONTEXT('2D SPACE',''
  ) );
#2410 = ORIENTED_EDGE('',*,*,#2411,.T.);
#2411 = EDGE_CURVE('',#2385,#2412,#2414,.T.);
#2412 = VERTEX_POINT('',#2413);
#2413 = CARTESIAN_POINT('',(65.374069593297,700.,31.381383672917));
#2414 = SURFACE_CURVE('',#2415,(#2419,#2426),.PCURVE_S1.);
#2415 = LINE('',#2416,#2417);
#2416 = CARTESIAN_POINT('',(62.169265990718,700.,31.290108123924));
#2417 = VECTOR('',#2418,1.);
#2418 = DIRECTION('',(0.999594667004,0.,2.846931148225E-02));
#2419 = PCURVE('',#94,#2420);
#2420 = DEFINITIONAL_REPRESENTATION('',(#2421),#2425);
#2421 = LINE('',#2422,#2423);
#2422 = CARTESIAN_POINT('',(90.973652640337,-5.445987151409));
#2423 = VECTOR('',#2424,1.);
#2424 = DIRECTION('',(-0.999629666026,2.721269558966E-02));
#2425 = ( GEOMETRIC_REPRESENTATION_CONTEXT(2) 
PARAMETRIC_REPRESENTATION_CONTEXT() REPRESENTATION_CONTEXT('2D SPACE',''
  ) );
#2426 = PCURVE('',#2427,#2432);
#2427 = B_SPLINE_SURFACE_WITH_KNOTS('',1,1,(
    (#2428,#2429)
    ,(#2430,#2431
    )),.UNSPECIFIED.,.F.,.F.,.F.,(2,2),(2,2),(0.,5.343505236615E-03),(0.
    ,1.),.PIECEWISE_BEZIER_KNOTS.);
#2428 = CARTESIAN_POINT('',(67.15710998453,0.,-8.992228957008));
#2429 = CARTESIAN_POINT('',(62.169265990718,700.,31.290108123924));
#2430 = CARTESIAN_POINT('',(72.498449322161,0.,-8.84010304202));
#2431 = CARTESIAN_POINT('',(65.374069593297,700.,31.381383672917));
#2432 = DEFINITIONAL_REPRESENTATION('',(#2433),#2436);
#2433 = B_SPLINE_CURVE_WITH_KNOTS('',1,(#2434,#2435),.UNSPECIFIED.,.F.,
  .F.,(2,2),(0.,3.206103141969),.PIECEWISE_BEZIER_KNOTS.);
#2434 = CARTESIAN_POINT('',(0.,1.));
#2435 = CARTESIAN_POINT('',(5.343505236615E-03,1.));
#2436 = ( GEOMETRIC_REPRESENTATION_CONTEXT(2) 
PARAMETRIC_REPRESENTATION_CONTEXT() REPRESENTATION_CONTEXT('2D SPACE',''
  ) );
#2437 = ORIENTED_EDGE('',*,*,#2438,.T.);
#2438 = EDGE_CURVE('',#2412,#2439,#2441,.T.);
#2439 = VERTEX_POINT('',#2440);
#2440 = CARTESIAN_POINT('',(68.640967191614,700.,31.487058361398));
#2441 = SURFACE_CURVE('',#2442,(#2446,#2453),.PCURVE_S1.);
#2442 = LINE('',#2443,#2444);
#2443 = CARTESIAN_POINT('',(65.374069593297,700.,31.381383672917));
#2444 = VECTOR('',#2445,1.);
#2445 = DIRECTION('',(0.99947724251,0.,3.233019801438E-02));
#2446 = PCURVE('',#94,#2447);
#2447 = DEFINITIONAL_REPRESENTATION('',(#2448),#2452);
#2448 = LINE('',#2449,#2450);
#2449 = CARTESIAN_POINT('',(87.768736827286,-5.358740442577));
#2450 = VECTOR('',#2451,1.);
#2451 = DIRECTION('',(-0.999517095156,3.107372668577E-02));
#2452 = ( GEOMETRIC_REPRESENTATION_CONTEXT(2) 
PARAMETRIC_REPRESENTATION_CONTEXT() REPRESENTATION_CONTEXT('2D SPACE',''
  ) );
#2453 = PCURVE('',#2454,#2459);
#2454 = B_SPLINE_SURFACE_WITH_KNOTS('',1,1,(
    (#2455,#2456)
    ,(#2457,#2458
    )),.UNSPECIFIED.,.F.,.F.,.F.,(2,2),(2,2),(0.,5.447677144557E-03),(0.
    ,1.),.PIECEWISE_BEZIER_KNOTS.);
#2455 = CARTESIAN_POINT('',(72.498449322161,0.,-8.84010304202));
#2456 = CARTESIAN_POINT('',(65.374069593297,700.,31.381383672917));
#2457 = CARTESIAN_POINT('',(77.943278652691,0.,-8.663978561218));
#2458 = CARTESIAN_POINT('',(68.640967191614,700.,31.487058361398));
#2459 = DEFINITIONAL_REPRESENTATION('',(#2460),#2463);
#2460 = B_SPLINE_CURVE_WITH_KNOTS('',1,(#2461,#2462),.UNSPECIFIED.,.F.,
  .F.,(2,2),(0.,3.268606286734),.PIECEWISE_BEZIER_KNOTS.);
#2461 = CARTESIAN_POINT('',(0.,1.));
#2462 = CARTESIAN_POINT('',(5.447677144557E-03,1.));
#2463 = ( GEOMETRIC_REPRESENTATION_CONTEXT(2) 
PARAMETRIC_REPRESENTATION_CONTEXT() REPRESENTATION_CONTEXT('2D SPACE',''
  ) );
#2464 = ORIENTED_EDGE('',*,*,#2465,.T.);
#2465 = EDGE_CURVE('',#2439,#2466,#2468,.T.);
#2466 = VERTEX_POINT('',#2467);
#2467 = CARTESIAN_POINT('',(71.961364443583,700.,31.604264923171));
#2468 = SURFACE_CURVE('',#2469,(#2473,#2480),.PCURVE_S1.);
#2469 = LINE('',#2470,#2471);
#2470 = CARTESIAN_POINT('',(68.640967191614,700.,31.487058361398));
#2471 = VECTOR('',#2472,1.);
#2472 = DIRECTION('',(0.999377573402,0.,3.527698657792E-02));
#2473 = PCURVE('',#94,#2474);
#2474 = DEFINITIONAL_REPRESENTATION('',(#2475),#2479);
#2475 = LINE('',#2476,#2477);
#2476 = CARTESIAN_POINT('',(84.501708966359,-5.25717266418));
#2477 = VECTOR('',#2478,1.);
#2478 = DIRECTION('',(-0.999421130543,3.402063821523E-02));
#2479 = ( GEOMETRIC_REPRESENTATION_CONTEXT(2) 
PARAMETRIC_REPRESENTATION_CONTEXT() REPRESENTATION_CONTEXT('2D SPACE',''
  ) );
#2480 = PCURVE('',#2481,#2486);
#2481 = B_SPLINE_SURFACE_WITH_KNOTS('',1,1,(
    (#2482,#2483)
    ,(#2484,#2485
    )),.UNSPECIFIED.,.F.,.F.,.F.,(2,2),(2,2),(0.,5.537442071179E-03),(0.
    ,1.),.PIECEWISE_BEZIER_KNOTS.);
#2482 = CARTESIAN_POINT('',(77.943278652691,0.,-8.663978561218));
#2483 = CARTESIAN_POINT('',(68.640967191614,700.,31.487058361398));
#2484 = CARTESIAN_POINT('',(83.477274072638,0.,-8.468634291597));
#2485 = CARTESIAN_POINT('',(71.961364443583,700.,31.604264923171));
#2486 = DEFINITIONAL_REPRESENTATION('',(#2487),#2490);
#2487 = B_SPLINE_CURVE_WITH_KNOTS('',1,(#2488,#2489),.UNSPECIFIED.,.F.,
  .F.,(2,2),(0.,3.322465242708),.PIECEWISE_BEZIER_KNOTS.);
#2488 = CARTESIAN_POINT('',(0.,1.));
#2489 = CARTESIAN_POINT('',(5.537442071179E-03,1.));
#2490 = ( GEOMETRIC_REPRESENTATION_CONTEXT(2) 
PARAMETRIC_REPRESENTATION_CONTEXT() REPRESENTATION_CONTEXT('2D SPACE',''
  ) );
#2491 = ORIENTED_EDGE('',*,*,#2492,.T.);
#2492 = EDGE_CURVE('',#2466,#2493,#2495,.T.);
#2493 = VERTEX_POINT('',#2494);
#2494 = CARTESIAN_POINT('',(75.334232879166,700.,31.730637217754));
#2495 = SURFACE_CURVE('',#2496,(#2500,#2507),.PCURVE_S1.);
#2496 = LINE('',#2497,#2498);
#2497 = CARTESIAN_POINT('',(71.961364443583,700.,31.604264923171));
#2498 = VECTOR('',#2499,1.);
#2499 = DIRECTION('',(0.999298838613,0.,3.74410356116E-02));
#2500 = PCURVE('',#94,#2501);
#2501 = DEFINITIONAL_REPRESENTATION('',(#2502),#2506);
#2502 = LINE('',#2503,#2504);
#2503 = CARTESIAN_POINT('',(81.181166997303,-5.144140276175));
#2504 = VECTOR('',#2505,1.);
#2505 = DIRECTION('',(-0.999345116248,3.618478451671E-02));
#2506 = ( GEOMETRIC_REPRESENTATION_CONTEXT(2) 
PARAMETRIC_REPRESENTATION_CONTEXT() REPRESENTATION_CONTEXT('2D SPACE',''
  ) );
#2507 = PCURVE('',#2508,#2513);
#2508 = B_SPLINE_SURFACE_WITH_KNOTS('',1,1,(
    (#2509,#2510)
    ,(#2511,#2512
    )),.UNSPECIFIED.,.F.,.F.,.F.,(2,2),(2,2),(0.,5.625391700089E-03),(0.
    ,1.),.PIECEWISE_BEZIER_KNOTS.);
#2509 = CARTESIAN_POINT('',(83.477274072638,0.,-8.468634291597));
#2510 = CARTESIAN_POINT('',(71.961364443583,700.,31.604264923171));
#2511 = CARTESIAN_POINT('',(89.098721465277,0.,-8.258013800625));
#2512 = CARTESIAN_POINT('',(75.334232879166,700.,31.730637217754));
#2513 = DEFINITIONAL_REPRESENTATION('',(#2514),#2517);
#2514 = B_SPLINE_CURVE_WITH_KNOTS('',1,(#2515,#2516),.UNSPECIFIED.,.F.,
  .F.,(2,2),(0.,3.375235020053),.PIECEWISE_BEZIER_KNOTS.);
#2515 = CARTESIAN_POINT('',(0.,1.));
#2516 = CARTESIAN_POINT('',(5.625391700089E-03,1.));
#2517 = ( GEOMETRIC_REPRESENTATION_CONTEXT(2) 
PARAMETRIC_REPRESENTATION_CONTEXT() REPRESENTATION_CONTEXT('2D SPACE',''
  ) );
#2518 = ORIENTED_EDGE('',*,*,#2519,.T.);
#2519 = EDGE_CURVE('',#2493,#2520,#2522,.T.);
#2520 = VERTEX_POINT('',#2521);
#2521 = CARTESIAN_POINT('',(78.76211731175,700.,31.872047306076));
#2522 = SURFACE_CURVE('',#2523,(#2527,#2534),.PCURVE_S1.);
#2523 = LINE('',#2524,#2525);
#2524 = CARTESIAN_POINT('',(75.334232879166,700.,31.730637217754));
#2525 = VECTOR('',#2526,1.);
#2526 = DIRECTION('',(0.999150184656,0.,4.121781776441E-02));
#2527 = PCURVE('',#94,#2528);
#2528 = DEFINITIONAL_REPRESENTATION('',(#2529),#2533);
#2529 = LINE('',#2530,#2531);
#2530 = CARTESIAN_POINT('',(77.808142363823,-5.022008124281));
#2531 = VECTOR('',#2532,1.);
#2532 = DIRECTION('',(-0.999201210214,3.996175055861E-02));
#2533 = ( GEOMETRIC_REPRESENTATION_CONTEXT(2) 
PARAMETRIC_REPRESENTATION_CONTEXT() REPRESENTATION_CONTEXT('2D SPACE',''
  ) );
#2534 = PCURVE('',#2535,#2540);
#2535 = B_SPLINE_SURFACE_WITH_KNOTS('',1,1,(
    (#2536,#2537)
    ,(#2538,#2539
    )),.UNSPECIFIED.,.F.,.F.,.F.,(2,2),(2,2),(0.,5.717999965078E-03),(0.
    ,1.),.PIECEWISE_BEZIER_KNOTS.);
#2536 = CARTESIAN_POINT('',(89.098721465277,0.,-8.258013800625));
#2537 = CARTESIAN_POINT('',(75.334232879166,700.,31.730637217754));
#2538 = CARTESIAN_POINT('',(94.81186218625,0.,-8.022330320087));
#2539 = CARTESIAN_POINT('',(78.76211731175,700.,31.872047306076));
#2540 = DEFINITIONAL_REPRESENTATION('',(#2541),#2544);
#2541 = B_SPLINE_CURVE_WITH_KNOTS('',1,(#2542,#2543),.UNSPECIFIED.,.F.,
  .F.,(2,2),(0.,3.430799979047),.PIECEWISE_BEZIER_KNOTS.);
#2542 = CARTESIAN_POINT('',(0.,1.));
#2543 = CARTESIAN_POINT('',(5.717999965078E-03,1.));
#2544 = ( GEOMETRIC_REPRESENTATION_CONTEXT(2) 
PARAMETRIC_REPRESENTATION_CONTEXT() REPRESENTATION_CONTEXT('2D SPACE',''
  ) );
#2545 = ORIENTED_EDGE('',*,*,#2546,.T.);
#2546 = EDGE_CURVE('',#2520,#2547,#2549,.T.);
#2547 = VERTEX_POINT('',#2548);
#2548 = CARTESIAN_POINT('',(82.215584893596,700.,32.029243862086));
#2549 = SURFACE_CURVE('',#2550,(#2554,#2561),.PCURVE_S1.);
#2550 = LINE('',#2551,#2552);
#2551 = CARTESIAN_POINT('',(78.76211731175,700.,31.872047306076));
#2552 = VECTOR('',#2553,1.);
#2553 = DIRECTION('',(0.998965641566,0.,4.547138628175E-02));
#2554 = PCURVE('',#94,#2555);
#2555 = DEFINITIONAL_REPRESENTATION('',(#2556),#2560);
#2556 = LINE('',#2557,#2558);
#2557 = CARTESIAN_POINT('',(74.380082872758,-4.884907351302));
#2558 = VECTOR('',#2559,1.);
#2559 = DIRECTION('',(-0.999022014443,4.421554770463E-02));
#2560 = ( GEOMETRIC_REPRESENTATION_CONTEXT(2) 
PARAMETRIC_REPRESENTATION_CONTEXT() REPRESENTATION_CONTEXT('2D SPACE',''
  ) );
#2561 = PCURVE('',#2562,#2567);
#2562 = B_SPLINE_SURFACE_WITH_KNOTS('',1,1,(
    (#2563,#2564)
    ,(#2565,#2566
    )),.UNSPECIFIED.,.F.,.F.,.F.,(2,2),(2,2),(0.,5.761739006412E-03),(0.
    ,1.),.PIECEWISE_BEZIER_KNOTS.);
#2563 = CARTESIAN_POINT('',(94.81186218625,0.,-8.022330320087));
#2564 = CARTESIAN_POINT('',(78.76211731175,700.,31.872047306076));
#2565 = CARTESIAN_POINT('',(100.56764148932,0.,-7.760336060072));
#2566 = CARTESIAN_POINT('',(82.215584893596,700.,32.029243862086));
#2567 = DEFINITIONAL_REPRESENTATION('',(#2568),#2571);
#2568 = B_SPLINE_CURVE_WITH_KNOTS('',1,(#2569,#2570),.UNSPECIFIED.,.F.,
  .F.,(2,2),(0.,3.457043403847),.PIECEWISE_BEZIER_KNOTS.);
#2569 = CARTESIAN_POINT('',(0.,1.));
#2570 = CARTESIAN_POINT('',(5.761739006412E-03,1.));
#2571 = ( GEOMETRIC_REPRESENTATION_CONTEXT(2) 
PARAMETRIC_REPRESENTATION_CONTEXT() REPRESENTATION_CONTEXT('2D SPACE',''
  ) );
#2572 = ORIENTED_EDGE('',*,*,#2573,.T.);
#2573 = EDGE_CURVE('',#2547,#2574,#2576,.T.);
#2574 = VERTEX_POINT('',#2575);
#2575 = CARTESIAN_POINT('',(85.685065890958,700.,32.199893439551));
#2576 = SURFACE_CURVE('',#2577,(#2581,#2588),.PCURVE_S1.);
#2577 = LINE('',#2578,#2579);
#2578 = CARTESIAN_POINT('',(82.215584893596,700.,32.029243862086));
#2579 = VECTOR('',#2580,1.);
#2580 = DIRECTION('',(0.998792563546,0.,4.91265203856E-02));
#2581 = PCURVE('',#94,#2582);
#2582 = DEFINITIONAL_REPRESENTATION('',(#2583),#2587);
#2583 = LINE('',#2584,#2585);
#2584 = CARTESIAN_POINT('',(70.926420407431,-4.732052283762));
#2585 = VECTOR('',#2586,1.);
#2586 = DIRECTION('',(-0.998853531439,4.787089649725E-02));
#2587 = ( GEOMETRIC_REPRESENTATION_CONTEXT(2) 
PARAMETRIC_REPRESENTATION_CONTEXT() REPRESENTATION_CONTEXT('2D SPACE',''
  ) );
#2588 = PCURVE('',#2589,#2594);
#2589 = B_SPLINE_SURFACE_WITH_KNOTS('',1,1,(
    (#2590,#2591)
    ,(#2592,#2593
    )),.UNSPECIFIED.,.F.,.F.,.F.,(2,2),(2,2),(0.,5.789458732458E-03),(0.
    ,1.),.PIECEWISE_BEZIER_KNOTS.);
#2590 = CARTESIAN_POINT('',(100.56764148932,0.,-7.760336060072));
#2591 = CARTESIAN_POINT('',(82.215584893596,700.,32.029243862086));
#2592 = CARTESIAN_POINT('',(106.35010981826,0.,-7.47592009763));
#2593 = CARTESIAN_POINT('',(85.685065890958,700.,32.199893439551));
#2594 = DEFINITIONAL_REPRESENTATION('',(#2595),#2598);
#2595 = B_SPLINE_CURVE_WITH_KNOTS('',1,(#2596,#2597),.UNSPECIFIED.,.F.,
  .F.,(2,2),(0.,3.473675239475),.PIECEWISE_BEZIER_KNOTS.);
#2596 = CARTESIAN_POINT('',(0.,1.));
#2597 = CARTESIAN_POINT('',(5.789458732458E-03,1.));
#2598 = ( GEOMETRIC_REPRESENTATION_CONTEXT(2) 
PARAMETRIC_REPRESENTATION_CONTEXT() REPRESENTATION_CONTEXT('2D SPACE',''
  ) );
#2599 = ORIENTED_EDGE('',*,*,#2600,.T.);
#2600 = EDGE_CURVE('',#2574,#2601,#2603,.T.);
#2601 = VERTEX_POINT('',#2602);
#2602 = CARTESIAN_POINT('',(89.16091757552,700.,32.381723295423));
#2603 = SURFACE_CURVE('',#2604,(#2608,#2615),.PCURVE_S1.);
#2604 = LINE('',#2605,#2606);
#2605 = CARTESIAN_POINT('',(85.685065890958,700.,32.199893439551));
#2606 = VECTOR('',#2607,1.);
#2607 = DIRECTION('',(0.998634512669,0.,5.224088539641E-02));
#2608 = PCURVE('',#94,#2609);
#2609 = DEFINITIONAL_REPRESENTATION('',(#2610),#2614);
#2610 = LINE('',#2611,#2612);
#2611 = CARTESIAN_POINT('',(67.456727627408,-4.565764335908));
#2612 = VECTOR('',#2613,1.);
#2613 = DIRECTION('',(-0.998699395764,5.098545773345E-02));
#2614 = ( GEOMETRIC_REPRESENTATION_CONTEXT(2) 
PARAMETRIC_REPRESENTATION_CONTEXT() REPRESENTATION_CONTEXT('2D SPACE',''
  ) );
#2615 = PCURVE('',#2616,#2621);
#2616 = B_SPLINE_SURFACE_WITH_KNOTS('',1,1,(
    (#2617,#2618)
    ,(#2619,#2620
    )),.UNSPECIFIED.,.F.,.F.,.F.,(2,2),(2,2),(0.,5.801007342973E-03),(0.
    ,1.),.PIECEWISE_BEZIER_KNOTS.);
#2617 = CARTESIAN_POINT('',(106.35010981826,0.,-7.47592009763));
#2618 = CARTESIAN_POINT('',(85.685065890958,700.,32.199893439551));
#2619 = CARTESIAN_POINT('',(112.14319595919,0.,-7.172870337842));
#2620 = CARTESIAN_POINT('',(89.16091757552,700.,32.381723295423));
#2621 = DEFINITIONAL_REPRESENTATION('',(#2622),#2625);
#2622 = B_SPLINE_CURVE_WITH_KNOTS('',1,(#2623,#2624),.UNSPECIFIED.,.F.,
  .F.,(2,2),(0.,3.480604405784),.PIECEWISE_BEZIER_KNOTS.);
#2623 = CARTESIAN_POINT('',(0.,1.));
#2624 = CARTESIAN_POINT('',(5.801007342973E-03,1.));
#2625 = ( GEOMETRIC_REPRESENTATION_CONTEXT(2) 
PARAMETRIC_REPRESENTATION_CONTEXT() REPRESENTATION_CONTEXT('2D SPACE',''
  ) );
#2626 = ORIENTED_EDGE('',*,*,#2627,.T.);
#2627 = EDGE_CURVE('',#2601,#2628,#2630,.T.);
#2628 = VERTEX_POINT('',#2629);
#2629 = CARTESIAN_POINT('',(92.633449627297,700.,32.57255221007));
#2630 = SURFACE_CURVE('',#2631,(#2635,#2642),.PCURVE_S1.);
#2631 = LINE('',#2632,#2633);
#2632 = CARTESIAN_POINT('',(89.16091757552,700.,32.381723295423));
#2633 = VECTOR('',#2634,1.);
#2634 = DIRECTION('',(0.998493450014,0.,5.487103315591E-02));
#2635 = PCURVE('',#94,#2636);
#2636 = DEFINITIONAL_REPRESENTATION('',(#2637),#2641);
#2637 = LINE('',#2638,#2639);
#2638 = CARTESIAN_POINT('',(63.980650110458,-4.388304127091));
#2639 = VECTOR('',#2640,1.);
#2640 = DIRECTION('',(-0.998561639587,5.361578074501E-02));
#2641 = ( GEOMETRIC_REPRESENTATION_CONTEXT(2) 
PARAMETRIC_REPRESENTATION_CONTEXT() REPRESENTATION_CONTEXT('2D SPACE',''
  ) );
#2642 = PCURVE('',#2643,#2648);
#2643 = B_SPLINE_SURFACE_WITH_KNOTS('',1,1,(
    (#2644,#2645)
    ,(#2646,#2647
    )),.UNSPECIFIED.,.F.,.F.,.F.,(2,2),(2,2),(0.,5.796285813942E-03),(0.
    ,1.),.PIECEWISE_BEZIER_KNOTS.);
#2644 = CARTESIAN_POINT('',(112.14319595919,0.,-7.172870337842));
#2645 = CARTESIAN_POINT('',(89.16091757552,700.,32.381723295423));
#2646 = CARTESIAN_POINT('',(117.93074937882,0.,-6.854822146765));
#2647 = CARTESIAN_POINT('',(92.633449627297,700.,32.57255221007));
#2648 = DEFINITIONAL_REPRESENTATION('',(#2649),#2652);
#2649 = B_SPLINE_CURVE_WITH_KNOTS('',1,(#2650,#2651),.UNSPECIFIED.,.F.,
  .F.,(2,2),(0.,3.477771488365),.PIECEWISE_BEZIER_KNOTS.);
#2650 = CARTESIAN_POINT('',(0.,1.));
#2651 = CARTESIAN_POINT('',(5.796285813942E-03,1.));
#2652 = ( GEOMETRIC_REPRESENTATION_CONTEXT(2) 
PARAMETRIC_REPRESENTATION_CONTEXT() REPRESENTATION_CONTEXT('2D SPACE',''
  ) );
#2653 = ORIENTED_EDGE('',*,*,#2654,.T.);
#2654 = EDGE_CURVE('',#2628,#2655,#2657,.T.);
#2655 = VERTEX_POINT('',#2656);
#2656 = CARTESIAN_POINT('',(96.092950436573,700.,32.770316034997));
#2657 = SURFACE_CURVE('',#2658,(#2662,#2669),.PCURVE_S1.);
#2658 = LINE('',#2659,#2660);
#2659 = CARTESIAN_POINT('',(92.633449627297,700.,32.57255221007));
#2660 = VECTOR('',#2661,1.);
#2661 = DIRECTION('',(0.998370051022,0.,5.707224564102E-02));
#2662 = PCURVE('',#94,#2663);
#2663 = DEFINITIONAL_REPRESENTATION('',(#2664),#2668);
#2664 = LINE('',#2665,#2666);
#2665 = CARTESIAN_POINT('',(60.507880910927,-4.201840693489));
#2666 = VECTOR('',#2667,1.);
#2667 = DIRECTION('',(-0.998441007844,5.581714661605E-02));
#2668 = ( GEOMETRIC_REPRESENTATION_CONTEXT(2) 
PARAMETRIC_REPRESENTATION_CONTEXT() REPRESENTATION_CONTEXT('2D SPACE',''
  ) );
#2669 = PCURVE('',#2670,#2675);
#2670 = B_SPLINE_SURFACE_WITH_KNOTS('',1,1,(
    (#2671,#2672)
    ,(#2673,#2674
    )),.UNSPECIFIED.,.F.,.F.,.F.,(2,2),(2,2),(0.,5.77524804177E-03),(0.,
    1.),.PIECEWISE_BEZIER_KNOTS.);
#2671 = CARTESIAN_POINT('',(117.93074937882,0.,-6.854822146765));
#2672 = CARTESIAN_POINT('',(92.633449627297,700.,32.57255221007));
#2673 = CARTESIAN_POINT('',(123.69658406095,0.,-6.525215771887));
#2674 = CARTESIAN_POINT('',(96.092950436573,700.,32.770316034997));
#2675 = DEFINITIONAL_REPRESENTATION('',(#2676),#2679);
#2676 = B_SPLINE_CURVE_WITH_KNOTS('',1,(#2677,#2678),.UNSPECIFIED.,.F.,
  .F.,(2,2),(0.,3.465148825062),.PIECEWISE_BEZIER_KNOTS.);
#2677 = CARTESIAN_POINT('',(0.,1.));
#2678 = CARTESIAN_POINT('',(5.77524804177E-03,1.));
#2679 = ( GEOMETRIC_REPRESENTATION_CONTEXT(2) 
PARAMETRIC_REPRESENTATION_CONTEXT() REPRESENTATION_CONTEXT('2D SPACE',''
  ) );
#2680 = ORIENTED_EDGE('',*,*,#2681,.T.);
#2681 = EDGE_CURVE('',#2655,#2682,#2684,.T.);
#2682 = VERTEX_POINT('',#2683);
#2683 = CARTESIAN_POINT('',(99.529714146465,700.,32.973087414216));
#2684 = SURFACE_CURVE('',#2685,(#2689,#2696),.PCURVE_S1.);
#2685 = LINE('',#2686,#2687);
#2686 = CARTESIAN_POINT('',(96.092950436573,700.,32.770316034997));
#2687 = VECTOR('',#2688,1.);
#2688 = DIRECTION('',(0.998263991242,0.,5.88982494624E-02));
#2689 = PCURVE('',#94,#2690);
#2690 = DEFINITIONAL_REPRESENTATION('',(#2691),#2695);
#2691 = LINE('',#2692,#2693);
#2692 = CARTESIAN_POINT('',(57.048134225704,-4.008425973474));
#2693 = VECTOR('',#2694,1.);
#2694 = DIRECTION('',(-0.998337243622,5.764328232267E-02));
#2695 = ( GEOMETRIC_REPRESENTATION_CONTEXT(2) 
PARAMETRIC_REPRESENTATION_CONTEXT() REPRESENTATION_CONTEXT('2D SPACE',''
  ) );
#2696 = PCURVE('',#2697,#2702);
#2697 = B_SPLINE_SURFACE_WITH_KNOTS('',1,1,(
    (#2698,#2699)
    ,(#2700,#2701
    )),.UNSPECIFIED.,.F.,.F.,.F.,(2,2),(2,2),(0.,5.737900562117E-03),(0.
    ,1.),.PIECEWISE_BEZIER_KNOTS.);
#2698 = CARTESIAN_POINT('',(123.69658406095,0.,-6.525215771887));
#2699 = CARTESIAN_POINT('',(96.092950436573,700.,32.770316034997));
#2700 = CARTESIAN_POINT('',(129.42452357744,0.,-6.187263473189));
#2701 = CARTESIAN_POINT('',(99.529714146465,700.,32.973087414216));
#2702 = DEFINITIONAL_REPRESENTATION('',(#2703),#2706);
#2703 = B_SPLINE_CURVE_WITH_KNOTS('',1,(#2704,#2705),.UNSPECIFIED.,.F.,
  .F.,(2,2),(0.,3.44274033727),.PIECEWISE_BEZIER_KNOTS.);
#2704 = CARTESIAN_POINT('',(0.,1.));
#2705 = CARTESIAN_POINT('',(5.737900562117E-03,1.));
#2706 = ( GEOMETRIC_REPRESENTATION_CONTEXT(2) 
PARAMETRIC_REPRESENTATION_CONTEXT() REPRESENTATION_CONTEXT('2D SPACE',''
  ) );
#2707 = ORIENTED_EDGE('',*,*,#2708,.T.);
#2708 = EDGE_CURVE('',#2682,#2709,#2711,.T.);
#2709 = VERTEX_POINT('',#2710);
#2710 = CARTESIAN_POINT('',(102.93406825715,700.,33.179089390272));
#2711 = SURFACE_CURVE('',#2712,(#2716,#2723),.PCURVE_S1.);
#2712 = LINE('',#2713,#2714);
#2713 = CARTESIAN_POINT('',(99.529714146465,700.,32.973087414216));
#2714 = VECTOR('',#2715,1.);
#2715 = DIRECTION('',(0.998174202314,0.,6.040084299088E-02));
#2716 = PCURVE('',#94,#2717);
#2717 = DEFINITIONAL_REPRESENTATION('',(#2718),#2722);
#2718 = LINE('',#2719,#2720);
#2719 = CARTESIAN_POINT('',(53.611118326887,-3.809975120249));
#2720 = VECTOR('',#2721,1.);
#2721 = DIRECTION('',(-0.99824934368,5.91459875378E-02));
#2722 = ( GEOMETRIC_REPRESENTATION_CONTEXT(2) 
PARAMETRIC_REPRESENTATION_CONTEXT() REPRESENTATION_CONTEXT('2D SPACE',''
  ) );
#2723 = PCURVE('',#2724,#2729);
#2724 = B_SPLINE_SURFACE_WITH_KNOTS('',1,1,(
    (#2725,#2726)
    ,(#2727,#2728
    )),.UNSPECIFIED.,.F.,.F.,.F.,(2,2),(2,2),(0.,5.684301903068E-03),(0.
    ,1.),.PIECEWISE_BEZIER_KNOTS.);
#2725 = CARTESIAN_POINT('',(129.42452357744,0.,-6.187263473189));
#2726 = CARTESIAN_POINT('',(99.529714146465,700.,32.973087414216));
#2727 = CARTESIAN_POINT('',(135.09844709525,0.,-5.843926846429));
#2728 = CARTESIAN_POINT('',(102.93406825715,700.,33.179089390272));
#2729 = DEFINITIONAL_REPRESENTATION('',(#2730),#2733);
#2730 = B_SPLINE_CURVE_WITH_KNOTS('',1,(#2731,#2732),.UNSPECIFIED.,.F.,
  .F.,(2,2),(0.,3.410581141841),.PIECEWISE_BEZIER_KNOTS.);
#2731 = CARTESIAN_POINT('',(0.,1.));
#2732 = CARTESIAN_POINT('',(5.684301903068E-03,1.));
#2733 = ( GEOMETRIC_REPRESENTATION_CONTEXT(2) 
PARAMETRIC_REPRESENTATION_CONTEXT() REPRESENTATION_CONTEXT('2D SPACE',''
  ) );
#2734 = ORIENTED_EDGE('',*,*,#2735,.T.);
#2735 = EDGE_CURVE('',#2709,#2736,#2738,.T.);
#2736 = VERTEX_POINT('',#2737);
#2737 = CARTESIAN_POINT('',(106.29640160251,700.,33.386702872858));
#2738 = SURFACE_CURVE('',#2739,(#2743,#2750),.PCURVE_S1.);
#2739 = LINE('',#2740,#2741);
#2740 = CARTESIAN_POINT('',(102.93406825715,700.,33.179089390272));
#2741 = VECTOR('',#2742,1.);
#2742 = DIRECTION('',(0.99809909736,0.,6.162947224004E-02));
#2743 = PCURVE('',#94,#2744);
#2744 = DEFINITIONAL_REPRESENTATION('',(#2745),#2749);
#2745 = LINE('',#2746,#2747);
#2746 = CARTESIAN_POINT('',(50.206507940476,-3.608252930537));
#2747 = VECTOR('',#2748,1.);
#2748 = DIRECTION('',(-0.998175783299,6.037471023081E-02));
#2749 = ( GEOMETRIC_REPRESENTATION_CONTEXT(2) 
PARAMETRIC_REPRESENTATION_CONTEXT() REPRESENTATION_CONTEXT('2D SPACE',''
  ) );
#2750 = PCURVE('',#2751,#2756);
#2751 = B_SPLINE_SURFACE_WITH_KNOTS('',1,1,(
    (#2752,#2753)
    ,(#2754,#2755
    )),.UNSPECIFIED.,.F.,.F.,.F.,(2,2),(2,2),(0.,5.614561643981E-03),(0.
    ,1.),.PIECEWISE_BEZIER_KNOTS.);
#2752 = CARTESIAN_POINT('',(135.09844709525,0.,-5.843926846429));
#2753 = CARTESIAN_POINT('',(102.93406825715,700.,33.179089390272));
#2754 = CARTESIAN_POINT('',(140.70233600418,0.,-5.497904375451));
#2755 = CARTESIAN_POINT('',(106.29640160251,700.,33.386702872858));
#2756 = DEFINITIONAL_REPRESENTATION('',(#2757),#2760);
#2757 = B_SPLINE_CURVE_WITH_KNOTS('',1,(#2758,#2759),.UNSPECIFIED.,.F.,
  .F.,(2,2),(0.,3.368736986389),.PIECEWISE_BEZIER_KNOTS.);
#2758 = CARTESIAN_POINT('',(0.,1.));
#2759 = CARTESIAN_POINT('',(5.614561643981E-03,1.));
#2760 = ( GEOMETRIC_REPRESENTATION_CONTEXT(2) 
PARAMETRIC_REPRESENTATION_CONTEXT() REPRESENTATION_CONTEXT('2D SPACE',''
  ) );
#2761 = ORIENTED_EDGE('',*,*,#2762,.T.);
#2762 = EDGE_CURVE('',#2736,#2763,#2765,.T.);
#2763 = VERTEX_POINT('',#2764);
#2764 = CARTESIAN_POINT('',(109.60719250983,700.,33.594468205036));
#2765 = SURFACE_CURVE('',#2766,(#2770,#2777),.PCURVE_S1.);
#2766 = LINE('',#2767,#2768);
#2767 = CARTESIAN_POINT('',(106.29640160251,700.,33.386702872858));
#2768 = VECTOR('',#2769,1.);
#2769 = DIRECTION('',(0.998036765116,0.,6.26307869733E-02));
#2770 = PCURVE('',#94,#2771);
#2771 = DEFINITIONAL_REPRESENTATION('',(#2772),#2776);
#2772 = LINE('',#2773,#2774);
#2773 = CARTESIAN_POINT('',(46.843916260359,-3.40486641114));
#2774 = VECTOR('',#2775,1.);
#2775 = DIRECTION('',(-0.99811470986,6.137610253093E-02));
#2776 = ( GEOMETRIC_REPRESENTATION_CONTEXT(2) 
PARAMETRIC_REPRESENTATION_CONTEXT() REPRESENTATION_CONTEXT('2D SPACE',''
  ) );
#2777 = PCURVE('',#2778,#2783);
#2778 = B_SPLINE_SURFACE_WITH_KNOTS('',1,1,(
    (#2779,#2780)
    ,(#2781,#2782
    )),.UNSPECIFIED.,.F.,.F.,.F.,(2,2),(2,2),(0.,5.528839255631E-03),(0.
    ,1.),.PIECEWISE_BEZIER_KNOTS.);
#2779 = CARTESIAN_POINT('',(140.70233600418,0.,-5.497904375451));
#2780 = CARTESIAN_POINT('',(106.29640160251,700.,33.386702872858));
#2781 = CARTESIAN_POINT('',(146.22032084971,0.,-5.151628821822));
#2782 = CARTESIAN_POINT('',(109.60719250983,700.,33.594468205036));
#2783 = DEFINITIONAL_REPRESENTATION('',(#2784),#2787);
#2784 = B_SPLINE_CURVE_WITH_KNOTS('',1,(#2785,#2786),.UNSPECIFIED.,.F.,
  .F.,(2,2),(0.,3.317303553379),.PIECEWISE_BEZIER_KNOTS.);
#2785 = CARTESIAN_POINT('',(0.,1.));
#2786 = CARTESIAN_POINT('',(5.528839255631E-03,1.));
#2787 = ( GEOMETRIC_REPRESENTATION_CONTEXT(2) 
PARAMETRIC_REPRESENTATION_CONTEXT() REPRESENTATION_CONTEXT('2D SPACE',''
  ) );
#2788 = ORIENTED_EDGE('',*,*,#2789,.T.);
#2789 = EDGE_CURVE('',#2763,#2790,#2792,.T.);
#2790 = VERTEX_POINT('',#2791);
#2791 = CARTESIAN_POINT('',(112.8570369623,700.,33.801081298175));
#2792 = SURFACE_CURVE('',#2793,(#2797,#2804),.PCURVE_S1.);
#2793 = LINE('',#2794,#2795);
#2794 = CARTESIAN_POINT('',(109.60719250983,700.,33.594468205036));
#2795 = VECTOR('',#2796,1.);
#2796 = DIRECTION('',(0.997985132832,0.,6.344820443494E-02));
#2797 = PCURVE('',#94,#2798);
#2798 = DEFINITIONAL_REPRESENTATION('',(#2799),#2803);
#2799 = LINE('',#2800,#2801);
#2800 = CARTESIAN_POINT('',(43.532866786662,-3.201263248122));
#2801 = VECTOR('',#2802,1.);
#2802 = DIRECTION('',(-0.998064105194,6.219358425378E-02));
#2803 = ( GEOMETRIC_REPRESENTATION_CONTEXT(2) 
PARAMETRIC_REPRESENTATION_CONTEXT() REPRESENTATION_CONTEXT('2D SPACE',''
  ) );
#2804 = PCURVE('',#2805,#2810);
#2805 = B_SPLINE_SURFACE_WITH_KNOTS('',1,1,(
    (#2806,#2807)
    ,(#2808,#2809
    )),.UNSPECIFIED.,.F.,.F.,.F.,(2,2),(2,2),(0.,5.427342795589E-03),(0.
    ,1.),.PIECEWISE_BEZIER_KNOTS.);
#2806 = CARTESIAN_POINT('',(146.22032084971,0.,-5.151628821822));
#2807 = CARTESIAN_POINT('',(109.60719250983,700.,33.594468205036));
#2808 = CARTESIAN_POINT('',(151.6367282705,0.,-4.807273666589));
#2809 = CARTESIAN_POINT('',(112.8570369623,700.,33.801081298175));
#2810 = DEFINITIONAL_REPRESENTATION('',(#2811),#2814);
#2811 = B_SPLINE_CURVE_WITH_KNOTS('',1,(#2812,#2813),.UNSPECIFIED.,.F.,
  .F.,(2,2),(0.,3.256405677353),.PIECEWISE_BEZIER_KNOTS.);
#2812 = CARTESIAN_POINT('',(0.,1.));
#2813 = CARTESIAN_POINT('',(5.427342795589E-03,1.));
#2814 = ( GEOMETRIC_REPRESENTATION_CONTEXT(2) 
PARAMETRIC_REPRESENTATION_CONTEXT() REPRESENTATION_CONTEXT('2D SPACE',''
  ) );
#2815 = ORIENTED_EDGE('',*,*,#2816,.T.);
#2816 = EDGE_CURVE('',#2790,#2817,#2819,.T.);
#2817 = VERTEX_POINT('',#2818);
#2818 = CARTESIAN_POINT('',(116.0366766008,700.,34.005385011969));
#2819 = SURFACE_CURVE('',#2820,(#2824,#2831),.PCURVE_S1.);
#2820 = LINE('',#2821,#2822);
#2821 = CARTESIAN_POINT('',(112.8570369623,700.,33.801081298175));
#2822 = VECTOR('',#2823,1.);
#2823 = DIRECTION('',(0.997942098861,0.,6.412150436138E-02));
#2824 = PCURVE('',#94,#2825);
#2825 = DEFINITIONAL_REPRESENTATION('',(#2826),#2830);
#2826 = LINE('',#2827,#2828);
#2827 = CARTESIAN_POINT('',(40.282765168144,-2.998735707263));
#2828 = VECTOR('',#2829,1.);
#2829 = DIRECTION('',(-0.998021917664,6.286693774634E-02));
#2830 = ( GEOMETRIC_REPRESENTATION_CONTEXT(2) 
PARAMETRIC_REPRESENTATION_CONTEXT() REPRESENTATION_CONTEXT('2D SPACE',''
  ) );
#2831 = PCURVE('',#2832,#2837);
#2832 = B_SPLINE_SURFACE_WITH_KNOTS('',1,1,(
    (#2833,#2834)
    ,(#2835,#2836
    )),.UNSPECIFIED.,.F.,.F.,.F.,(2,2),(2,2),(0.,5.310327526571E-03),(0.
    ,1.),.PIECEWISE_BEZIER_KNOTS.);
#2833 = CARTESIAN_POINT('',(151.6367282705,0.,-4.807273666589));
#2834 = CARTESIAN_POINT('',(112.8570369623,700.,33.801081298175));
#2835 = CARTESIAN_POINT('',(156.936127668,0.,-4.466767476934));
#2836 = CARTESIAN_POINT('',(116.0366766008,700.,34.005385011969));
#2837 = DEFINITIONAL_REPRESENTATION('',(#2838),#2841);
#2838 = B_SPLINE_CURVE_WITH_KNOTS('',1,(#2839,#2840),.UNSPECIFIED.,.F.,
  .F.,(2,2),(0.,3.186196515943),.PIECEWISE_BEZIER_KNOTS.);
#2839 = CARTESIAN_POINT('',(0.,1.));
#2840 = CARTESIAN_POINT('',(5.310327526571E-03,1.));
#2841 = ( GEOMETRIC_REPRESENTATION_CONTEXT(2) 
PARAMETRIC_REPRESENTATION_CONTEXT() REPRESENTATION_CONTEXT('2D SPACE',''
  ) );
#2842 = ORIENTED_EDGE('',*,*,#2843,.T.);
#2843 = EDGE_CURVE('',#2817,#2844,#2846,.T.);
#2844 = VERTEX_POINT('',#2845);
#2845 = CARTESIAN_POINT('',(119.13702642407,700.,34.206356621878));
#2846 = SURFACE_CURVE('',#2847,(#2851,#2858),.PCURVE_S1.);
#2847 = LINE('',#2848,#2849);
#2848 = CARTESIAN_POINT('',(116.0366766008,700.,34.005385011969));
#2849 = VECTOR('',#2850,1.);
#2850 = DIRECTION('',(0.997905636776,0.,6.468647533104E-02));
#2851 = PCURVE('',#94,#2852);
#2852 = DEFINITIONAL_REPRESENTATION('',(#2853),#2857);
#2853 = LINE('',#2854,#2855);
#2854 = CARTESIAN_POINT('',(37.102871211247,-2.798429289248));
#2855 = VECTOR('',#2856,1.);
#2856 = DIRECTION('',(-0.997986165835,6.343195410617E-02));
#2857 = ( GEOMETRIC_REPRESENTATION_CONTEXT(2) 
PARAMETRIC_REPRESENTATION_CONTEXT() REPRESENTATION_CONTEXT('2D SPACE',''
  ) );
#2858 = PCURVE('',#2859,#2864);
#2859 = B_SPLINE_SURFACE_WITH_KNOTS('',1,1,(
    (#2860,#2861)
    ,(#2862,#2863
    )),.UNSPECIFIED.,.F.,.F.,.F.,(2,2),(2,2),(0.,5.178094516176E-03),(0.
    ,1.),.PIECEWISE_BEZIER_KNOTS.);
#2860 = CARTESIAN_POINT('',(156.936127668,0.,-4.466767476934));
#2861 = CARTESIAN_POINT('',(116.0366766008,700.,34.005385011969));
#2862 = CARTESIAN_POINT('',(162.10337737345,0.,-4.131814793751));
#2863 = CARTESIAN_POINT('',(119.13702642407,700.,34.206356621878));
#2864 = DEFINITIONAL_REPRESENTATION('',(#2865),#2868);
#2865 = B_SPLINE_CURVE_WITH_KNOTS('',1,(#2866,#2867),.UNSPECIFIED.,.F.,
  .F.,(2,2),(0.,3.106856709706),.PIECEWISE_BEZIER_KNOTS.);
#2866 = CARTESIAN_POINT('',(0.,1.));
#2867 = CARTESIAN_POINT('',(5.178094516176E-03,1.));
#2868 = ( GEOMETRIC_REPRESENTATION_CONTEXT(2) 
PARAMETRIC_REPRESENTATION_CONTEXT() REPRESENTATION_CONTEXT('2D SPACE',''
  ) );
#2869 = ORIENTED_EDGE('',*,*,#2870,.T.);
#2870 = EDGE_CURVE('',#2844,#2871,#2873,.T.);
#2871 = VERTEX_POINT('',#2872);
#2872 = CARTESIAN_POINT('',(122.14920207197,700.,34.403092337028));
#2873 = SURFACE_CURVE('',#2874,(#2878,#2885),.PCURVE_S1.);
#2874 = LINE('',#2875,#2876);
#2875 = CARTESIAN_POINT('',(119.13702642407,700.,34.206356621878));
#2876 = VECTOR('',#2877,1.);
#2877 = DIRECTION('',(0.997873873664,0.,6.517462894358E-02));
#2878 = PCURVE('',#94,#2879);
#2879 = DEFINITIONAL_REPRESENTATION('',(#2880),#2884);
#2880 = LINE('',#2881,#2882);
#2881 = CARTESIAN_POINT('',(34.002271195729,-2.601355297023));
#2882 = VECTOR('',#2883,1.);
#2883 = DIRECTION('',(-0.997955016408,6.39201472625E-02));
#2884 = ( GEOMETRIC_REPRESENTATION_CONTEXT(2) 
PARAMETRIC_REPRESENTATION_CONTEXT() REPRESENTATION_CONTEXT('2D SPACE',''
  ) );
#2885 = PCURVE('',#2886,#2891);
#2886 = B_SPLINE_SURFACE_WITH_KNOTS('',1,1,(
    (#2887,#2888)
    ,(#2889,#2890
    )),.UNSPECIFIED.,.F.,.F.,.F.,(2,2),(2,2),(0.,5.030989265277E-03),(0.
    ,1.),.PIECEWISE_BEZIER_KNOTS.);
#2887 = CARTESIAN_POINT('',(162.10337737345,0.,-4.131814793751));
#2888 = CARTESIAN_POINT('',(119.13702642407,700.,34.206356621878));
#2889 = CARTESIAN_POINT('',(167.12367011996,0.,-3.803921935168));
#2890 = CARTESIAN_POINT('',(122.14920207197,700.,34.403092337028));
#2891 = DEFINITIONAL_REPRESENTATION('',(#2892),#2895);
#2892 = B_SPLINE_CURVE_WITH_KNOTS('',1,(#2893,#2894),.UNSPECIFIED.,.F.,
  .F.,(2,2),(0.,3.018593559166),.PIECEWISE_BEZIER_KNOTS.);
#2893 = CARTESIAN_POINT('',(0.,1.));
#2894 = CARTESIAN_POINT('',(5.030989265277E-03,1.));
#2895 = ( GEOMETRIC_REPRESENTATION_CONTEXT(2) 
PARAMETRIC_REPRESENTATION_CONTEXT() REPRESENTATION_CONTEXT('2D SPACE',''
  ) );
#2896 = ORIENTED_EDGE('',*,*,#2897,.T.);
#2897 = EDGE_CURVE('',#2871,#2898,#2900,.T.);
#2898 = VERTEX_POINT('',#2899);
#2899 = CARTESIAN_POINT('',(125.0645466033,700.,34.594789902699));
#2900 = SURFACE_CURVE('',#2901,(#2905,#2912),.PCURVE_S1.);
#2901 = LINE('',#2902,#2903);
#2902 = CARTESIAN_POINT('',(122.14920207197,700.,34.403092337028));
#2903 = VECTOR('',#2904,1.);
#2904 = DIRECTION('',(0.997845145763,0.,6.561299472646E-02));
#2905 = PCURVE('',#94,#2906);
#2906 = DEFINITIONAL_REPRESENTATION('',(#2907),#2911);
#2907 = LINE('',#2908,#2909);
#2908 = CARTESIAN_POINT('',(30.989850610862,-2.408406352196));
#2909 = VECTOR('',#2910,1.);
#2910 = DIRECTION('',(-0.9979268396,6.435854881294E-02));
#2911 = ( GEOMETRIC_REPRESENTATION_CONTEXT(2) 
PARAMETRIC_REPRESENTATION_CONTEXT() REPRESENTATION_CONTEXT('2D SPACE',''
  ) );
#2912 = PCURVE('',#2913,#2918);
#2913 = B_SPLINE_SURFACE_WITH_KNOTS('',1,1,(
    (#2914,#2915)
    ,(#2916,#2917
    )),.UNSPECIFIED.,.F.,.F.,.F.,(2,2),(2,2),(0.,4.869400400293E-03),(0.
    ,1.),.PIECEWISE_BEZIER_KNOTS.);
#2914 = CARTESIAN_POINT('',(167.12367011996,0.,-3.803921935168));
#2915 = CARTESIAN_POINT('',(122.14920207197,700.,34.403092337028));
#2916 = CARTESIAN_POINT('',(171.98257767217,0.,-3.484425992382));
#2917 = CARTESIAN_POINT('',(125.0645466033,700.,34.594789902699));
#2918 = DEFINITIONAL_REPRESENTATION('',(#2919),#2922);
#2919 = B_SPLINE_CURVE_WITH_KNOTS('',1,(#2920,#2921),.UNSPECIFIED.,.F.,
  .F.,(2,2),(0.,2.921640240176),.PIECEWISE_BEZIER_KNOTS.);
#2920 = CARTESIAN_POINT('',(0.,1.));
#2921 = CARTESIAN_POINT('',(4.869400400293E-03,1.));
#2922 = ( GEOMETRIC_REPRESENTATION_CONTEXT(2) 
PARAMETRIC_REPRESENTATION_CONTEXT() REPRESENTATION_CONTEXT('2D SPACE',''
  ) );
#2923 = ORIENTED_EDGE('',*,*,#2924,.T.);
#2924 = EDGE_CURVE('',#2898,#2925,#2927,.T.);
#2925 = VERTEX_POINT('',#2926);
#2926 = CARTESIAN_POINT('',(127.87465670435,700.,34.780730341717));
#2927 = SURFACE_CURVE('',#2928,(#2932,#2939),.PCURVE_S1.);
#2928 = LINE('',#2929,#2930);
#2929 = CARTESIAN_POINT('',(125.0645466033,700.,34.594789902699));
#2930 = VECTOR('',#2931,1.);
#2931 = DIRECTION('',(0.997818034894,0.,6.602400503773E-02));
#2932 = PCURVE('',#94,#2933);
#2933 = DEFINITIONAL_REPRESENTATION('',(#2934),#2938);
#2934 = LINE('',#2935,#2936);
#2935 = CARTESIAN_POINT('',(28.074267399534,-2.220373826184));
#2936 = VECTOR('',#2937,1.);
#2937 = DIRECTION('',(-0.997900245434,6.476959288059E-02));
#2938 = ( GEOMETRIC_REPRESENTATION_CONTEXT(2) 
PARAMETRIC_REPRESENTATION_CONTEXT() REPRESENTATION_CONTEXT('2D SPACE',''
  ) );
#2939 = PCURVE('',#2940,#2945);
#2940 = B_SPLINE_SURFACE_WITH_KNOTS('',1,1,(
    (#2941,#2942)
    ,(#2943,#2944
    )),.UNSPECIFIED.,.F.,.F.,.F.,(2,2),(2,2),(0.,4.693758452241E-03),(0.
    ,1.),.PIECEWISE_BEZIER_KNOTS.);
#2941 = CARTESIAN_POINT('',(171.98257767217,0.,-3.484425992382));
#2942 = CARTESIAN_POINT('',(125.0645466033,700.,34.594789902699));
#2943 = CARTESIAN_POINT('',(176.66609450725,0.,-3.174525260686));
#2944 = CARTESIAN_POINT('',(127.87465670435,700.,34.780730341717));
#2945 = DEFINITIONAL_REPRESENTATION('',(#2946),#2949);
#2946 = B_SPLINE_CURVE_WITH_KNOTS('',1,(#2947,#2948),.UNSPECIFIED.,.F.,
  .F.,(2,2),(0.,2.816255071344),.PIECEWISE_BEZIER_KNOTS.);
#2947 = CARTESIAN_POINT('',(0.,1.));
#2948 = CARTESIAN_POINT('',(4.693758452241E-03,1.));
#2949 = ( GEOMETRIC_REPRESENTATION_CONTEXT(2) 
PARAMETRIC_REPRESENTATION_CONTEXT() REPRESENTATION_CONTEXT('2D SPACE',''
  ) );
#2950 = ORIENTED_EDGE('',*,*,#2951,.T.);
#2951 = EDGE_CURVE('',#2925,#2952,#2954,.T.);
#2952 = VERTEX_POINT('',#2953);
#2953 = CARTESIAN_POINT('',(130.57140828562,700.,34.960259858912));
#2954 = SURFACE_CURVE('',#2955,(#2959,#2966),.PCURVE_S1.);
#2955 = LINE('',#2956,#2957);
#2956 = CARTESIAN_POINT('',(127.87465670435,700.,34.780730341717));
#2957 = VECTOR('',#2958,1.);
#2958 = DIRECTION('',(0.997791389115,0.,6.64254755955E-02));
#2959 = PCURVE('',#94,#2960);
#2960 = DEFINITIONAL_REPRESENTATION('',(#2961),#2965);
#2961 = LINE('',#2962,#2963);
#2962 = CARTESIAN_POINT('',(25.263925772634,-2.037966131765));
#2963 = VECTOR('',#2964,1.);
#2964 = DIRECTION('',(-0.997874104367,6.517109661764E-02));
#2965 = ( GEOMETRIC_REPRESENTATION_CONTEXT(2) 
PARAMETRIC_REPRESENTATION_CONTEXT() REPRESENTATION_CONTEXT('2D SPACE',''
  ) );
#2966 = PCURVE('',#2967,#2972);
#2967 = B_SPLINE_SURFACE_WITH_KNOTS('',1,1,(
    (#2968,#2969)
    ,(#2970,#2971
    )),.UNSPECIFIED.,.F.,.F.,.F.,(2,2),(2,2),(0.,4.504534733228E-03),(0.
    ,1.),.PIECEWISE_BEZIER_KNOTS.);
#2968 = CARTESIAN_POINT('',(176.66609450725,0.,-3.174525260686));
#2969 = CARTESIAN_POINT('',(127.87465670435,700.,34.780730341717));
#2970 = CARTESIAN_POINT('',(181.16068047603,0.,-2.875309398694));
#2971 = CARTESIAN_POINT('',(130.57140828562,700.,34.960259858912));
#2972 = DEFINITIONAL_REPRESENTATION('',(#2973),#2976);
#2973 = B_SPLINE_CURVE_WITH_KNOTS('',1,(#2974,#2975),.UNSPECIFIED.,.F.,
  .F.,(2,2),(0.,2.702720839937),.PIECEWISE_BEZIER_KNOTS.);
#2974 = CARTESIAN_POINT('',(0.,1.));
#2975 = CARTESIAN_POINT('',(4.504534733228E-03,1.));
#2976 = ( GEOMETRIC_REPRESENTATION_CONTEXT(2) 
PARAMETRIC_REPRESENTATION_CONTEXT() REPRESENTATION_CONTEXT('2D SPACE',''
  ) );
#2977 = ORIENTED_EDGE('',*,*,#2978,.T.);
#2978 = EDGE_CURVE('',#2952,#2979,#2981,.T.);
#2979 = VERTEX_POINT('',#2980);
#2980 = CARTESIAN_POINT('',(133.14698143925,700.,35.132772855613));
#2981 = SURFACE_CURVE('',#2982,(#2986,#2993),.PCURVE_S1.);
#2982 = LINE('',#2983,#2984);
#2983 = CARTESIAN_POINT('',(130.57140828562,700.,34.960259858912));
#2984 = VECTOR('',#2985,1.);
#2985 = DIRECTION('',(0.997764330752,0.,6.683068366999E-02));
#2986 = PCURVE('',#94,#2987);
#2987 = DEFINITIONAL_REPRESENTATION('',(#2988),#2992);
#2988 = LINE('',#2989,#2990);
#2989 = CARTESIAN_POINT('',(22.566950635128,-1.861826850775));
#2990 = VECTOR('',#2991,1.);
#2991 = DIRECTION('',(-0.997847555413,6.557633838709E-02));
#2992 = ( GEOMETRIC_REPRESENTATION_CONTEXT(2) 
PARAMETRIC_REPRESENTATION_CONTEXT() REPRESENTATION_CONTEXT('2D SPACE',''
  ) );
#2993 = PCURVE('',#2994,#2999);
#2994 = B_SPLINE_SURFACE_WITH_KNOTS('',1,1,(
    (#2995,#2996)
    ,(#2997,#2998
    )),.UNSPECIFIED.,.F.,.F.,.F.,(2,2),(2,2),(0.,4.302240309078E-03),(0.
    ,1.),.PIECEWISE_BEZIER_KNOTS.);
#2995 = CARTESIAN_POINT('',(181.16068047603,0.,-2.875309398694));
#2996 = CARTESIAN_POINT('',(130.57140828562,700.,34.960259858912));
#2997 = CARTESIAN_POINT('',(185.45330239875,0.,-2.587787737526));
#2998 = CARTESIAN_POINT('',(133.14698143925,700.,35.132772855613));
#2999 = DEFINITIONAL_REPRESENTATION('',(#3000),#3003);
#3000 = B_SPLINE_CURVE_WITH_KNOTS('',1,(#3001,#3002),.UNSPECIFIED.,.F.,
  .F.,(2,2),(0.,2.581344185447),.PIECEWISE_BEZIER_KNOTS.);
#3001 = CARTESIAN_POINT('',(0.,1.));
#3002 = CARTESIAN_POINT('',(4.302240309078E-03,1.));
#3003 = ( GEOMETRIC_REPRESENTATION_CONTEXT(2) 
PARAMETRIC_REPRESENTATION_CONTEXT() REPRESENTATION_CONTEXT('2D SPACE',''
  ) );
#3004 = ORIENTED_EDGE('',*,*,#3005,.T.);
#3005 = EDGE_CURVE('',#2979,#3006,#3008,.T.);
#3006 = VERTEX_POINT('',#3007);
#3007 = CARTESIAN_POINT('',(135.59388473824,700.,35.297696882118));
#3008 = SURFACE_CURVE('',#3009,(#3013,#3020),.PCURVE_S1.);
#3009 = LINE('',#3010,#3011);
#3010 = CARTESIAN_POINT('',(133.14698143925,700.,35.132772855613));
#3011 = VECTOR('',#3012,1.);
#3012 = DIRECTION('',(0.997736254494,0.,6.724854249431E-02));
#3013 = PCURVE('',#94,#3014);
#3014 = DEFINITIONAL_REPRESENTATION('',(#3015),#3019);
#3015 = LINE('',#3016,#3017);
#3016 = CARTESIAN_POINT('',(19.991162650001,-1.692551750977));
#3017 = VECTOR('',#3018,1.);
#3018 = DIRECTION('',(-0.997820004469,6.599423217599E-02));
#3019 = ( GEOMETRIC_REPRESENTATION_CONTEXT(2) 
PARAMETRIC_REPRESENTATION_CONTEXT() REPRESENTATION_CONTEXT('2D SPACE',''
  ) );
#3020 = PCURVE('',#3021,#3026);
#3021 = B_SPLINE_SURFACE_WITH_KNOTS('',1,1,(
    (#3022,#3023)
    ,(#3024,#3025
    )),.UNSPECIFIED.,.F.,.F.,.F.,(2,2),(2,2),(0.,4.087425055081E-03),(0.
    ,1.),.PIECEWISE_BEZIER_KNOTS.);
#3022 = CARTESIAN_POINT('',(185.45330239875,0.,-2.587787737526));
#3023 = CARTESIAN_POINT('',(133.14698143925,700.,35.132772855613));
#3024 = CARTESIAN_POINT('',(189.53147456373,0.,-2.312914360017));
#3025 = CARTESIAN_POINT('',(135.59388473824,700.,35.297696882118));
#3026 = DEFINITIONAL_REPRESENTATION('',(#3027),#3030);
#3027 = B_SPLINE_CURVE_WITH_KNOTS('',1,(#3028,#3029),.UNSPECIFIED.,.F.,
  .F.,(2,2),(0.,2.452455033048),.PIECEWISE_BEZIER_KNOTS.);
#3028 = CARTESIAN_POINT('',(0.,1.));
#3029 = CARTESIAN_POINT('',(4.087425055081E-03,1.));
#3030 = ( GEOMETRIC_REPRESENTATION_CONTEXT(2) 
PARAMETRIC_REPRESENTATION_CONTEXT() REPRESENTATION_CONTEXT('2D SPACE',''
  ) );
#3031 = ORIENTED_EDGE('',*,*,#3032,.T.);
#3032 = EDGE_CURVE('',#3006,#3033,#3035,.T.);
#3033 = VERTEX_POINT('',#3034);
#3034 = CARTESIAN_POINT('',(137.90497885927,700.,35.454480202351));
#3035 = SURFACE_CURVE('',#3036,(#3040,#3047),.PCURVE_S1.);
#3036 = LINE('',#3037,#3038);
#3037 = CARTESIAN_POINT('',(135.59388473824,700.,35.297696882118));
#3038 = VECTOR('',#3039,1.);
#3039 = DIRECTION('',(0.99770681772,0.,6.76838671681E-02));
#3040 = PCURVE('',#94,#3041);
#3041 = DEFINITIONAL_REPRESENTATION('',(#3042),#3046);
#3042 = LINE('',#3043,#3044);
#3043 = CARTESIAN_POINT('',(17.544053957963,-1.530703864125));
#3044 = VECTOR('',#3045,1.);
#3045 = DIRECTION('',(-0.997791114966,6.642959351085E-02));
#3046 = ( GEOMETRIC_REPRESENTATION_CONTEXT(2) 
PARAMETRIC_REPRESENTATION_CONTEXT() REPRESENTATION_CONTEXT('2D SPACE',''
  ) );
#3047 = PCURVE('',#3048,#3053);
#3048 = B_SPLINE_SURFACE_WITH_KNOTS('',1,1,(
    (#3049,#3050)
    ,(#3051,#3052
    )),.UNSPECIFIED.,.F.,.F.,.F.,(2,2),(2,2),(0.,3.860676770606E-03),(0.
    ,1.),.PIECEWISE_BEZIER_KNOTS.);
#3049 = CARTESIAN_POINT('',(189.53147456373,0.,-2.312914360017));
#3050 = CARTESIAN_POINT('',(135.59388473824,700.,35.297696882118));
#3051 = CARTESIAN_POINT('',(193.38329809878,0.,-2.051608826297));
#3052 = CARTESIAN_POINT('',(137.90497885927,700.,35.454480202351));
#3053 = DEFINITIONAL_REPRESENTATION('',(#3054),#3057);
#3054 = B_SPLINE_CURVE_WITH_KNOTS('',1,(#3055,#3056),.UNSPECIFIED.,.F.,
  .F.,(2,2),(0.,2.316406062364),.PIECEWISE_BEZIER_KNOTS.);
#3055 = CARTESIAN_POINT('',(0.,1.));
#3056 = CARTESIAN_POINT('',(3.860676770606E-03,1.));
#3057 = ( GEOMETRIC_REPRESENTATION_CONTEXT(2) 
PARAMETRIC_REPRESENTATION_CONTEXT() REPRESENTATION_CONTEXT('2D SPACE',''
  ) );
#3058 = ORIENTED_EDGE('',*,*,#3059,.T.);
#3059 = EDGE_CURVE('',#3033,#3060,#3062,.T.);
#3060 = VERTEX_POINT('',#3061);
#3061 = CARTESIAN_POINT('',(140.07349950419,700.,35.602582465074));
#3062 = SURFACE_CURVE('',#3063,(#3067,#3074),.PCURVE_S1.);
#3063 = LINE('',#3064,#3065);
#3064 = CARTESIAN_POINT('',(137.90497885927,700.,35.454480202351));
#3065 = VECTOR('',#3066,1.);
#3066 = DIRECTION('',(0.997675924599,0.,6.813772432553E-02));
#3067 = PCURVE('',#94,#3068);
#3068 = DEFINITIONAL_REPRESENTATION('',(#3069),#3073);
#3069 = LINE('',#3070,#3071);
#3070 = CARTESIAN_POINT('',(15.232764570282,-1.376825950996));
#3071 = VECTOR('',#3072,1.);
#3072 = DIRECTION('',(-0.997760792415,6.68834891455E-02));
#3073 = ( GEOMETRIC_REPRESENTATION_CONTEXT(2) 
PARAMETRIC_REPRESENTATION_CONTEXT() REPRESENTATION_CONTEXT('2D SPACE',''
  ) );
#3074 = PCURVE('',#3075,#3080);
#3075 = B_SPLINE_SURFACE_WITH_KNOTS('',1,1,(
    (#3076,#3077)
    ,(#3078,#3079
    )),.UNSPECIFIED.,.F.,.F.,.F.,(2,2),(2,2),(0.,3.622620317633E-03),(0.
    ,1.),.PIECEWISE_BEZIER_KNOTS.);
#3076 = CARTESIAN_POINT('',(193.38329809878,0.,-2.051608826297));
#3077 = CARTESIAN_POINT('',(137.90497885927,700.,35.454480202351));
#3078 = CARTESIAN_POINT('',(196.99749917364,0.,-1.804771721758));
#3079 = CARTESIAN_POINT('',(140.07349950419,700.,35.602582465074));
#3080 = DEFINITIONAL_REPRESENTATION('',(#3081),#3084);
#3081 = B_SPLINE_CURVE_WITH_KNOTS('',1,(#3082,#3083),.UNSPECIFIED.,.F.,
  .F.,(2,2),(0.,2.17357219058),.PIECEWISE_BEZIER_KNOTS.);
#3082 = CARTESIAN_POINT('',(0.,1.));
#3083 = CARTESIAN_POINT('',(3.622620317633E-03,1.));
#3084 = ( GEOMETRIC_REPRESENTATION_CONTEXT(2) 
PARAMETRIC_REPRESENTATION_CONTEXT() REPRESENTATION_CONTEXT('2D SPACE',''
  ) );
#3085 = ORIENTED_EDGE('',*,*,#3086,.T.);
#3086 = EDGE_CURVE('',#3060,#3087,#3089,.T.);
#3087 = VERTEX_POINT('',#3088);
#3088 = CARTESIAN_POINT('',(142.09307958156,700.,35.741468779706));
#3089 = SURFACE_CURVE('',#3090,(#3094,#3101),.PCURVE_S1.);
#3090 = LINE('',#3091,#3092);
#3091 = CARTESIAN_POINT('',(140.07349950419,700.,35.602582465074));
#3092 = VECTOR('',#3093,1.);
#3093 = DIRECTION('',(0.99764370504,0.,6.860785519731E-02));
#3094 = PCURVE('',#94,#3095);
#3095 = DEFINITIONAL_REPRESENTATION('',(#3096),#3100);
#3096 = LINE('',#3097,#3098);
#3097 = CARTESIAN_POINT('',(13.064059459039,-1.23144985898));
#3098 = VECTOR('',#3099,1.);
#3099 = DIRECTION('',(-0.997729163884,6.735366014911E-02));
#3100 = ( GEOMETRIC_REPRESENTATION_CONTEXT(2) 
PARAMETRIC_REPRESENTATION_CONTEXT() REPRESENTATION_CONTEXT('2D SPACE',''
  ) );
#3101 = PCURVE('',#3102,#3107);
#3102 = B_SPLINE_SURFACE_WITH_KNOTS('',1,1,(
    (#3103,#3104)
    ,(#3105,#3106
    )),.UNSPECIFIED.,.F.,.F.,.F.,(2,2),(2,2),(0.,3.373916738638E-03),(0.
    ,1.),.PIECEWISE_BEZIER_KNOTS.);
#3103 = CARTESIAN_POINT('',(196.99749917364,0.,-1.804771721758));
#3104 = CARTESIAN_POINT('',(140.07349950419,700.,35.602582465074));
#3105 = CARTESIAN_POINT('',(200.36346596927,0.,-1.573294530705));
#3106 = CARTESIAN_POINT('',(142.09307958156,700.,35.741468779706));
#3107 = DEFINITIONAL_REPRESENTATION('',(#3108),#3111);
#3108 = B_SPLINE_CURVE_WITH_KNOTS('',1,(#3109,#3110),.UNSPECIFIED.,.F.,
  .F.,(2,2),(0.,2.024350043183),.PIECEWISE_BEZIER_KNOTS.);
#3109 = CARTESIAN_POINT('',(0.,1.));
#3110 = CARTESIAN_POINT('',(3.373916738638E-03,1.));
#3111 = ( GEOMETRIC_REPRESENTATION_CONTEXT(2) 
PARAMETRIC_REPRESENTATION_CONTEXT() REPRESENTATION_CONTEXT('2D SPACE',''
  ) );
#3112 = ORIENTED_EDGE('',*,*,#3113,.T.);
#3113 = EDGE_CURVE('',#3087,#3114,#3116,.T.);
#3114 = VERTEX_POINT('',#3115);
#3115 = CARTESIAN_POINT('',(143.95777059044,700.,35.870607292081));
#3116 = SURFACE_CURVE('',#3117,(#3121,#3128),.PCURVE_S1.);
#3117 = LINE('',#3118,#3119);
#3118 = CARTESIAN_POINT('',(142.09307958156,700.,35.741468779706));
#3119 = VECTOR('',#3120,1.);
#3120 = DIRECTION('',(0.99761048914,0.,6.908915948279E-02));
#3121 = PCURVE('',#94,#3122);
#3122 = DEFINITIONAL_REPRESENTATION('',(#3123),#3127);
#3123 = LINE('',#3124,#3125);
#3124 = CARTESIAN_POINT('',(11.044306383046,-1.095102474149));
#3125 = VECTOR('',#3126,1.);
#3126 = DIRECTION('',(-0.997696553059,6.783500581009E-02));
#3127 = ( GEOMETRIC_REPRESENTATION_CONTEXT(2) 
PARAMETRIC_REPRESENTATION_CONTEXT() REPRESENTATION_CONTEXT('2D SPACE',''
  ) );
#3128 = PCURVE('',#3129,#3134);
#3129 = B_SPLINE_SURFACE_WITH_KNOTS('',1,1,(
    (#3130,#3131)
    ,(#3132,#3133
    )),.UNSPECIFIED.,.F.,.F.,.F.,(2,2),(2,2),(0.,3.115262301222E-03),(0.
    ,1.),.PIECEWISE_BEZIER_KNOTS.);
#3130 = CARTESIAN_POINT('',(200.36346596927,0.,-1.573294530705));
#3131 = CARTESIAN_POINT('',(142.09307958156,700.,35.741468779706));
#3132 = CARTESIAN_POINT('',(203.4712843174,0.,-1.358063676746));
#3133 = CARTESIAN_POINT('',(143.95777059044,700.,35.870607292081));
#3134 = DEFINITIONAL_REPRESENTATION('',(#3135),#3138);
#3135 = B_SPLINE_CURVE_WITH_KNOTS('',1,(#3136,#3137),.UNSPECIFIED.,.F.,
  .F.,(2,2),(0.,1.869157380733),.PIECEWISE_BEZIER_KNOTS.);
#3136 = CARTESIAN_POINT('',(0.,1.));
#3137 = CARTESIAN_POINT('',(3.115262301222E-03,1.));
#3138 = ( GEOMETRIC_REPRESENTATION_CONTEXT(2) 
PARAMETRIC_REPRESENTATION_CONTEXT() REPRESENTATION_CONTEXT('2D SPACE',''
  ) );
#3139 = ORIENTED_EDGE('',*,*,#3140,.T.);
#3140 = EDGE_CURVE('',#3114,#3141,#3143,.T.);
#3141 = VERTEX_POINT('',#3142);
#3142 = CARTESIAN_POINT('',(145.66206312531,700.,35.989470156754));
#3143 = SURFACE_CURVE('',#3144,(#3148,#3155),.PCURVE_S1.);
#3144 = LINE('',#3145,#3146);
#3145 = CARTESIAN_POINT('',(143.95777059044,700.,35.870607292081));
#3146 = VECTOR('',#3147,1.);
#3147 = DIRECTION('',(0.997576777554,0.,6.957422571815E-02));
#3148 = PCURVE('',#94,#3149);
#3149 = DEFINITIONAL_REPRESENTATION('',(#3150),#3154);
#3150 = LINE('',#3151,#3152);
#3151 = CARTESIAN_POINT('',(9.179454507163,-0.968308172367));
#3152 = VECTOR('',#3153,1.);
#3153 = DIRECTION('',(-0.997663451279,6.83201140411E-02));
#3154 = ( GEOMETRIC_REPRESENTATION_CONTEXT(2) 
PARAMETRIC_REPRESENTATION_CONTEXT() REPRESENTATION_CONTEXT('2D SPACE',''
  ) );
#3155 = PCURVE('',#3156,#3161);
#3156 = B_SPLINE_SURFACE_WITH_KNOTS('',1,1,(
    (#3157,#3158)
    ,(#3159,#3160
    )),.UNSPECIFIED.,.F.,.F.,.F.,(2,2),(2,2),(0.,2.847387411213E-03),(0.
    ,1.),.PIECEWISE_BEZIER_KNOTS.);
#3157 = CARTESIAN_POINT('',(203.4712843174,0.,-1.358063676746));
#3158 = CARTESIAN_POINT('',(143.95777059044,700.,35.870607292081));
#3159 = CARTESIAN_POINT('',(206.31177187552,0.,-1.159958902291));
#3160 = CARTESIAN_POINT('',(145.66206312531,700.,35.989470156754));
#3161 = DEFINITIONAL_REPRESENTATION('',(#3162),#3165);
#3162 = B_SPLINE_CURVE_WITH_KNOTS('',1,(#3163,#3164),.UNSPECIFIED.,.F.,
  .F.,(2,2),(0.,1.708432446728),.PIECEWISE_BEZIER_KNOTS.);
#3163 = CARTESIAN_POINT('',(0.,1.));
#3164 = CARTESIAN_POINT('',(2.847387411213E-03,1.));
#3165 = ( GEOMETRIC_REPRESENTATION_CONTEXT(2) 
PARAMETRIC_REPRESENTATION_CONTEXT() REPRESENTATION_CONTEXT('2D SPACE',''
  ) );
#3166 = ORIENTED_EDGE('',*,*,#3167,.T.);
#3167 = EDGE_CURVE('',#3141,#3168,#3170,.T.);
#3168 = VERTEX_POINT('',#3169);
#3169 = CARTESIAN_POINT('',(147.20090639665,700.,36.097537617291));
#3170 = SURFACE_CURVE('',#3171,(#3175,#3182),.PCURVE_S1.);
#3171 = LINE('',#3172,#3173);
#3172 = CARTESIAN_POINT('',(145.66206312531,700.,35.989470156754));
#3173 = VECTOR('',#3174,1.);
#3174 = DIRECTION('',(0.997543208152,0.,7.005389261433E-02));
#3175 = PCURVE('',#94,#3176);
#3176 = DEFINITIONAL_REPRESENTATION('',(#3177),#3181);
#3177 = LINE('',#3178,#3179);
#3178 = CARTESIAN_POINT('',(7.475013896084,-0.851587872775));
#3179 = VECTOR('',#3180,1.);
#3180 = DIRECTION('',(-0.997630484893,6.879982275847E-02));
#3181 = ( GEOMETRIC_REPRESENTATION_CONTEXT(2) 
PARAMETRIC_REPRESENTATION_CONTEXT() REPRESENTATION_CONTEXT('2D SPACE',''
  ) );
#3182 = PCURVE('',#3183,#3188);
#3183 = B_SPLINE_SURFACE_WITH_KNOTS('',1,1,(
    (#3184,#3185)
    ,(#3186,#3187
    )),.UNSPECIFIED.,.F.,.F.,.F.,(2,2),(2,2),(0.,2.571055333354E-03),(0.
    ,1.),.PIECEWISE_BEZIER_KNOTS.);
#3184 = CARTESIAN_POINT('',(206.31177187552,0.,-1.159958902291));
#3185 = CARTESIAN_POINT('',(145.66206312531,700.,35.989470156754));
#3186 = CARTESIAN_POINT('',(208.87651066109,0.,-0.979846468063));
#3187 = CARTESIAN_POINT('',(147.20090639665,700.,36.097537617291));
#3188 = DEFINITIONAL_REPRESENTATION('',(#3189),#3192);
#3189 = B_SPLINE_CURVE_WITH_KNOTS('',1,(#3190,#3191),.UNSPECIFIED.,.F.,
  .F.,(2,2),(0.,1.542633200013),.PIECEWISE_BEZIER_KNOTS.);
#3190 = CARTESIAN_POINT('',(0.,1.));
#3191 = CARTESIAN_POINT('',(2.571055333354E-03,1.));
#3192 = ( GEOMETRIC_REPRESENTATION_CONTEXT(2) 
PARAMETRIC_REPRESENTATION_CONTEXT() REPRESENTATION_CONTEXT('2D SPACE',''
  ) );
#3193 = ORIENTED_EDGE('',*,*,#3194,.T.);
#3194 = EDGE_CURVE('',#3168,#3195,#3197,.T.);
#3195 = VERTEX_POINT('',#3196);
#3196 = CARTESIAN_POINT('',(148.56972663681,700.,36.194304743543));
#3197 = SURFACE_CURVE('',#3198,(#3202,#3209),.PCURVE_S1.);
#3198 = LINE('',#3199,#3200);
#3199 = CARTESIAN_POINT('',(147.20090639665,700.,36.097537617291));
#3200 = VECTOR('',#3201,1.);
#3201 = DIRECTION('',(0.997510519411,0.,7.051782515861E-02));
#3202 = PCURVE('',#94,#3203);
#3203 = DEFINITIONAL_REPRESENTATION('',(#3204),#3208);
#3204 = LINE('',#3205,#3206);
#3205 = CARTESIAN_POINT('',(5.936035988743,-0.745454982033));
#3206 = VECTOR('',#3207,1.);
#3207 = DIRECTION('',(-0.997598379389,6.926379602928E-02));
#3208 = ( GEOMETRIC_REPRESENTATION_CONTEXT(2) 
PARAMETRIC_REPRESENTATION_CONTEXT() REPRESENTATION_CONTEXT('2D SPACE',''
  ) );
#3209 = PCURVE('',#3210,#3215);
#3210 = B_SPLINE_SURFACE_WITH_KNOTS('',1,1,(
    (#3211,#3212)
    ,(#3213,#3214
    )),.UNSPECIFIED.,.F.,.F.,.F.,(2,2),(2,2),(0.,2.287060660044E-03),(0.
    ,1.),.PIECEWISE_BEZIER_KNOTS.);
#3211 = CARTESIAN_POINT('',(208.87651066109,0.,-0.979846468063));
#3212 = CARTESIAN_POINT('',(147.20090639665,700.,36.097537617291));
#3213 = CARTESIAN_POINT('',(211.15787772802,0.,-0.81856792431));
#3214 = CARTESIAN_POINT('',(148.56972663681,700.,36.194304743543));
#3215 = DEFINITIONAL_REPRESENTATION('',(#3216),#3219);
#3216 = B_SPLINE_CURVE_WITH_KNOTS('',1,(#3217,#3218),.UNSPECIFIED.,.F.,
  .F.,(2,2),(0.,1.372236396026),.PIECEWISE_BEZIER_KNOTS.);
#3217 = CARTESIAN_POINT('',(0.,1.));
#3218 = CARTESIAN_POINT('',(2.287060660044E-03,1.));
#3219 = ( GEOMETRIC_REPRESENTATION_CONTEXT(2) 
PARAMETRIC_REPRESENTATION_CONTEXT() REPRESENTATION_CONTEXT('2D SPACE',''
  ) );
#3220 = ORIENTED_EDGE('',*,*,#3221,.T.);
#3221 = EDGE_CURVE('',#3195,#3222,#3224,.T.);
#3222 = VERTEX_POINT('',#3223);
#3223 = CARTESIAN_POINT('',(149.76444423994,700.,36.279290242539));
#3224 = SURFACE_CURVE('',#3225,(#3229,#3236),.PCURVE_S1.);
#3225 = LINE('',#3226,#3227);
#3226 = CARTESIAN_POINT('',(148.56972663681,700.,36.194304743543));
#3227 = VECTOR('',#3228,1.);
#3228 = DIRECTION('',(0.997479511232,0.,7.095508911734E-02));
#3229 = PCURVE('',#94,#3230);
#3230 = DEFINITIONAL_REPRESENTATION('',(#3231),#3235);
#3231 = LINE('',#3232,#3233);
#3232 = CARTESIAN_POINT('',(4.567095183928,-0.650408680194));
#3233 = VECTOR('',#3234,1.);
#3234 = DIRECTION('',(-0.997567920921,6.970109862298E-02));
#3235 = ( GEOMETRIC_REPRESENTATION_CONTEXT(2) 
PARAMETRIC_REPRESENTATION_CONTEXT() REPRESENTATION_CONTEXT('2D SPACE',''
  ) );
#3236 = PCURVE('',#3237,#3242);
#3237 = B_SPLINE_SURFACE_WITH_KNOTS('',1,1,(
    (#3238,#3239)
    ,(#3240,#3241
    )),.UNSPECIFIED.,.F.,.F.,.F.,(2,2),(2,2),(0.,1.996227474154E-03),(0.
    ,1.),.PIECEWISE_BEZIER_KNOTS.);
#3238 = CARTESIAN_POINT('',(211.15787772802,0.,-0.81856792431));
#3239 = CARTESIAN_POINT('',(148.56972663681,700.,36.194304743543));
#3240 = CARTESIAN_POINT('',(213.14907373324,0.,-0.676925425983));
#3241 = CARTESIAN_POINT('',(149.76444423994,700.,36.279290242539));
#3242 = DEFINITIONAL_REPRESENTATION('',(#3243),#3246);
#3243 = B_SPLINE_CURVE_WITH_KNOTS('',1,(#3244,#3245),.UNSPECIFIED.,.F.,
  .F.,(2,2),(0.,1.197736484492),.PIECEWISE_BEZIER_KNOTS.);
#3244 = CARTESIAN_POINT('',(0.,1.));
#3245 = CARTESIAN_POINT('',(1.996227474154E-03,1.));
#3246 = ( GEOMETRIC_REPRESENTATION_CONTEXT(2) 
PARAMETRIC_REPRESENTATION_CONTEXT() REPRESENTATION_CONTEXT('2D SPACE',''
  ) );
#3247 = ORIENTED_EDGE('',*,*,#3248,.T.);
#3248 = EDGE_CURVE('',#3222,#3249,#3251,.T.);
#3249 = VERTEX_POINT('',#3250);
#3250 = CARTESIAN_POINT('',(150.78148946815,700.,36.352046663554));
#3251 = SURFACE_CURVE('',#3252,(#3256,#3263),.PCURVE_S1.);
#3252 = LINE('',#3253,#3254);
#3253 = CARTESIAN_POINT('',(149.76444423994,700.,36.279290242539));
#3254 = VECTOR('',#3255,1.);
#3255 = DIRECTION('',(0.997451004139,0.,7.1354707919E-02));
#3256 = PCURVE('',#94,#3257);
#3257 = DEFINITIONAL_REPRESENTATION('',(#3258),#3262);
#3258 = LINE('',#3259,#3260);
#3259 = CARTESIAN_POINT('',(3.372271689282,-0.566925131365));
#3260 = VECTOR('',#3261,1.);
#3261 = DIRECTION('',(-0.997539916212,7.010075294523E-02));
#3262 = ( GEOMETRIC_REPRESENTATION_CONTEXT(2) 
PARAMETRIC_REPRESENTATION_CONTEXT() REPRESENTATION_CONTEXT('2D SPACE',''
  ) );
#3263 = PCURVE('',#3264,#3269);
#3264 = B_SPLINE_SURFACE_WITH_KNOTS('',1,1,(
    (#3265,#3266)
    ,(#3267,#3268
    )),.UNSPECIFIED.,.F.,.F.,.F.,(2,2),(2,2),(0.,1.699407162168E-03),(0.
    ,1.),.PIECEWISE_BEZIER_KNOTS.);
#3265 = CARTESIAN_POINT('',(213.14907373324,0.,-0.676925425983));
#3266 = CARTESIAN_POINT('',(149.76444423994,700.,36.279290242539));
#3267 = CARTESIAN_POINT('',(214.84414911359,0.,-0.555664724291));
#3268 = CARTESIAN_POINT('',(150.78148946815,700.,36.352046663554));
#3269 = DEFINITIONAL_REPRESENTATION('',(#3270),#3273);
#3270 = B_SPLINE_CURVE_WITH_KNOTS('',1,(#3271,#3272),.UNSPECIFIED.,.F.,
  .F.,(2,2),(0.,1.019644297301),.PIECEWISE_BEZIER_KNOTS.);
#3271 = CARTESIAN_POINT('',(0.,1.));
#3272 = CARTESIAN_POINT('',(1.699407162168E-03,1.));
#3273 = ( GEOMETRIC_REPRESENTATION_CONTEXT(2) 
PARAMETRIC_REPRESENTATION_CONTEXT() REPRESENTATION_CONTEXT('2D SPACE',''
  ) );
#3274 = ORIENTED_EDGE('',*,*,#3275,.T.);
#3275 = EDGE_CURVE('',#3249,#3276,#3278,.T.);
#3276 = VERTEX_POINT('',#3277);
#3277 = CARTESIAN_POINT('',(151.61781654617,700.,36.412171261995));
#3278 = SURFACE_CURVE('',#3279,(#3283,#3290),.PCURVE_S1.);
#3279 = LINE('',#3280,#3281);
#3280 = CARTESIAN_POINT('',(150.78148946815,700.,36.352046663554));
#3281 = VECTOR('',#3282,1.);
#3282 = DIRECTION('',(0.997425798138,0.,7.170618668655E-02));
#3283 = PCURVE('',#94,#3284);
#3284 = DEFINITIONAL_REPRESENTATION('',(#3285),#3289);
#3285 = LINE('',#3286,#3287);
#3286 = CARTESIAN_POINT('',(2.355135802387,-0.495447298387));
#3287 = VECTOR('',#3288,1.);
#3288 = DIRECTION('',(-0.997515152076,7.045226312159E-02));
#3289 = ( GEOMETRIC_REPRESENTATION_CONTEXT(2) 
PARAMETRIC_REPRESENTATION_CONTEXT() REPRESENTATION_CONTEXT('2D SPACE',''
  ) );
#3290 = PCURVE('',#3291,#3296);
#3291 = B_SPLINE_SURFACE_WITH_KNOTS('',1,1,(
    (#3292,#3293)
    ,(#3294,#3295
    )),.UNSPECIFIED.,.F.,.F.,.F.,(2,2),(2,2),(0.,1.397475848302E-03),(0.
    ,1.),.PIECEWISE_BEZIER_KNOTS.);
#3292 = CARTESIAN_POINT('',(214.84414911359,0.,-0.555664724291));
#3293 = CARTESIAN_POINT('',(150.78148946815,700.,36.352046663554));
#3294 = CARTESIAN_POINT('',(216.23802757696,0.,-0.455457060223));
#3295 = CARTESIAN_POINT('',(151.61781654617,700.,36.412171261995));
#3296 = DEFINITIONAL_REPRESENTATION('',(#3297),#3300);
#3297 = B_SPLINE_CURVE_WITH_KNOTS('',1,(#3298,#3299),.UNSPECIFIED.,.F.,
  .F.,(2,2),(0.,0.838485508981),.PIECEWISE_BEZIER_KNOTS.);
#3298 = CARTESIAN_POINT('',(0.,1.));
#3299 = CARTESIAN_POINT('',(1.397475848302E-03,1.));
#3300 = ( GEOMETRIC_REPRESENTATION_CONTEXT(2) 
PARAMETRIC_REPRESENTATION_CONTEXT() REPRESENTATION_CONTEXT('2D SPACE',''
  ) );
#3301 = ORIENTED_EDGE('',*,*,#3302,.T.);
#3302 = EDGE_CURVE('',#3276,#3303,#3305,.T.);
#3303 = VERTEX_POINT('',#3304);
#3304 = CARTESIAN_POINT('',(152.2709159657,700.,36.459316773173));
#3305 = SURFACE_CURVE('',#3306,(#3310,#3317),.PCURVE_S1.);
#3306 = LINE('',#3307,#3308);
#3307 = CARTESIAN_POINT('',(151.61781654617,700.,36.412171261995));
#3308 = VECTOR('',#3309,1.);
#3309 = DIRECTION('',(0.9974046328,0.,7.1999989372E-02));
#3310 = PCURVE('',#94,#3311);
#3311 = DEFINITIONAL_REPRESENTATION('',(#3312),#3316);
#3312 = LINE('',#3313,#3314);
#3313 = CARTESIAN_POINT('',(1.518733802382,-0.436374096685));
#3314 = VECTOR('',#3315,1.);
#3315 = DIRECTION('',(-0.997494356095,7.074609218191E-02));
#3316 = ( GEOMETRIC_REPRESENTATION_CONTEXT(2) 
PARAMETRIC_REPRESENTATION_CONTEXT() REPRESENTATION_CONTEXT('2D SPACE',''
  ) );
#3317 = PCURVE('',#3318,#3323);
#3318 = B_SPLINE_SURFACE_WITH_KNOTS('',1,1,(
    (#3319,#3320)
    ,(#3321,#3322
    )),.UNSPECIFIED.,.F.,.F.,.F.,(2,2),(2,2),(0.,1.091331438364E-03),(0.
    ,1.),.PIECEWISE_BEZIER_KNOTS.);
#3319 = CARTESIAN_POINT('',(216.23802757696,0.,-0.455457060223));
#3320 = CARTESIAN_POINT('',(151.61781654617,700.,36.412171261995));
#3321 = CARTESIAN_POINT('',(217.3265266095,0.,-0.37688120826));
#3322 = CARTESIAN_POINT('',(152.2709159657,700.,36.459316773173));
#3323 = DEFINITIONAL_REPRESENTATION('',(#3324),#3327);
#3324 = B_SPLINE_CURVE_WITH_KNOTS('',1,(#3325,#3326),.UNSPECIFIED.,.F.,
  .F.,(2,2),(0.,0.654798863019),.PIECEWISE_BEZIER_KNOTS.);
#3325 = CARTESIAN_POINT('',(0.,1.));
#3326 = CARTESIAN_POINT('',(1.091331438364E-03,1.));
#3327 = ( GEOMETRIC_REPRESENTATION_CONTEXT(2) 
PARAMETRIC_REPRESENTATION_CONTEXT() REPRESENTATION_CONTEXT('2D SPACE',''
  ) );
#3328 = ORIENTED_EDGE('',*,*,#3329,.T.);
#3329 = EDGE_CURVE('',#3303,#3330,#3332,.T.);
#3330 = VERTEX_POINT('',#3331);
#3331 = CARTESIAN_POINT('',(152.73882482734,700.,36.493201375546));
#3332 = SURFACE_CURVE('',#3333,(#3337,#3344),.PCURVE_S1.);
#3333 = LINE('',#3334,#3335);
#3334 = CARTESIAN_POINT('',(152.2709159657,700.,36.459316773173));
#3335 = VECTOR('',#3336,1.);
#3336 = DIRECTION('',(0.997388150274,0.,7.222795645496E-02));
#3337 = PCURVE('',#94,#3338);
#3338 = DEFINITIONAL_REPRESENTATION('',(#3339),#3343);
#3339 = LINE('',#3340,#3341);
#3340 = CARTESIAN_POINT('',(0.865575632143,-0.390049635961));
#3341 = VECTOR('',#3342,1.);
#3342 = DIRECTION('',(-0.99747816016,7.097407980497E-02));
#3343 = ( GEOMETRIC_REPRESENTATION_CONTEXT(2) 
PARAMETRIC_REPRESENTATION_CONTEXT() REPRESENTATION_CONTEXT('2D SPACE',''
  ) );
#3344 = PCURVE('',#3345,#3350);
#3345 = B_SPLINE_SURFACE_WITH_KNOTS('',1,1,(
    (#3346,#3347)
    ,(#3348,#3349
    )),.UNSPECIFIED.,.F.,.F.,.F.,(2,2),(2,2),(0.,7.81890282655E-04),(0.,
    1.),.PIECEWISE_BEZIER_KNOTS.);
#3346 = CARTESIAN_POINT('',(217.3265266095,0.,-0.37688120826));
#3347 = CARTESIAN_POINT('',(152.2709159657,700.,36.459316773173));
#3348 = CARTESIAN_POINT('',(218.10637471224,0.,-0.320406870971));
#3349 = CARTESIAN_POINT('',(152.73882482734,700.,36.493201375546));
#3350 = DEFINITIONAL_REPRESENTATION('',(#3351),#3354);
#3351 = B_SPLINE_CURVE_WITH_KNOTS('',1,(#3352,#3353),.UNSPECIFIED.,.F.,
  .F.,(2,2),(0.,0.469134169593),.PIECEWISE_BEZIER_KNOTS.);
#3352 = CARTESIAN_POINT('',(0.,1.));
#3353 = CARTESIAN_POINT('',(7.81890282655E-04,1.));
#3354 = ( GEOMETRIC_REPRESENTATION_CONTEXT(2) 
PARAMETRIC_REPRESENTATION_CONTEXT() REPRESENTATION_CONTEXT('2D SPACE',''
  ) );
#3355 = ORIENTED_EDGE('',*,*,#3356,.T.);
#3356 = EDGE_CURVE('',#3330,#3357,#3359,.T.);
#3357 = VERTEX_POINT('',#3358);
#3358 = CARTESIAN_POINT('',(153.02013506459,700.,36.513617191467));
#3359 = SURFACE_CURVE('',#3360,(#3364,#3371),.PCURVE_S1.);
#3360 = LINE('',#3361,#3362);
#3361 = CARTESIAN_POINT('',(152.73882482734,700.,36.493201375546));
#3362 = VECTOR('',#3363,1.);
#3363 = DIRECTION('',(0.997376863006,0.,7.238365243404E-02));
#3364 = PCURVE('',#94,#3365);
#3365 = DEFINITIONAL_REPRESENTATION('',(#3366),#3370);
#3366 = LINE('',#3367,#3368);
#3367 = CARTESIAN_POINT('',(0.39762454379,-0.356753269969));
#3368 = VECTOR('',#3369,1.);
#3369 = DIRECTION('',(-0.997467068627,7.112978985028E-02));
#3370 = ( GEOMETRIC_REPRESENTATION_CONTEXT(2) 
PARAMETRIC_REPRESENTATION_CONTEXT() REPRESENTATION_CONTEXT('2D SPACE',''
  ) );
#3371 = PCURVE('',#3372,#3377);
#3372 = B_SPLINE_SURFACE_WITH_KNOTS('',1,1,(
    (#3373,#3374)
    ,(#3375,#3376
    )),.UNSPECIFIED.,.F.,.F.,.F.,(2,2),(2,2),(0.,4.700834888064E-04),(0.
    ,1.),.PIECEWISE_BEZIER_KNOTS.);
#3373 = CARTESIAN_POINT('',(218.10637471224,0.,-0.320406870971));
#3374 = CARTESIAN_POINT('',(152.73882482734,700.,36.493201375546));
#3375 = CARTESIAN_POINT('',(218.57522510766,0.,-0.286380511103));
#3376 = CARTESIAN_POINT('',(153.02013506459,700.,36.513617191467));
#3377 = DEFINITIONAL_REPRESENTATION('',(#3378),#3381);
#3378 = B_SPLINE_CURVE_WITH_KNOTS('',1,(#3379,#3380),.UNSPECIFIED.,.F.,
  .F.,(2,2),(0.,0.282050093284),.PIECEWISE_BEZIER_KNOTS.);
#3379 = CARTESIAN_POINT('',(0.,1.));
#3380 = CARTESIAN_POINT('',(4.700834888064E-04,1.));
#3381 = ( GEOMETRIC_REPRESENTATION_CONTEXT(2) 
PARAMETRIC_REPRESENTATION_CONTEXT() REPRESENTATION_CONTEXT('2D SPACE',''
  ) );
#3382 = ORIENTED_EDGE('',*,*,#3383,.T.);
#3383 = EDGE_CURVE('',#3357,#3384,#3386,.T.);
#3384 = VERTEX_POINT('',#3385);
#3385 = CARTESIAN_POINT('',(153.11399941863,700.,36.520436777648));
#3386 = SURFACE_CURVE('',#3387,(#3391,#3398),.PCURVE_S1.);
#3387 = LINE('',#3388,#3389);
#3388 = CARTESIAN_POINT('',(153.02013506459,700.,36.513617191467));
#3389 = VECTOR('',#3390,1.);
#3390 = DIRECTION('',(0.99737112783,0.,7.246263430301E-02));
#3391 = PCURVE('',#94,#3392);
#3392 = DEFINITIONAL_REPRESENTATION('',(#3393),#3397);
#3393 = LINE('',#3394,#3395);
#3394 = CARTESIAN_POINT('',(0.116288864036,-0.336691106107));
#3395 = VECTOR('',#3396,1.);
#3396 = DIRECTION('',(-0.997461432744,7.120877886655E-02));
#3397 = ( GEOMETRIC_REPRESENTATION_CONTEXT(2) 
PARAMETRIC_REPRESENTATION_CONTEXT() REPRESENTATION_CONTEXT('2D SPACE',''
  ) );
#3398 = PCURVE('',#3399,#3404);
#3399 = B_SPLINE_SURFACE_WITH_KNOTS('',1,1,(
    (#3400,#3401)
    ,(#3402,#3403
    )),.UNSPECIFIED.,.F.,.F.,.F.,(2,2),(2,2),(0.,1.568529363836E-04),(0.
    ,1.),.PIECEWISE_BEZIER_KNOTS.);
#3400 = CARTESIAN_POINT('',(218.57522510766,0.,-0.286380511103));
#3401 = CARTESIAN_POINT('',(153.02013506459,700.,36.513617191467));
#3402 = CARTESIAN_POINT('',(218.73166569772,0.,-0.275014534134));
#3403 = CARTESIAN_POINT('',(153.11399941863,700.,36.520436777648));
#3404 = DEFINITIONAL_REPRESENTATION('',(#3405),#3408);
#3405 = B_SPLINE_CURVE_WITH_KNOTS('',1,(#3406,#3407),.UNSPECIFIED.,.F.,
  .F.,(2,2),(0.,9.411176183013E-02),.PIECEWISE_BEZIER_KNOTS.);
#3406 = CARTESIAN_POINT('',(0.,1.));
#3407 = CARTESIAN_POINT('',(1.568529363836E-04,1.));
#3408 = ( GEOMETRIC_REPRESENTATION_CONTEXT(2) 
PARAMETRIC_REPRESENTATION_CONTEXT() REPRESENTATION_CONTEXT('2D SPACE',''
  ) );
#3409 = ORIENTED_EDGE('',*,*,#3410,.T.);
#3410 = EDGE_CURVE('',#3384,#80,#3411,.T.);
#3411 = SURFACE_CURVE('',#3412,(#3416,#3423),.PCURVE_S1.);
#3412 = LINE('',#3413,#3414);
#3413 = CARTESIAN_POINT('',(153.11399941863,700.,36.520436777648));
#3414 = VECTOR('',#3415,1.);
#3415 = DIRECTION('',(6.651901052386E-02,0.,0.997785157857));
#3416 = PCURVE('',#94,#3417);
#3417 = DEFINITIONAL_REPRESENTATION('',(#3418),#3422);
#3418 = LINE('',#3419,#3420);
#3419 = CARTESIAN_POINT('',(2.241601124267E-02,-0.32998952247));
#3420 = VECTOR('',#3421,1.);
#3421 = DIRECTION('',(-6.777327662175E-02,0.997700748209));
#3422 = ( GEOMETRIC_REPRESENTATION_CONTEXT(2) 
PARAMETRIC_REPRESENTATION_CONTEXT() REPRESENTATION_CONTEXT('2D SPACE',''
  ) );
#3423 = PCURVE('',#118,#3424);
#3424 = DEFINITIONAL_REPRESENTATION('',(#3425),#3428);
#3425 = B_SPLINE_CURVE_WITH_KNOTS('',1,(#3426,#3427),.UNSPECIFIED.,.F.,
  .F.,(2,2),(0.,0.33075),.PIECEWISE_BEZIER_KNOTS.);
#3426 = CARTESIAN_POINT('',(0.,1.));
#3427 = CARTESIAN_POINT('',(5.5125E-04,1.));
#3428 = ( GEOMETRIC_REPRESENTATION_CONTEXT(2) 
PARAMETRIC_REPRESENTATION_CONTEXT() REPRESENTATION_CONTEXT('2D SPACE',''
  ) );
#3429 = ADVANCED_FACE('',(#3430),#118,.F.);
#3430 = FACE_BOUND('',#3431,.F.);
#3431 = EDGE_LOOP('',(#3432,#3453,#3454,#3455));
#3432 = ORIENTED_EDGE('',*,*,#3433,.T.);
#3433 = EDGE_CURVE('',#3434,#22,#3436,.T.);
#3434 = VERTEX_POINT('',#3435);
#3435 = CARTESIAN_POINT('',(218.73166569772,0.,-0.275014534134));
#3436 = SURFACE_CURVE('',#3437,(#3441,#3447),.PCURVE_S1.);
#3437 = LINE('',#3438,#3439);
#3438 = CARTESIAN_POINT('',(218.73166569772,0.,-0.275014534134));
#3439 = VECTOR('',#3440,1.);
#3440 = DIRECTION('',(6.651901052373E-02,0.,0.997785157857));
#3441 = PCURVE('',#118,#3442);
#3442 = DEFINITIONAL_REPRESENTATION('',(#3443),#3446);
#3443 = B_SPLINE_CURVE_WITH_KNOTS('',1,(#3444,#3445),.UNSPECIFIED.,.F.,
  .F.,(2,2),(0.,0.55125),.PIECEWISE_BEZIER_KNOTS.);
#3444 = CARTESIAN_POINT('',(0.,0.));
#3445 = CARTESIAN_POINT('',(5.5125E-04,0.));
#3446 = ( GEOMETRIC_REPRESENTATION_CONTEXT(2) 
PARAMETRIC_REPRESENTATION_CONTEXT() REPRESENTATION_CONTEXT('2D SPACE',''
  ) );
#3447 = PCURVE('',#197,#3448);
#3448 = DEFINITIONAL_REPRESENTATION('',(#3449),#3452);
#3449 = B_SPLINE_CURVE_WITH_KNOTS('',1,(#3450,#3451),.UNSPECIFIED.,.F.,
  .F.,(2,2),(0.,0.55125),.PIECEWISE_BEZIER_KNOTS.);
#3450 = CARTESIAN_POINT('',(0.,0.));
#3451 = CARTESIAN_POINT('',(5.5125E-04,0.));
#3452 = ( GEOMETRIC_REPRESENTATION_CONTEXT(2) 
PARAMETRIC_REPRESENTATION_CONTEXT() REPRESENTATION_CONTEXT('2D SPACE',''
  ) );
#3453 = ORIENTED_EDGE('',*,*,#106,.T.);
#3454 = ORIENTED_EDGE('',*,*,#3410,.F.);
#3455 = ORIENTED_EDGE('',*,*,#3456,.F.);
#3456 = EDGE_CURVE('',#3434,#3384,#3457,.T.);
#3457 = SURFACE_CURVE('',#3458,(#3461,#3467),.PCURVE_S1.);
#3458 = B_SPLINE_CURVE_WITH_KNOTS('',1,(#3459,#3460),.UNSPECIFIED.,.F.,
  .F.,(2,2),(0.,1.),.PIECEWISE_BEZIER_KNOTS.);
#3459 = CARTESIAN_POINT('',(218.73166569772,0.,-0.275014534134));
#3460 = CARTESIAN_POINT('',(153.11399941863,700.,36.520436777648));
#3461 = PCURVE('',#118,#3462);
#3462 = DEFINITIONAL_REPRESENTATION('',(#3463),#3466);
#3463 = B_SPLINE_CURVE_WITH_KNOTS('',1,(#3464,#3465),.UNSPECIFIED.,.F.,
  .F.,(2,2),(0.,1.),.PIECEWISE_BEZIER_KNOTS.);
#3464 = CARTESIAN_POINT('',(0.,0.));
#3465 = CARTESIAN_POINT('',(0.,1.));
#3466 = ( GEOMETRIC_REPRESENTATION_CONTEXT(2) 
PARAMETRIC_REPRESENTATION_CONTEXT() REPRESENTATION_CONTEXT('2D SPACE',''
  ) );
#3467 = PCURVE('',#3399,#3468);
#3468 = DEFINITIONAL_REPRESENTATION('',(#3469),#3472);
#3469 = B_SPLINE_CURVE_WITH_KNOTS('',1,(#3470,#3471),.UNSPECIFIED.,.F.,
  .F.,(2,2),(0.,1.),.PIECEWISE_BEZIER_KNOTS.);
#3470 = CARTESIAN_POINT('',(1.568529363836E-04,0.));
#3471 = CARTESIAN_POINT('',(1.568529363836E-04,1.));
#3472 = ( GEOMETRIC_REPRESENTATION_CONTEXT(2) 
PARAMETRIC_REPRESENTATION_CONTEXT() REPRESENTATION_CONTEXT('2D SPACE',''
  ) );
#3473 = ADVANCED_FACE('',(#3474),#147,.T.);
#3474 = FACE_BOUND('',#3475,.T.);
#3475 = EDGE_LOOP('',(#3476,#3477,#3502,#3522));
#3476 = ORIENTED_EDGE('',*,*,#211,.T.);
#3477 = ORIENTED_EDGE('',*,*,#3478,.T.);
#3478 = EDGE_CURVE('',#212,#3479,#3481,.T.);
#3479 = VERTEX_POINT('',#3480);
#3480 = CARTESIAN_POINT('',(152.76761770023,-700.,36.927143107716));
#3481 = SURFACE_CURVE('',#3482,(#3485,#3491),.PCURVE_S1.);
#3482 = B_SPLINE_CURVE_WITH_KNOTS('',1,(#3483,#3484),.UNSPECIFIED.,.F.,
  .F.,(2,2),(0.,1.),.PIECEWISE_BEZIER_KNOTS.);
#3483 = CARTESIAN_POINT('',(218.15436283372,0.,0.402829349313));
#3484 = CARTESIAN_POINT('',(152.76761770023,-700.,36.927143107716));
#3485 = PCURVE('',#147,#3486);
#3486 = DEFINITIONAL_REPRESENTATION('',(#3487),#3490);
#3487 = B_SPLINE_CURVE_WITH_KNOTS('',1,(#3488,#3489),.UNSPECIFIED.,.F.,
  .F.,(2,2),(0.,1.),.PIECEWISE_BEZIER_KNOTS.);
#3488 = CARTESIAN_POINT('',(4.702370172961E-04,0.));
#3489 = CARTESIAN_POINT('',(4.702370172961E-04,1.));
#3490 = ( GEOMETRIC_REPRESENTATION_CONTEXT(2) 
PARAMETRIC_REPRESENTATION_CONTEXT() REPRESENTATION_CONTEXT('2D SPACE',''
  ) );
#3491 = PCURVE('',#3492,#3497);
#3492 = B_SPLINE_SURFACE_WITH_KNOTS('',1,1,(
    (#3493,#3494)
    ,(#3495,#3496
    )),.UNSPECIFIED.,.F.,.F.,.F.,(2,2),(2,2),(0.,7.822126348056E-04),(0.
    ,1.),.PIECEWISE_BEZIER_KNOTS.);
#3493 = CARTESIAN_POINT('',(218.15436283372,0.,0.402829349313));
#3494 = CARTESIAN_POINT('',(152.76761770023,-700.,36.927143107716));
#3495 = CARTESIAN_POINT('',(217.38842598578,0.,0.56156608425));
#3496 = CARTESIAN_POINT('',(152.30805559147,-700.,37.022385148679));
#3497 = DEFINITIONAL_REPRESENTATION('',(#3498),#3501);
#3498 = B_SPLINE_CURVE_WITH_KNOTS('',1,(#3499,#3500),.UNSPECIFIED.,.F.,
  .F.,(2,2),(0.,1.),.PIECEWISE_BEZIER_KNOTS.);
#3499 = CARTESIAN_POINT('',(0.,0.));
#3500 = CARTESIAN_POINT('',(0.,1.));
#3501 = ( GEOMETRIC_REPRESENTATION_CONTEXT(2) 
PARAMETRIC_REPRESENTATION_CONTEXT() REPRESENTATION_CONTEXT('2D SPACE',''
  ) );
#3502 = ORIENTED_EDGE('',*,*,#3503,.F.);
#3503 = EDGE_CURVE('',#134,#3479,#3504,.T.);
#3504 = SURFACE_CURVE('',#3505,(#3509,#3515),.PCURVE_S1.);
#3505 = LINE('',#3506,#3507);
#3506 = CARTESIAN_POINT('',(153.04384374297,-700.,36.869667894045));
#3507 = VECTOR('',#3508,1.);
#3508 = DIRECTION('',(-0.979031256524,0.,0.203710085046));
#3509 = PCURVE('',#147,#3510);
#3510 = DEFINITIONAL_REPRESENTATION('',(#3511),#3514);
#3511 = B_SPLINE_CURVE_WITH_KNOTS('',1,(#3512,#3513),.UNSPECIFIED.,.F.,
  .F.,(2,2),(0.,0.282142210378),.PIECEWISE_BEZIER_KNOTS.);
#3512 = CARTESIAN_POINT('',(0.,1.));
#3513 = CARTESIAN_POINT('',(4.702370172961E-04,1.));
#3514 = ( GEOMETRIC_REPRESENTATION_CONTEXT(2) 
PARAMETRIC_REPRESENTATION_CONTEXT() REPRESENTATION_CONTEXT('2D SPACE',''
  ) );
#3515 = PCURVE('',#173,#3516);
#3516 = DEFINITIONAL_REPRESENTATION('',(#3517),#3521);
#3517 = LINE('',#3518,#3519);
#3518 = CARTESIAN_POINT('',(9.213261200037E-02,1.932951088706E-02));
#3519 = VECTOR('',#3520,1.);
#3520 = DIRECTION('',(0.978774398391,0.204940667157));
#3521 = ( GEOMETRIC_REPRESENTATION_CONTEXT(2) 
PARAMETRIC_REPRESENTATION_CONTEXT() REPRESENTATION_CONTEXT('2D SPACE',''
  ) );
#3522 = ORIENTED_EDGE('',*,*,#133,.F.);
#3523 = ADVANCED_FACE('',(#3524),#173,.F.);
#3524 = FACE_BOUND('',#3525,.T.);
#3525 = EDGE_LOOP('',(#3526,#3527,#3528,#3550,#3577,#3604,#3631,#3658,
    #3685,#3712,#3739,#3766,#3793,#3820,#3847,#3874,#3901,#3928,#3955,
    #3982,#4009,#4036,#4063,#4090,#4117,#4144,#4171,#4198,#4225,#4252,
    #4279,#4306,#4333,#4360,#4387,#4414,#4441,#4468,#4495,#4522,#4549,
    #4576,#4603,#4630,#4657,#4684,#4711,#4738,#4765,#4792,#4819,#4846,
    #4873,#4900,#4927,#4954,#4981,#5008,#5035,#5062,#5089,#5116,#5143,
    #5170,#5197,#5224,#5251,#5278,#5305,#5332,#5359,#5386,#5413,#5440,
    #5467,#5494,#5521,#5548,#5575,#5602,#5629,#5656,#5683,#5710,#5737,
    #5764,#5791,#5818,#5845,#5872,#5899,#5926,#5953,#5980,#6007,#6034,
    #6061,#6088,#6115,#6142,#6169,#6196,#6223,#6250,#6277,#6304,#6331,
    #6358,#6385,#6412,#6439,#6466,#6493,#6520,#6547,#6574,#6601,#6628,
    #6655));
#3526 = ORIENTED_EDGE('',*,*,#158,.T.);
#3527 = ORIENTED_EDGE('',*,*,#3503,.T.);
#3528 = ORIENTED_EDGE('',*,*,#3529,.T.);
#3529 = EDGE_CURVE('',#3479,#3530,#3532,.T.);
#3530 = VERTEX_POINT('',#3531);
#3531 = CARTESIAN_POINT('',(152.30805559147,-700.,37.022385148679));
#3532 = SURFACE_CURVE('',#3533,(#3537,#3544),.PCURVE_S1.);
#3533 = LINE('',#3534,#3535);
#3534 = CARTESIAN_POINT('',(152.76761770023,-700.,36.927143107716));
#3535 = VECTOR('',#3536,1.);
#3536 = DIRECTION('',(-0.97919263108,0.,0.202932972282));
#3537 = PCURVE('',#173,#3538);
#3538 = DEFINITIONAL_REPRESENTATION('',(#3539),#3543);
#3539 = LINE('',#3540,#3541);
#3540 = CARTESIAN_POINT('',(0.368286184223,7.715192371496E-02));
#3541 = VECTOR('',#3542,1.);
#3542 = DIRECTION('',(0.97893674973,0.204163757871));
#3543 = ( GEOMETRIC_REPRESENTATION_CONTEXT(2) 
PARAMETRIC_REPRESENTATION_CONTEXT() REPRESENTATION_CONTEXT('2D SPACE',''
  ) );
#3544 = PCURVE('',#3492,#3545);
#3545 = DEFINITIONAL_REPRESENTATION('',(#3546),#3549);
#3546 = B_SPLINE_CURVE_WITH_KNOTS('',1,(#3547,#3548),.UNSPECIFIED.,.F.,
  .F.,(2,2),(0.,0.469327580883),.PIECEWISE_BEZIER_KNOTS.);
#3547 = CARTESIAN_POINT('',(0.,1.));
#3548 = CARTESIAN_POINT('',(7.822126348056E-04,1.));
#3549 = ( GEOMETRIC_REPRESENTATION_CONTEXT(2) 
PARAMETRIC_REPRESENTATION_CONTEXT() REPRESENTATION_CONTEXT('2D SPACE',''
  ) );
#3550 = ORIENTED_EDGE('',*,*,#3551,.T.);
#3551 = EDGE_CURVE('',#3530,#3552,#3554,.T.);
#3552 = VERTEX_POINT('',#3553);
#3553 = CARTESIAN_POINT('',(151.66637836741,-700.,37.154578486095));
#3554 = SURFACE_CURVE('',#3555,(#3559,#3566),.PCURVE_S1.);
#3555 = LINE('',#3556,#3557);
#3556 = CARTESIAN_POINT('',(152.30805559147,-700.,37.022385148679));
#3557 = VECTOR('',#3558,1.);
#3558 = DIRECTION('',(-0.979431916768,0.,0.201774925143));
#3559 = PCURVE('',#173,#3560);
#3560 = DEFINITIONAL_REPRESENTATION('',(#3561),#3565);
#3561 = LINE('',#3562,#3563);
#3562 = CARTESIAN_POINT('',(0.827728200812,0.172971606301));
#3563 = VECTOR('',#3564,1.);
#3564 = DIRECTION('',(0.979177491013,0.203006012454));
#3565 = ( GEOMETRIC_REPRESENTATION_CONTEXT(2) 
PARAMETRIC_REPRESENTATION_CONTEXT() REPRESENTATION_CONTEXT('2D SPACE',''
  ) );
#3566 = PCURVE('',#3567,#3572);
#3567 = B_SPLINE_SURFACE_WITH_KNOTS('',1,1,(
    (#3568,#3569)
    ,(#3570,#3571
    )),.UNSPECIFIED.,.F.,.F.,.F.,(2,2),(2,2),(0.,1.091920757106E-03),(0.
    ,1.),.PIECEWISE_BEZIER_KNOTS.);
#3568 = CARTESIAN_POINT('',(217.38842598578,0.,0.56156608425));
#3569 = CARTESIAN_POINT('',(152.30805559147,-700.,37.022385148679));
#3570 = CARTESIAN_POINT('',(216.31896394569,0.,0.781888313277));
#3571 = CARTESIAN_POINT('',(151.66637836741,-700.,37.154578486095));
#3572 = DEFINITIONAL_REPRESENTATION('',(#3573),#3576);
#3573 = B_SPLINE_CURVE_WITH_KNOTS('',1,(#3574,#3575),.UNSPECIFIED.,.F.,
  .F.,(2,2),(0.,0.655152454264),.PIECEWISE_BEZIER_KNOTS.);
#3574 = CARTESIAN_POINT('',(0.,1.));
#3575 = CARTESIAN_POINT('',(1.091920757106E-03,1.));
#3576 = ( GEOMETRIC_REPRESENTATION_CONTEXT(2) 
PARAMETRIC_REPRESENTATION_CONTEXT() REPRESENTATION_CONTEXT('2D SPACE',''
  ) );
#3577 = ORIENTED_EDGE('',*,*,#3578,.T.);
#3578 = EDGE_CURVE('',#3552,#3579,#3581,.T.);
#3579 = VERTEX_POINT('',#3580);
#3580 = CARTESIAN_POINT('',(150.84429331374,-700.,37.322599896475));
#3581 = SURFACE_CURVE('',#3582,(#3586,#3593),.PCURVE_S1.);
#3582 = LINE('',#3583,#3584);
#3583 = CARTESIAN_POINT('',(151.66637836741,-700.,37.154578486095));
#3584 = VECTOR('',#3585,1.);
#3585 = DIRECTION('',(-0.979745888494,0.,0.200244835087));
#3586 = PCURVE('',#173,#3587);
#3587 = DEFINITIONAL_REPRESENTATION('',(#3588),#3592);
#3588 = LINE('',#3589,#3590);
#3589 = CARTESIAN_POINT('',(1.469238737209,0.30597149359));
#3590 = VECTOR('',#3591,1.);
#3591 = DIRECTION('',(0.979493385972,0.201476318302));
#3592 = ( GEOMETRIC_REPRESENTATION_CONTEXT(2) 
PARAMETRIC_REPRESENTATION_CONTEXT() REPRESENTATION_CONTEXT('2D SPACE',''
  ) );
#3593 = PCURVE('',#3594,#3599);
#3594 = B_SPLINE_SURFACE_WITH_KNOTS('',1,1,(
    (#3595,#3596)
    ,(#3597,#3598
    )),.UNSPECIFIED.,.F.,.F.,.F.,(2,2),(2,2),(0.,1.398466451559E-03),(0.
    ,1.),.PIECEWISE_BEZIER_KNOTS.);
#3595 = CARTESIAN_POINT('',(216.31896394569,0.,0.781888313277));
#3596 = CARTESIAN_POINT('',(151.66637836741,-700.,37.154578486095));
#3597 = CARTESIAN_POINT('',(214.94882218958,0.,1.061923997244));
#3598 = CARTESIAN_POINT('',(150.84429331374,-700.,37.322599896475));
#3599 = DEFINITIONAL_REPRESENTATION('',(#3600),#3603);
#3600 = B_SPLINE_CURVE_WITH_KNOTS('',1,(#3601,#3602),.UNSPECIFIED.,.F.,
  .F.,(2,2),(0.,0.839079870935),.PIECEWISE_BEZIER_KNOTS.);
#3601 = CARTESIAN_POINT('',(0.,1.));
#3602 = CARTESIAN_POINT('',(1.398466451559E-03,1.));
#3603 = ( GEOMETRIC_REPRESENTATION_CONTEXT(2) 
PARAMETRIC_REPRESENTATION_CONTEXT() REPRESENTATION_CONTEXT('2D SPACE',''
  ) );
#3604 = ORIENTED_EDGE('',*,*,#3605,.T.);
#3605 = EDGE_CURVE('',#3579,#3606,#3608,.T.);
#3606 = VERTEX_POINT('',#3607);
#3607 = CARTESIAN_POINT('',(149.84399187152,-700.,37.525036151391));
#3608 = SURFACE_CURVE('',#3609,(#3613,#3620),.PCURVE_S1.);
#3609 = LINE('',#3610,#3611);
#3610 = CARTESIAN_POINT('',(150.84429331374,-700.,37.322599896475));
#3611 = VECTOR('',#3612,1.);
#3612 = DIRECTION('',(-0.980130417666,0.,0.198354138769));
#3613 = PCURVE('',#173,#3614);
#3614 = DEFINITIONAL_REPRESENTATION('',(#3615),#3619);
#3615 = LINE('',#3616,#3617);
#3616 = CARTESIAN_POINT('',(2.291111921093,0.475026216748));
#3617 = VECTOR('',#3618,1.);
#3618 = DIRECTION('',(0.97988029164,0.199586106871));
#3619 = ( GEOMETRIC_REPRESENTATION_CONTEXT(2) 
PARAMETRIC_REPRESENTATION_CONTEXT() REPRESENTATION_CONTEXT('2D SPACE',''
  ) );
#3620 = PCURVE('',#3621,#3626);
#3621 = B_SPLINE_SURFACE_WITH_KNOTS('',1,1,(
    (#3622,#3623)
    ,(#3624,#3625
    )),.UNSPECIFIED.,.F.,.F.,.F.,(2,2),(2,2),(0.,1.700966565595E-03),(0.
    ,1.),.PIECEWISE_BEZIER_KNOTS.);
#3622 = CARTESIAN_POINT('',(214.94882218958,0.,1.061923997244));
#3623 = CARTESIAN_POINT('',(150.84429331374,-700.,37.322599896475));
#3624 = CARTESIAN_POINT('',(213.28165311921,0.,1.399317755437));
#3625 = CARTESIAN_POINT('',(149.84399187152,-700.,37.525036151391));
#3626 = DEFINITIONAL_REPRESENTATION('',(#3627),#3630);
#3627 = B_SPLINE_CURVE_WITH_KNOTS('',1,(#3628,#3629),.UNSPECIFIED.,.F.,
  .F.,(2,2),(0.,1.020579939357),.PIECEWISE_BEZIER_KNOTS.);
#3628 = CARTESIAN_POINT('',(0.,1.));
#3629 = CARTESIAN_POINT('',(1.700966565595E-03,1.));
#3630 = ( GEOMETRIC_REPRESENTATION_CONTEXT(2) 
PARAMETRIC_REPRESENTATION_CONTEXT() REPRESENTATION_CONTEXT('2D SPACE',''
  ) );
#3631 = ORIENTED_EDGE('',*,*,#3632,.T.);
#3632 = EDGE_CURVE('',#3606,#3633,#3635,.T.);
#3633 = VERTEX_POINT('',#3634);
#3634 = CARTESIAN_POINT('',(148.6681466538,-700.,37.760205614753));
#3635 = SURFACE_CURVE('',#3636,(#3640,#3647),.PCURVE_S1.);
#3636 = LINE('',#3637,#3638);
#3637 = CARTESIAN_POINT('',(149.84399187152,-700.,37.525036151391));
#3638 = VECTOR('',#3639,1.);
#3639 = DIRECTION('',(-0.980580608364,0.,0.196116471775));
#3640 = PCURVE('',#173,#3641);
#3641 = DEFINITIONAL_REPRESENTATION('',(#3642),#3646);
#3642 = LINE('',#3643,#3644);
#3643 = CARTESIAN_POINT('',(3.291158089712,0.678719793594));
#3644 = VECTOR('',#3645,1.);
#3645 = DIRECTION('',(0.98033329496,0.197349007581));
#3646 = ( GEOMETRIC_REPRESENTATION_CONTEXT(2) 
PARAMETRIC_REPRESENTATION_CONTEXT() REPRESENTATION_CONTEXT('2D SPACE',''
  ) );
#3647 = PCURVE('',#3648,#3653);
#3648 = B_SPLINE_SURFACE_WITH_KNOTS('',1,1,(
    (#3649,#3650)
    ,(#3651,#3652
    )),.UNSPECIFIED.,.F.,.F.,.F.,(2,2),(2,2),(0.,1.99855270726E-03),(0.,
    1.),.PIECEWISE_BEZIER_KNOTS.);
#3649 = CARTESIAN_POINT('',(213.28165311921,0.,1.399317755437));
#3650 = CARTESIAN_POINT('',(149.84399187152,-700.,37.525036151391));
#3651 = CARTESIAN_POINT('',(211.32191108967,0.,1.79126686104));
#3652 = CARTESIAN_POINT('',(148.6681466538,-700.,37.760205614753));
#3653 = DEFINITIONAL_REPRESENTATION('',(#3654),#3657);
#3654 = B_SPLINE_CURVE_WITH_KNOTS('',1,(#3655,#3656),.UNSPECIFIED.,.F.,
  .F.,(2,2),(0.,1.199131624356),.PIECEWISE_BEZIER_KNOTS.);
#3655 = CARTESIAN_POINT('',(0.,1.));
#3656 = CARTESIAN_POINT('',(1.99855270726E-03,1.));
#3657 = ( GEOMETRIC_REPRESENTATION_CONTEXT(2) 
PARAMETRIC_REPRESENTATION_CONTEXT() REPRESENTATION_CONTEXT('2D SPACE',''
  ) );
#3658 = ORIENTED_EDGE('',*,*,#3659,.T.);
#3659 = EDGE_CURVE('',#3633,#3660,#3662,.T.);
#3660 = VERTEX_POINT('',#3661);
#3661 = CARTESIAN_POINT('',(147.31990754054,-700.,38.026182967132));
#3662 = SURFACE_CURVE('',#3663,(#3667,#3674),.PCURVE_S1.);
#3663 = LINE('',#3664,#3665);
#3664 = CARTESIAN_POINT('',(148.6681466538,-700.,37.760205614753));
#3665 = VECTOR('',#3666,1.);
#3666 = DIRECTION('',(-0.981090954744,0.,0.193547251389));
#3667 = PCURVE('',#173,#3668);
#3668 = DEFINITIONAL_REPRESENTATION('',(#3669),#3673);
#3669 = LINE('',#3670,#3671);
#3670 = CARTESIAN_POINT('',(4.466706746107,0.91536722962));
#3671 = VECTOR('',#3672,1.);
#3672 = DIRECTION('',(0.980846870711,0.194780430783));
#3673 = ( GEOMETRIC_REPRESENTATION_CONTEXT(2) 
PARAMETRIC_REPRESENTATION_CONTEXT() REPRESENTATION_CONTEXT('2D SPACE',''
  ) );
#3674 = PCURVE('',#3675,#3680);
#3675 = B_SPLINE_SURFACE_WITH_KNOTS('',1,1,(
    (#3676,#3677)
    ,(#3678,#3679
    )),.UNSPECIFIED.,.F.,.F.,.F.,(2,2),(2,2),(0.,2.290373973889E-03),(0.
    ,1.),.PIECEWISE_BEZIER_KNOTS.);
#3676 = CARTESIAN_POINT('',(211.32191108967,0.,1.79126686104));
#3677 = CARTESIAN_POINT('',(148.6681466538,-700.,37.760205614753));
#3678 = CARTESIAN_POINT('',(209.07484590091,0.,2.234562448339));
#3679 = CARTESIAN_POINT('',(147.31990754054,-700.,38.026182967132));
#3680 = DEFINITIONAL_REPRESENTATION('',(#3681),#3684);
#3681 = B_SPLINE_CURVE_WITH_KNOTS('',1,(#3682,#3683),.UNSPECIFIED.,.F.,
  .F.,(2,2),(0.,1.374224384334),.PIECEWISE_BEZIER_KNOTS.);
#3682 = CARTESIAN_POINT('',(0.,1.));
#3683 = CARTESIAN_POINT('',(2.290373973889E-03,1.));
#3684 = ( GEOMETRIC_REPRESENTATION_CONTEXT(2) 
PARAMETRIC_REPRESENTATION_CONTEXT() REPRESENTATION_CONTEXT('2D SPACE',''
  ) );
#3685 = ORIENTED_EDGE('',*,*,#3686,.T.);
#3686 = EDGE_CURVE('',#3660,#3687,#3689,.T.);
#3687 = VERTEX_POINT('',#3688);
#3688 = CARTESIAN_POINT('',(145.80289672585,-700.,38.320826180176));
#3689 = SURFACE_CURVE('',#3690,(#3694,#3701),.PCURVE_S1.);
#3690 = LINE('',#3691,#3692);
#3691 = CARTESIAN_POINT('',(147.31990754054,-700.,38.026182967132));
#3692 = VECTOR('',#3693,1.);
#3693 = DIRECTION('',(-0.981655512236,0.,0.190663198592));
#3694 = PCURVE('',#173,#3695);
#3695 = DEFINITIONAL_REPRESENTATION('',(#3696),#3700);
#3696 = LINE('',#3697,#3698);
#3697 = CARTESIAN_POINT('',(5.814610433136,1.183039247193));
#3698 = VECTOR('',#3699,1.);
#3699 = DIRECTION('',(0.981415053308,0.191897089972));
#3700 = ( GEOMETRIC_REPRESENTATION_CONTEXT(2) 
PARAMETRIC_REPRESENTATION_CONTEXT() REPRESENTATION_CONTEXT('2D SPACE',''
  ) );
#3701 = PCURVE('',#3702,#3707);
#3702 = B_SPLINE_SURFACE_WITH_KNOTS('',1,1,(
    (#3703,#3704)
    ,(#3705,#3706
    )),.UNSPECIFIED.,.F.,.F.,.F.,(2,2),(2,2),(0.,2.575599409674E-03),(0.
    ,1.),.PIECEWISE_BEZIER_KNOTS.);
#3703 = CARTESIAN_POINT('',(209.07484590091,0.,2.234562448339));
#3704 = CARTESIAN_POINT('',(147.31990754054,-700.,38.026182967132));
#3705 = CARTESIAN_POINT('',(206.54649454309,0.,2.725634470078));
#3706 = CARTESIAN_POINT('',(145.80289672585,-700.,38.320826180176));
#3707 = DEFINITIONAL_REPRESENTATION('',(#3708),#3711);
#3708 = B_SPLINE_CURVE_WITH_KNOTS('',1,(#3709,#3710),.UNSPECIFIED.,.F.,
  .F.,(2,2),(0.,1.545359645804),.PIECEWISE_BEZIER_KNOTS.);
#3709 = CARTESIAN_POINT('',(0.,1.));
#3710 = CARTESIAN_POINT('',(2.575599409674E-03,1.));
#3711 = ( GEOMETRIC_REPRESENTATION_CONTEXT(2) 
PARAMETRIC_REPRESENTATION_CONTEXT() REPRESENTATION_CONTEXT('2D SPACE',''
  ) );
#3712 = ORIENTED_EDGE('',*,*,#3713,.T.);
#3713 = EDGE_CURVE('',#3687,#3714,#3716,.T.);
#3714 = VERTEX_POINT('',#3715);
#3715 = CARTESIAN_POINT('',(144.12120259249,-700.,38.641804811433));
#3716 = SURFACE_CURVE('',#3717,(#3721,#3728),.PCURVE_S1.);
#3717 = LINE('',#3718,#3719);
#3718 = CARTESIAN_POINT('',(145.80289672585,-700.,38.320826180176));
#3719 = VECTOR('',#3720,1.);
#3720 = DIRECTION('',(-0.982268074633,0.,0.187481811269));
#3721 = PCURVE('',#173,#3722);
#3722 = DEFINITIONAL_REPRESENTATION('',(#3723),#3727);
#3723 = LINE('',#3724,#3725);
#3724 = CARTESIAN_POINT('',(7.331249652304,1.479589266182));
#3725 = VECTOR('',#3726,1.);
#3726 = DIRECTION('',(0.982031614553,0.188716475217));
#3727 = ( GEOMETRIC_REPRESENTATION_CONTEXT(2) 
PARAMETRIC_REPRESENTATION_CONTEXT() REPRESENTATION_CONTEXT('2D SPACE',''
  ) );
#3728 = PCURVE('',#3729,#3734);
#3729 = B_SPLINE_SURFACE_WITH_KNOTS('',1,1,(
    (#3730,#3731)
    ,(#3732,#3733
    )),.UNSPECIFIED.,.F.,.F.,.F.,(2,2),(2,2),(0.,2.853420189443E-03),(0.
    ,1.),.PIECEWISE_BEZIER_KNOTS.);
#3730 = CARTESIAN_POINT('',(206.54649454309,0.,2.725634470078));
#3731 = CARTESIAN_POINT('',(145.80289672585,-700.,38.320826180176));
#3732 = CARTESIAN_POINT('',(203.74367098749,0.,3.260598855507));
#3733 = CARTESIAN_POINT('',(144.12120259249,-700.,38.641804811433));
#3734 = DEFINITIONAL_REPRESENTATION('',(#3735),#3738);
#3735 = B_SPLINE_CURVE_WITH_KNOTS('',1,(#3736,#3737),.UNSPECIFIED.,.F.,
  .F.,(2,2),(0.,1.712052113666),.PIECEWISE_BEZIER_KNOTS.);
#3736 = CARTESIAN_POINT('',(0.,1.));
#3737 = CARTESIAN_POINT('',(2.853420189443E-03,1.));
#3738 = ( GEOMETRIC_REPRESENTATION_CONTEXT(2) 
PARAMETRIC_REPRESENTATION_CONTEXT() REPRESENTATION_CONTEXT('2D SPACE',''
  ) );
#3739 = ORIENTED_EDGE('',*,*,#3740,.T.);
#3740 = EDGE_CURVE('',#3714,#3741,#3743,.T.);
#3741 = VERTEX_POINT('',#3742);
#3742 = CARTESIAN_POINT('',(142.27937229801,-700.,38.98662868135));
#3743 = SURFACE_CURVE('',#3744,(#3748,#3755),.PCURVE_S1.);
#3744 = LINE('',#3745,#3746);
#3745 = CARTESIAN_POINT('',(144.12120259249,-700.,38.641804811433));
#3746 = VECTOR('',#3747,1.);
#3747 = DIRECTION('',(-0.982922349105,0.,0.184020802167));
#3748 = PCURVE('',#173,#3749);
#3749 = DEFINITIONAL_REPRESENTATION('',(#3750),#3754);
#3750 = LINE('',#3751,#3752);
#3751 = CARTESIAN_POINT('',(9.012538953686,1.80268170646));
#3752 = VECTOR('',#3753,1.);
#3753 = DIRECTION('',(0.982690239353,0.18525629134));
#3754 = ( GEOMETRIC_REPRESENTATION_CONTEXT(2) 
PARAMETRIC_REPRESENTATION_CONTEXT() REPRESENTATION_CONTEXT('2D SPACE',''
  ) );
#3755 = PCURVE('',#3756,#3761);
#3756 = B_SPLINE_SURFACE_WITH_KNOTS('',1,1,(
    (#3757,#3758)
    ,(#3759,#3760
    )),.UNSPECIFIED.,.F.,.F.,.F.,(2,2),(2,2),(0.,3.123051541425E-03),(0.
    ,1.),.PIECEWISE_BEZIER_KNOTS.);
#3757 = CARTESIAN_POINT('',(203.74367098749,0.,3.260598855507));
#3758 = CARTESIAN_POINT('',(144.12120259249,-700.,38.641804811433));
#3759 = CARTESIAN_POINT('',(200.67395383002,0.,3.835305305369));
#3760 = CARTESIAN_POINT('',(142.27937229801,-700.,38.98662868135));
#3761 = DEFINITIONAL_REPRESENTATION('',(#3762),#3765);
#3762 = B_SPLINE_CURVE_WITH_KNOTS('',1,(#3763,#3764),.UNSPECIFIED.,.F.,
  .F.,(2,2),(0.,1.873830924855),.PIECEWISE_BEZIER_KNOTS.);
#3763 = CARTESIAN_POINT('',(0.,1.));
#3764 = CARTESIAN_POINT('',(3.123051541425E-03,1.));
#3765 = ( GEOMETRIC_REPRESENTATION_CONTEXT(2) 
PARAMETRIC_REPRESENTATION_CONTEXT() REPRESENTATION_CONTEXT('2D SPACE',''
  ) );
#3766 = ORIENTED_EDGE('',*,*,#3767,.T.);
#3767 = EDGE_CURVE('',#3741,#3768,#3770,.T.);
#3768 = VERTEX_POINT('',#3769);
#3769 = CARTESIAN_POINT('',(140.28240297424,-700.,39.352676030196));
#3770 = SURFACE_CURVE('',#3771,(#3775,#3782),.PCURVE_S1.);
#3771 = LINE('',#3772,#3773);
#3772 = CARTESIAN_POINT('',(142.27937229801,-700.,38.98662868135));
#3773 = VECTOR('',#3774,1.);
#3774 = DIRECTION('',(-0.983612121512,0.,0.180297516385));
#3775 = PCURVE('',#173,#3776);
#3776 = DEFINITIONAL_REPRESENTATION('',(#3777),#3781);
#3777 = LINE('',#3778,#3779);
#3778 = CARTESIAN_POINT('',(10.853934313739,2.149820674197));
#3779 = VECTOR('',#3780,1.);
#3780 = DIRECTION('',(0.983384691768,0.181533875615));
#3781 = ( GEOMETRIC_REPRESENTATION_CONTEXT(2) 
PARAMETRIC_REPRESENTATION_CONTEXT() REPRESENTATION_CONTEXT('2D SPACE',''
  ) );
#3782 = PCURVE('',#3783,#3788);
#3783 = B_SPLINE_SURFACE_WITH_KNOTS('',1,1,(
    (#3784,#3785)
    ,(#3786,#3787
    )),.UNSPECIFIED.,.F.,.F.,.F.,(2,2),(2,2),(0.,3.383734435029E-03),(0.
    ,1.),.PIECEWISE_BEZIER_KNOTS.);
#3784 = CARTESIAN_POINT('',(200.67395383002,0.,3.835305305369));
#3785 = CARTESIAN_POINT('',(142.27937229801,-700.,38.98662868135));
#3786 = CARTESIAN_POINT('',(197.34567162374,0.,4.445384220112));
#3787 = CARTESIAN_POINT('',(140.28240297424,-700.,39.352676030196));
#3788 = DEFINITIONAL_REPRESENTATION('',(#3789),#3792);
#3789 = B_SPLINE_CURVE_WITH_KNOTS('',1,(#3790,#3791),.UNSPECIFIED.,.F.,
  .F.,(2,2),(0.,2.030240661018),.PIECEWISE_BEZIER_KNOTS.);
#3790 = CARTESIAN_POINT('',(0.,1.));
#3791 = CARTESIAN_POINT('',(3.383734435029E-03,1.));
#3792 = ( GEOMETRIC_REPRESENTATION_CONTEXT(2) 
PARAMETRIC_REPRESENTATION_CONTEXT() REPRESENTATION_CONTEXT('2D SPACE',''
  ) );
#3793 = ORIENTED_EDGE('',*,*,#3794,.T.);
#3794 = EDGE_CURVE('',#3768,#3795,#3797,.T.);
#3795 = VERTEX_POINT('',#3796);
#3796 = CARTESIAN_POINT('',(138.1357314659,-700.,39.737220331454));
#3797 = SURFACE_CURVE('',#3798,(#3802,#3809),.PCURVE_S1.);
#3798 = LINE('',#3799,#3800);
#3799 = CARTESIAN_POINT('',(140.28240297424,-700.,39.352676030196));
#3800 = VECTOR('',#3801,1.);
#3801 = DIRECTION('',(-0.984331405101,0.,0.176328344094));
#3802 = PCURVE('',#173,#3803);
#3803 = DEFINITIONAL_REPRESENTATION('',(#3804),#3808);
#3804 = LINE('',#3805,#3806);
#3805 = CARTESIAN_POINT('',(12.850441900389,2.518378129823));
#3806 = VECTOR('',#3807,1.);
#3807 = DIRECTION('',(0.984108964448,0.177565610674));
#3808 = ( GEOMETRIC_REPRESENTATION_CONTEXT(2) 
PARAMETRIC_REPRESENTATION_CONTEXT() REPRESENTATION_CONTEXT('2D SPACE',''
  ) );
#3809 = PCURVE('',#3810,#3815);
#3810 = B_SPLINE_SURFACE_WITH_KNOTS('',1,1,(
    (#3811,#3812)
    ,(#3813,#3814
    )),.UNSPECIFIED.,.F.,.F.,.F.,(2,2),(2,2),(0.,3.634737069954E-03),(0.
    ,1.),.PIECEWISE_BEZIER_KNOTS.);
#3811 = CARTESIAN_POINT('',(197.34567162374,0.,4.445384220112));
#3812 = CARTESIAN_POINT('',(140.28240297424,-700.,39.352676030196));
#3813 = CARTESIAN_POINT('',(193.7678857765,0.,5.086291388876));
#3814 = CARTESIAN_POINT('',(138.1357314659,-700.,39.737220331454));
#3815 = DEFINITIONAL_REPRESENTATION('',(#3816),#3819);
#3816 = B_SPLINE_CURVE_WITH_KNOTS('',1,(#3817,#3818),.UNSPECIFIED.,.F.,
  .F.,(2,2),(0.,2.180842241972),.PIECEWISE_BEZIER_KNOTS.);
#3817 = CARTESIAN_POINT('',(0.,1.));
#3818 = CARTESIAN_POINT('',(3.634737069954E-03,1.));
#3819 = ( GEOMETRIC_REPRESENTATION_CONTEXT(2) 
PARAMETRIC_REPRESENTATION_CONTEXT() REPRESENTATION_CONTEXT('2D SPACE',''
  ) );
#3820 = ORIENTED_EDGE('',*,*,#3821,.T.);
#3821 = EDGE_CURVE('',#3795,#3822,#3824,.T.);
#3822 = VERTEX_POINT('',#3823);
#3823 = CARTESIAN_POINT('',(135.84522256253,-700.,40.137455055883));
#3824 = SURFACE_CURVE('',#3825,(#3829,#3836),.PCURVE_S1.);
#3825 = LINE('',#3826,#3827);
#3826 = CARTESIAN_POINT('',(138.1357314659,-700.,39.737220331454));
#3827 = VECTOR('',#3828,1.);
#3828 = DIRECTION('',(-0.985074566638,0.,0.172128144597));
#3829 = PCURVE('',#173,#3830);
#3830 = DEFINITIONAL_REPRESENTATION('',(#3831),#3835);
#3831 = LINE('',#3832,#3833);
#3832 = CARTESIAN_POINT('',(14.99662830076,2.905620714302));
#3833 = VECTOR('',#3834,1.);
#3834 = DIRECTION('',(0.98485740548,0.173366348726));
#3835 = ( GEOMETRIC_REPRESENTATION_CONTEXT(2) 
PARAMETRIC_REPRESENTATION_CONTEXT() REPRESENTATION_CONTEXT('2D SPACE',''
  ) );
#3836 = PCURVE('',#3837,#3842);
#3837 = B_SPLINE_SURFACE_WITH_KNOTS('',1,1,(
    (#3838,#3839)
    ,(#3840,#3841
    )),.UNSPECIFIED.,.F.,.F.,.F.,(2,2),(2,2),(0.,3.875356209811E-03),(0.
    ,1.),.PIECEWISE_BEZIER_KNOTS.);
#3838 = CARTESIAN_POINT('',(193.7678857765,0.,5.086291388876));
#3839 = CARTESIAN_POINT('',(138.1357314659,-700.,39.737220331454));
#3840 = CARTESIAN_POINT('',(189.95037093755,0.,5.753349262923));
#3841 = CARTESIAN_POINT('',(135.84522256253,-700.,40.137455055883));
#3842 = DEFINITIONAL_REPRESENTATION('',(#3843),#3846);
#3843 = B_SPLINE_CURVE_WITH_KNOTS('',1,(#3844,#3845),.UNSPECIFIED.,.F.,
  .F.,(2,2),(0.,2.325213725887),.PIECEWISE_BEZIER_KNOTS.);
#3844 = CARTESIAN_POINT('',(0.,1.));
#3845 = CARTESIAN_POINT('',(3.875356209811E-03,1.));
#3846 = ( GEOMETRIC_REPRESENTATION_CONTEXT(2) 
PARAMETRIC_REPRESENTATION_CONTEXT() REPRESENTATION_CONTEXT('2D SPACE',''
  ) );
#3847 = ORIENTED_EDGE('',*,*,#3848,.T.);
#3848 = EDGE_CURVE('',#3822,#3849,#3851,.T.);
#3849 = VERTEX_POINT('',#3850);
#3850 = CARTESIAN_POINT('',(133.41715570971,-700.,40.550515831194));
#3851 = SURFACE_CURVE('',#3852,(#3856,#3863),.PCURVE_S1.);
#3852 = LINE('',#3853,#3854);
#3853 = CARTESIAN_POINT('',(135.84522256253,-700.,40.137455055883));
#3854 = VECTOR('',#3855,1.);
#3855 = DIRECTION('',(-0.985836425206,0.,0.1677096978));
#3856 = PCURVE('',#173,#3857);
#3857 = DEFINITIONAL_REPRESENTATION('',(#3858),#3862);
#3858 = LINE('',#3859,#3860);
#3859 = CARTESIAN_POINT('',(17.286632258024,3.308734527966));
#3860 = VECTOR('',#3861,1.);
#3861 = DIRECTION('',(0.985624817889,0.168948863155));
#3862 = ( GEOMETRIC_REPRESENTATION_CONTEXT(2) 
PARAMETRIC_REPRESENTATION_CONTEXT() REPRESENTATION_CONTEXT('2D SPACE',''
  ) );
#3863 = PCURVE('',#3864,#3869);
#3864 = B_SPLINE_SURFACE_WITH_KNOTS('',1,1,(
    (#3865,#3866)
    ,(#3867,#3868
    )),.UNSPECIFIED.,.F.,.F.,.F.,(2,2),(2,2),(0.,4.104918406914E-03),(0.
    ,1.),.PIECEWISE_BEZIER_KNOTS.);
#3865 = CARTESIAN_POINT('',(189.95037093755,0.,5.753349262923));
#3866 = CARTESIAN_POINT('',(135.84522256253,-700.,40.137455055883));
#3867 = CARTESIAN_POINT('',(185.90359284952,0.,6.441783888441));
#3868 = CARTESIAN_POINT('',(133.41715570971,-700.,40.550515831194));
#3869 = DEFINITIONAL_REPRESENTATION('',(#3870),#3873);
#3870 = B_SPLINE_CURVE_WITH_KNOTS('',1,(#3871,#3872),.UNSPECIFIED.,.F.,
  .F.,(2,2),(0.,2.462951044148),.PIECEWISE_BEZIER_KNOTS.);
#3871 = CARTESIAN_POINT('',(0.,1.));
#3872 = CARTESIAN_POINT('',(4.104918406914E-03,1.));
#3873 = ( GEOMETRIC_REPRESENTATION_CONTEXT(2) 
PARAMETRIC_REPRESENTATION_CONTEXT() REPRESENTATION_CONTEXT('2D SPACE',''
  ) );
#3874 = ORIENTED_EDGE('',*,*,#3875,.T.);
#3875 = EDGE_CURVE('',#3849,#3876,#3878,.T.);
#3876 = VERTEX_POINT('',#3877);
#3877 = CARTESIAN_POINT('',(130.85821021666,-700.,40.973499618653));
#3878 = SURFACE_CURVE('',#3879,(#3883,#3890),.PCURVE_S1.);
#3879 = LINE('',#3880,#3881);
#3880 = CARTESIAN_POINT('',(133.41715570971,-700.,40.550515831194));
#3881 = VECTOR('',#3882,1.);
#3882 = DIRECTION('',(-0.986612320188,0.,0.16308319856));
#3883 = PCURVE('',#173,#3884);
#3884 = DEFINITIONAL_REPRESENTATION('',(#3885),#3889);
#3885 = LINE('',#3886,#3887);
#3886 = CARTESIAN_POINT('',(19.714177932382,3.724847306881));
#3887 = VECTOR('',#3888,1.);
#3888 = DIRECTION('',(0.986406528244,0.16432334295));
#3889 = ( GEOMETRIC_REPRESENTATION_CONTEXT(2) 
PARAMETRIC_REPRESENTATION_CONTEXT() REPRESENTATION_CONTEXT('2D SPACE',''
  ) );
#3890 = PCURVE('',#3891,#3896);
#3891 = B_SPLINE_SURFACE_WITH_KNOTS('',1,1,(
    (#3892,#3893)
    ,(#3894,#3895
    )),.UNSPECIFIED.,.F.,.F.,.F.,(2,2),(2,2),(0.,4.322781165217E-03),(0.
    ,1.),.PIECEWISE_BEZIER_KNOTS.);
#3892 = CARTESIAN_POINT('',(185.90359284952,0.,6.441783888441));
#3893 = CARTESIAN_POINT('',(133.41715570971,-700.,40.550515831194));
#3894 = CARTESIAN_POINT('',(181.63868369444,0.,7.146756867541));
#3895 = CARTESIAN_POINT('',(130.85821021666,-700.,40.973499618653));
#3896 = DEFINITIONAL_REPRESENTATION('',(#3897),#3900);
#3897 = B_SPLINE_CURVE_WITH_KNOTS('',1,(#3898,#3899),.UNSPECIFIED.,.F.,
  .F.,(2,2),(0.,2.59366869913),.PIECEWISE_BEZIER_KNOTS.);
#3898 = CARTESIAN_POINT('',(0.,1.));
#3899 = CARTESIAN_POINT('',(4.322781165217E-03,1.));
#3900 = ( GEOMETRIC_REPRESENTATION_CONTEXT(2) 
PARAMETRIC_REPRESENTATION_CONTEXT() REPRESENTATION_CONTEXT('2D SPACE',''
  ) );
#3901 = ORIENTED_EDGE('',*,*,#3902,.T.);
#3902 = EDGE_CURVE('',#3876,#3903,#3905,.T.);
#3903 = VERTEX_POINT('',#3904);
#3904 = CARTESIAN_POINT('',(128.17544900733,-700.,41.40348072105));
#3905 = SURFACE_CURVE('',#3906,(#3910,#3917),.PCURVE_S1.);
#3906 = LINE('',#3907,#3908);
#3907 = CARTESIAN_POINT('',(130.85821021666,-700.,40.973499618653));
#3908 = VECTOR('',#3909,1.);
#3909 = DIRECTION('',(-0.987398146225,0.,0.158255808211));
#3910 = PCURVE('',#173,#3911);
#3911 = DEFINITIONAL_REPRESENTATION('',(#3912),#3916);
#3912 = LINE('',#3913,#3914);
#3913 = CARTESIAN_POINT('',(22.272589669305,4.151047618027));
#3914 = VECTOR('',#3915,1.);
#3915 = DIRECTION('',(0.987198422185,0.159496944279));
#3916 = ( GEOMETRIC_REPRESENTATION_CONTEXT(2) 
PARAMETRIC_REPRESENTATION_CONTEXT() REPRESENTATION_CONTEXT('2D SPACE',''
  ) );
#3917 = PCURVE('',#3918,#3923);
#3918 = B_SPLINE_SURFACE_WITH_KNOTS('',1,1,(
    (#3919,#3920)
    ,(#3921,#3922
    )),.UNSPECIFIED.,.F.,.F.,.F.,(2,2),(2,2),(0.,4.528334086215E-03),(0.
    ,1.),.PIECEWISE_BEZIER_KNOTS.);
#3919 = CARTESIAN_POINT('',(181.63868369444,0.,7.146756867541));
#3920 = CARTESIAN_POINT('',(130.85821021666,-700.,40.973499618653));
#3921 = CARTESIAN_POINT('',(177.16741501222,0.,7.863392038203));
#3922 = CARTESIAN_POINT('',(128.17544900733,-700.,41.40348072105));
#3923 = DEFINITIONAL_REPRESENTATION('',(#3924),#3927);
#3924 = B_SPLINE_CURVE_WITH_KNOTS('',1,(#3925,#3926),.UNSPECIFIED.,.F.,
  .F.,(2,2),(0.,2.717000451729),.PIECEWISE_BEZIER_KNOTS.);
#3925 = CARTESIAN_POINT('',(0.,1.));
#3926 = CARTESIAN_POINT('',(4.528334086215E-03,1.));
#3927 = ( GEOMETRIC_REPRESENTATION_CONTEXT(2) 
PARAMETRIC_REPRESENTATION_CONTEXT() REPRESENTATION_CONTEXT('2D SPACE',''
  ) );
#3928 = ORIENTED_EDGE('',*,*,#3929,.T.);
#3929 = EDGE_CURVE('',#3903,#3930,#3932,.T.);
#3930 = VERTEX_POINT('',#3931);
#3931 = CARTESIAN_POINT('',(125.37630098733,-700.,41.83752363669));
#3932 = SURFACE_CURVE('',#3933,(#3937,#3944),.PCURVE_S1.);
#3933 = LINE('',#3934,#3935);
#3934 = CARTESIAN_POINT('',(128.17544900733,-700.,41.40348072105));
#3935 = VECTOR('',#3936,1.);
#3936 = DIRECTION('',(-0.988190354176,0.,0.153231275899));
#3937 = PCURVE('',#173,#3938);
#3938 = DEFINITIONAL_REPRESENTATION('',(#3939),#3943);
#3939 = LINE('',#3940,#3941);
#3940 = CARTESIAN_POINT('',(24.954808228329,4.584400887684));
#3941 = VECTOR('',#3942,1.);
#3942 = DIRECTION('',(0.987996945865,0.154473411824));
#3943 = ( GEOMETRIC_REPRESENTATION_CONTEXT(2) 
PARAMETRIC_REPRESENTATION_CONTEXT() REPRESENTATION_CONTEXT('2D SPACE',''
  ) );
#3944 = PCURVE('',#3945,#3950);
#3945 = B_SPLINE_SURFACE_WITH_KNOTS('',1,1,(
    (#3946,#3947)
    ,(#3948,#3949
    )),.UNSPECIFIED.,.F.,.F.,.F.,(2,2),(2,2),(0.,4.721000038387E-03),(0.
    ,1.),.PIECEWISE_BEZIER_KNOTS.);
#3946 = CARTESIAN_POINT('',(177.16741501222,0.,7.863392038203));
#3947 = CARTESIAN_POINT('',(128.17544900733,-700.,41.40348072105));
#3948 = CARTESIAN_POINT('',(172.50216831223,0.,8.586796897602));
#3949 = CARTESIAN_POINT('',(125.37630098733,-700.,41.83752363669));
#3950 = DEFINITIONAL_REPRESENTATION('',(#3951),#3954);
#3951 = B_SPLINE_CURVE_WITH_KNOTS('',1,(#3952,#3953),.UNSPECIFIED.,.F.,
  .F.,(2,2),(0.,2.832600023032),.PIECEWISE_BEZIER_KNOTS.);
#3952 = CARTESIAN_POINT('',(0.,1.));
#3953 = CARTESIAN_POINT('',(4.721000038387E-03,1.));
#3954 = ( GEOMETRIC_REPRESENTATION_CONTEXT(2) 
PARAMETRIC_REPRESENTATION_CONTEXT() REPRESENTATION_CONTEXT('2D SPACE',''
  ) );
#3955 = ORIENTED_EDGE('',*,*,#3956,.T.);
#3956 = EDGE_CURVE('',#3930,#3957,#3959,.T.);
#3957 = VERTEX_POINT('',#3958);
#3958 = CARTESIAN_POINT('',(122.46854211873,-700.,42.272692971141));
#3959 = SURFACE_CURVE('',#3960,(#3964,#3971),.PCURVE_S1.);
#3960 = LINE('',#3961,#3962);
#3961 = CARTESIAN_POINT('',(125.37630098733,-700.,41.83752363669));
#3962 = VECTOR('',#3963,1.);
#3963 = DIRECTION('',(-0.988985918211,0.,0.148009640159));
#3964 = PCURVE('',#173,#3965);
#3965 = DEFINITIONAL_REPRESENTATION('',(#3966),#3970);
#3966 = LINE('',#3967,#3968);
#3967 = CARTESIAN_POINT('',(27.753408399943,5.021962277576));
#3968 = VECTOR('',#3969,1.);
#3969 = DIRECTION('',(0.988799073406,0.149252780316));
#3970 = ( GEOMETRIC_REPRESENTATION_CONTEXT(2) 
PARAMETRIC_REPRESENTATION_CONTEXT() REPRESENTATION_CONTEXT('2D SPACE',''
  ) );
#3971 = PCURVE('',#3972,#3977);
#3972 = B_SPLINE_SURFACE_WITH_KNOTS('',1,1,(
    (#3973,#3974)
    ,(#3975,#3976
    )),.UNSPECIFIED.,.F.,.F.,.F.,(2,2),(2,2),(0.,4.900236385331E-03),(0.
    ,1.),.PIECEWISE_BEZIER_KNOTS.);
#3973 = CARTESIAN_POINT('',(172.50216831223,0.,8.586796897602));
#3974 = CARTESIAN_POINT('',(125.37630098733,-700.,41.83752363669));
#3975 = CARTESIAN_POINT('',(167.65590353123,0.,9.312079121687));
#3976 = CARTESIAN_POINT('',(122.46854211873,-700.,42.272692971141));
#3977 = DEFINITIONAL_REPRESENTATION('',(#3978),#3981);
#3978 = B_SPLINE_CURVE_WITH_KNOTS('',1,(#3979,#3980),.UNSPECIFIED.,.F.,
  .F.,(2,2),(0.,2.940141831199),.PIECEWISE_BEZIER_KNOTS.);
#3979 = CARTESIAN_POINT('',(0.,1.));
#3980 = CARTESIAN_POINT('',(4.900236385331E-03,1.));
#3981 = ( GEOMETRIC_REPRESENTATION_CONTEXT(2) 
PARAMETRIC_REPRESENTATION_CONTEXT() REPRESENTATION_CONTEXT('2D SPACE',''
  ) );
#3982 = ORIENTED_EDGE('',*,*,#3983,.T.);
#3983 = EDGE_CURVE('',#3957,#3984,#3986,.T.);
#3984 = VERTEX_POINT('',#3985);
#3985 = CARTESIAN_POINT('',(119.46027530708,-700.,42.706060802238));
#3986 = SURFACE_CURVE('',#3987,(#3991,#3998),.PCURVE_S1.);
#3987 = LINE('',#3988,#3989);
#3988 = CARTESIAN_POINT('',(122.46854211873,-700.,42.272692971141));
#3989 = VECTOR('',#3990,1.);
#3990 = DIRECTION('',(-0.98978227007,0.,0.142587018537));
#3991 = PCURVE('',#173,#3992);
#3992 = DEFINITIONAL_REPRESENTATION('',(#3993),#3997);
#3993 = LINE('',#3994,#3995);
#3994 = CARTESIAN_POINT('',(30.660617918313,5.460786620407));
#3995 = VECTOR('',#3996,1.);
#3996 = DIRECTION('',(0.989602241429,0.143831164076));
#3997 = ( GEOMETRIC_REPRESENTATION_CONTEXT(2) 
PARAMETRIC_REPRESENTATION_CONTEXT() REPRESENTATION_CONTEXT('2D SPACE',''
  ) );
#3998 = PCURVE('',#3999,#4004);
#3999 = B_SPLINE_SURFACE_WITH_KNOTS('',1,1,(
    (#4000,#4001)
    ,(#4002,#4003
    )),.UNSPECIFIED.,.F.,.F.,.F.,(2,2),(2,2),(0.,5.065536301298E-03),(0.
    ,1.),.PIECEWISE_BEZIER_KNOTS.);
#4000 = CARTESIAN_POINT('',(167.65590353123,0.,9.312079121687));
#4001 = CARTESIAN_POINT('',(122.46854211873,-700.,42.272692971141));
#4002 = CARTESIAN_POINT('',(162.64212551181,0.,10.034358840182));
#4003 = CARTESIAN_POINT('',(119.46027530708,-700.,42.706060802238));
#4004 = DEFINITIONAL_REPRESENTATION('',(#4005),#4008);
#4005 = B_SPLINE_CURVE_WITH_KNOTS('',1,(#4006,#4007),.UNSPECIFIED.,.F.,
  .F.,(2,2),(0.,3.039321780779),.PIECEWISE_BEZIER_KNOTS.);
#4006 = CARTESIAN_POINT('',(0.,1.));
#4007 = CARTESIAN_POINT('',(5.065536301298E-03,1.));
#4008 = ( GEOMETRIC_REPRESENTATION_CONTEXT(2) 
PARAMETRIC_REPRESENTATION_CONTEXT() REPRESENTATION_CONTEXT('2D SPACE',''
  ) );
#4009 = ORIENTED_EDGE('',*,*,#4010,.T.);
#4010 = EDGE_CURVE('',#3984,#4011,#4013,.T.);
#4011 = VERTEX_POINT('',#4012);
#4012 = CARTESIAN_POINT('',(116.35990920942,-700.,43.134712054616));
#4013 = SURFACE_CURVE('',#4014,(#4018,#4025),.PCURVE_S1.);
#4014 = LINE('',#4015,#4016);
#4015 = CARTESIAN_POINT('',(119.46027530708,-700.,42.706060802238));
#4016 = VECTOR('',#4017,1.);
#4017 = DIRECTION('',(-0.99057720231,0.,0.136955490084));
#4018 = PCURVE('',#173,#4019);
#4019 = DEFINITIONAL_REPRESENTATION('',(#4020),#4024);
#4020 = LINE('',#4021,#4022);
#4021 = CARTESIAN_POINT('',(33.668337564995,5.897935810137));
#4022 = VECTOR('',#4023,1.);
#4023 = DIRECTION('',(0.990404252451,0.138200639385));
#4024 = ( GEOMETRIC_REPRESENTATION_CONTEXT(2) 
PARAMETRIC_REPRESENTATION_CONTEXT() REPRESENTATION_CONTEXT('2D SPACE',''
  ) );
#4025 = PCURVE('',#4026,#4031);
#4026 = B_SPLINE_SURFACE_WITH_KNOTS('',1,1,(
    (#4027,#4028)
    ,(#4029,#4030
    )),.UNSPECIFIED.,.F.,.F.,.F.,(2,2),(2,2),(0.,5.216430195842E-03),(0.
    ,1.),.PIECEWISE_BEZIER_KNOTS.);
#4027 = CARTESIAN_POINT('',(162.64212551181,0.,10.034358840182));
#4028 = CARTESIAN_POINT('',(119.46027530708,-700.,42.706060802238));
#4029 = CARTESIAN_POINT('',(157.47484868237,0.,10.748777594145));
#4030 = CARTESIAN_POINT('',(116.35990920942,-700.,43.134712054616));
#4031 = DEFINITIONAL_REPRESENTATION('',(#4032),#4035);
#4032 = B_SPLINE_CURVE_WITH_KNOTS('',1,(#4033,#4034),.UNSPECIFIED.,.F.,
  .F.,(2,2),(0.,3.129858117505),.PIECEWISE_BEZIER_KNOTS.);
#4033 = CARTESIAN_POINT('',(0.,1.));
#4034 = CARTESIAN_POINT('',(5.216430195842E-03,1.));
#4035 = ( GEOMETRIC_REPRESENTATION_CONTEXT(2) 
PARAMETRIC_REPRESENTATION_CONTEXT() REPRESENTATION_CONTEXT('2D SPACE',''
  ) );
#4036 = ORIENTED_EDGE('',*,*,#4037,.T.);
#4037 = EDGE_CURVE('',#4011,#4038,#4040,.T.);
#4038 = VERTEX_POINT('',#4039);
#4039 = CARTESIAN_POINT('',(113.17613606857,-700.,43.555748569253));
#4040 = SURFACE_CURVE('',#4041,(#4045,#4052),.PCURVE_S1.);
#4041 = LINE('',#4042,#4043);
#4042 = CARTESIAN_POINT('',(116.35990920942,-700.,43.134712054616));
#4043 = VECTOR('',#4044,1.);
#4044 = DIRECTION('',(-0.991368742919,0.,0.13110307229));
#4045 = PCURVE('',#173,#4046);
#4046 = DEFINITIONAL_REPRESENTATION('',(#4047),#4051);
#4047 = LINE('',#4048,#4049);
#4048 = CARTESIAN_POINT('',(36.768162354141,6.33048420316));
#4049 = VECTOR('',#4050,1.);
#4050 = DIRECTION('',(0.991203149527,0.132349221262));
#4051 = ( GEOMETRIC_REPRESENTATION_CONTEXT(2) 
PARAMETRIC_REPRESENTATION_CONTEXT() REPRESENTATION_CONTEXT('2D SPACE',''
  ) );
#4052 = PCURVE('',#4053,#4058);
#4053 = B_SPLINE_SURFACE_WITH_KNOTS('',1,1,(
    (#4054,#4055)
    ,(#4056,#4057
    )),.UNSPECIFIED.,.F.,.F.,.F.,(2,2),(2,2),(0.,5.352487261661E-03),(0.
    ,1.),.PIECEWISE_BEZIER_KNOTS.);
#4054 = CARTESIAN_POINT('',(157.47484868237,0.,10.748777594145));
#4055 = CARTESIAN_POINT('',(116.35990920942,-700.,43.134712054616));
#4056 = CARTESIAN_POINT('',(152.16856011428,0.,11.45050511854));
#4057 = CARTESIAN_POINT('',(113.17613606857,-700.,43.555748569253));
#4058 = DEFINITIONAL_REPRESENTATION('',(#4059),#4062);
#4059 = B_SPLINE_CURVE_WITH_KNOTS('',1,(#4060,#4061),.UNSPECIFIED.,.F.,
  .F.,(2,2),(0.,3.211492356997),.PIECEWISE_BEZIER_KNOTS.);
#4060 = CARTESIAN_POINT('',(0.,1.));
#4061 = CARTESIAN_POINT('',(5.352487261661E-03,1.));
#4062 = ( GEOMETRIC_REPRESENTATION_CONTEXT(2) 
PARAMETRIC_REPRESENTATION_CONTEXT() REPRESENTATION_CONTEXT('2D SPACE',''
  ) );
#4063 = ORIENTED_EDGE('',*,*,#4064,.T.);
#4064 = EDGE_CURVE('',#4038,#4065,#4067,.T.);
#4065 = VERTEX_POINT('',#4066);
#4066 = CARTESIAN_POINT('',(109.91790866816,-700.,43.966292643761));
#4067 = SURFACE_CURVE('',#4068,(#4072,#4079),.PCURVE_S1.);
#4068 = LINE('',#4069,#4070);
#4069 = CARTESIAN_POINT('',(113.17613606857,-700.,43.555748569253));
#4070 = VECTOR('',#4071,1.);
#4071 = DIRECTION('',(-0.992155004101,0.,0.125013790589));
#4072 = PCURVE('',#173,#4073);
#4073 = DEFINITIONAL_REPRESENTATION('',(#4074),#4078);
#4074 = LINE('',#4075,#4076);
#4075 = CARTESIAN_POINT('',(39.951403693077,6.755522715697));
#4076 = VECTOR('',#4077,1.);
#4077 = DIRECTION('',(0.991997064941,0.126260932784));
#4078 = ( GEOMETRIC_REPRESENTATION_CONTEXT(2) 
PARAMETRIC_REPRESENTATION_CONTEXT() REPRESENTATION_CONTEXT('2D SPACE',''
  ) );
#4079 = PCURVE('',#4080,#4085);
#4080 = B_SPLINE_SURFACE_WITH_KNOTS('',1,1,(
    (#4081,#4082)
    ,(#4083,#4084
    )),.UNSPECIFIED.,.F.,.F.,.F.,(2,2),(2,2),(0.,5.473317151295E-03),(0.
    ,1.),.PIECEWISE_BEZIER_KNOTS.);
#4081 = CARTESIAN_POINT('',(152.16856011428,0.,11.45050511854));
#4082 = CARTESIAN_POINT('',(113.17613606857,-700.,43.555748569253));
#4083 = CARTESIAN_POINT('',(146.7381811136,0.,12.13474524272));
#4084 = CARTESIAN_POINT('',(109.91790866816,-700.,43.966292643761));
#4085 = DEFINITIONAL_REPRESENTATION('',(#4086),#4089);
#4086 = B_SPLINE_CURVE_WITH_KNOTS('',1,(#4087,#4088),.UNSPECIFIED.,.F.,
  .F.,(2,2),(0.,3.283990290777),.PIECEWISE_BEZIER_KNOTS.);
#4087 = CARTESIAN_POINT('',(0.,1.));
#4088 = CARTESIAN_POINT('',(5.473317151295E-03,1.));
#4089 = ( GEOMETRIC_REPRESENTATION_CONTEXT(2) 
PARAMETRIC_REPRESENTATION_CONTEXT() REPRESENTATION_CONTEXT('2D SPACE',''
  ) );
#4090 = ORIENTED_EDGE('',*,*,#4091,.T.);
#4091 = EDGE_CURVE('',#4065,#4092,#4094,.T.);
#4092 = VERTEX_POINT('',#4093);
#4093 = CARTESIAN_POINT('',(106.59441648581,-700.,44.36349086519));
#4094 = SURFACE_CURVE('',#4095,(#4099,#4106),.PCURVE_S1.);
#4095 = LINE('',#4096,#4097);
#4096 = CARTESIAN_POINT('',(109.91790866816,-700.,43.966292643761));
#4097 = VECTOR('',#4098,1.);
#4098 = DIRECTION('',(-0.992934008342,0.,0.118667835058));
#4099 = PCURVE('',#173,#4100);
#4100 = DEFINITIONAL_REPRESENTATION('',(#4101),#4105);
#4101 = LINE('',#4102,#4103);
#4102 = CARTESIAN_POINT('',(43.209112422824,7.170162393065));
#4103 = VECTOR('',#4104,1.);
#4104 = DIRECTION('',(0.992784046087,0.119915961556));
#4105 = ( GEOMETRIC_REPRESENTATION_CONTEXT(2) 
PARAMETRIC_REPRESENTATION_CONTEXT() REPRESENTATION_CONTEXT('2D SPACE',''
  ) );
#4106 = PCURVE('',#4107,#4112);
#4107 = B_SPLINE_SURFACE_WITH_KNOTS('',1,1,(
    (#4108,#4109)
    ,(#4110,#4111
    )),.UNSPECIFIED.,.F.,.F.,.F.,(2,2),(2,2),(0.,5.578571778892E-03),(0.
    ,1.),.PIECEWISE_BEZIER_KNOTS.);
#4108 = CARTESIAN_POINT('',(146.7381811136,0.,12.13474524272));
#4109 = CARTESIAN_POINT('',(109.91790866816,-700.,43.966292643761));
#4110 = CARTESIAN_POINT('',(141.19902747635,0.,12.796742278435));
#4111 = CARTESIAN_POINT('',(106.59441648581,-700.,44.36349086519));
#4112 = DEFINITIONAL_REPRESENTATION('',(#4113),#4116);
#4113 = B_SPLINE_CURVE_WITH_KNOTS('',1,(#4114,#4115),.UNSPECIFIED.,.F.,
  .F.,(2,2),(0.,3.347143067335),.PIECEWISE_BEZIER_KNOTS.);
#4114 = CARTESIAN_POINT('',(0.,1.));
#4115 = CARTESIAN_POINT('',(5.578571778892E-03,1.));
#4116 = ( GEOMETRIC_REPRESENTATION_CONTEXT(2) 
PARAMETRIC_REPRESENTATION_CONTEXT() REPRESENTATION_CONTEXT('2D SPACE',''
  ) );
#4117 = ORIENTED_EDGE('',*,*,#4118,.T.);
#4118 = EDGE_CURVE('',#4092,#4119,#4121,.T.);
#4119 = VERTEX_POINT('',#4120);
#4120 = CARTESIAN_POINT('',(103.21506110093,-700.,44.744519055496));
#4121 = SURFACE_CURVE('',#4122,(#4126,#4133),.PCURVE_S1.);
#4122 = LINE('',#4123,#4124);
#4123 = CARTESIAN_POINT('',(106.59441648581,-700.,44.36349086519));
#4124 = VECTOR('',#4125,1.);
#4125 = DIRECTION('',(-0.993703495061,0.,0.112041795343));
#4126 = PCURVE('',#173,#4127);
#4127 = DEFINITIONAL_REPRESENTATION('',(#4128),#4132);
#4128 = LINE('',#4129,#4130);
#4129 = CARTESIAN_POINT('',(46.532102660044,7.57153827245));
#4130 = VECTOR('',#4131,1.);
#4131 = DIRECTION('',(0.993561861811,0.1132908944));
#4132 = ( GEOMETRIC_REPRESENTATION_CONTEXT(2) 
PARAMETRIC_REPRESENTATION_CONTEXT() REPRESENTATION_CONTEXT('2D SPACE',''
  ) );
#4133 = PCURVE('',#4134,#4139);
#4134 = B_SPLINE_SURFACE_WITH_KNOTS('',1,1,(
    (#4135,#4136)
    ,(#4137,#4138
    )),.UNSPECIFIED.,.F.,.F.,.F.,(2,2),(2,2),(0.,5.667947232548E-03),(0.
    ,1.),.PIECEWISE_BEZIER_KNOTS.);
#4135 = CARTESIAN_POINT('',(141.19902747635,0.,12.796742278435));
#4136 = CARTESIAN_POINT('',(106.59441648581,-700.,44.36349086519));
#4137 = CARTESIAN_POINT('',(135.56676850155,0.,13.431789262279));
#4138 = CARTESIAN_POINT('',(103.21506110093,-700.,44.744519055496));
#4139 = DEFINITIONAL_REPRESENTATION('',(#4140),#4143);
#4140 = B_SPLINE_CURVE_WITH_KNOTS('',1,(#4141,#4142),.UNSPECIFIED.,.F.,
  .F.,(2,2),(0.,3.400768339529),.PIECEWISE_BEZIER_KNOTS.);
#4141 = CARTESIAN_POINT('',(0.,1.));
#4142 = CARTESIAN_POINT('',(5.667947232548E-03,1.));
#4143 = ( GEOMETRIC_REPRESENTATION_CONTEXT(2) 
PARAMETRIC_REPRESENTATION_CONTEXT() REPRESENTATION_CONTEXT('2D SPACE',''
  ) );
#4144 = ORIENTED_EDGE('',*,*,#4145,.T.);
#4145 = EDGE_CURVE('',#4119,#4146,#4148,.T.);
#4146 = VERTEX_POINT('',#4147);
#4147 = CARTESIAN_POINT('',(99.789430889968,-700.,45.106589099563));
#4148 = SURFACE_CURVE('',#4149,(#4153,#4160),.PCURVE_S1.);
#4149 = LINE('',#4150,#4151);
#4150 = CARTESIAN_POINT('',(103.21506110093,-700.,44.744519055496));
#4151 = VECTOR('',#4152,1.);
#4152 = DIRECTION('',(-0.994460711259,0.,0.10510896138));
#4153 = PCURVE('',#173,#4154);
#4154 = DEFINITIONAL_REPRESENTATION('',(#4155),#4159);
#4155 = LINE('',#4156,#4157);
#4156 = CARTESIAN_POINT('',(49.910976383055,7.956814359283));
#4157 = VECTOR('',#4158,1.);
#4158 = DIRECTION('',(0.994327792697,0.106359017815));
#4159 = ( GEOMETRIC_REPRESENTATION_CONTEXT(2) 
PARAMETRIC_REPRESENTATION_CONTEXT() REPRESENTATION_CONTEXT('2D SPACE',''
  ) );
#4160 = PCURVE('',#4161,#4166);
#4161 = B_SPLINE_SURFACE_WITH_KNOTS('',1,1,(
    (#4162,#4163)
    ,(#4164,#4165
    )),.UNSPECIFIED.,.F.,.F.,.F.,(2,2),(2,2),(0.,5.741185770641E-03),(0.
    ,1.),.PIECEWISE_BEZIER_KNOTS.);
#4162 = CARTESIAN_POINT('',(135.56676850155,0.,13.431789262279));
#4163 = CARTESIAN_POINT('',(103.21506110093,-700.,44.744519055496));
#4164 = CARTESIAN_POINT('',(129.85738481661,0.,14.035239335723));
#4165 = CARTESIAN_POINT('',(99.789430889968,-700.,45.106589099563));
#4166 = DEFINITIONAL_REPRESENTATION('',(#4167),#4170);
#4167 = B_SPLINE_CURVE_WITH_KNOTS('',1,(#4168,#4169),.UNSPECIFIED.,.F.,
  .F.,(2,2),(0.,3.444711462385),.PIECEWISE_BEZIER_KNOTS.);
#4168 = CARTESIAN_POINT('',(0.,1.));
#4169 = CARTESIAN_POINT('',(5.741185770641E-03,1.));
#4170 = ( GEOMETRIC_REPRESENTATION_CONTEXT(2) 
PARAMETRIC_REPRESENTATION_CONTEXT() REPRESENTATION_CONTEXT('2D SPACE',''
  ) );
#4171 = ORIENTED_EDGE('',*,*,#4172,.T.);
#4172 = EDGE_CURVE('',#4146,#4173,#4175,.T.);
#4173 = VERTEX_POINT('',#4174);
#4174 = CARTESIAN_POINT('',(96.327275019416,-700.,45.446958328165));
#4175 = SURFACE_CURVE('',#4176,(#4180,#4187),.PCURVE_S1.);
#4176 = LINE('',#4177,#4178);
#4177 = CARTESIAN_POINT('',(99.789430889968,-700.,45.106589099563));
#4178 = VECTOR('',#4179,1.);
#4179 = DIRECTION('',(-0.995202189607,0.,9.783967396195E-02));
#4180 = PCURVE('',#173,#4181);
#4181 = DEFINITIONAL_REPRESENTATION('',(#4182),#4186);
#4182 = LINE('',#4183,#4184);
#4183 = CARTESIAN_POINT('',(53.336148727925,8.323190487078));
#4184 = VECTOR('',#4185,1.);
#4185 = DIRECTION('',(0.995078408702,9.90906682547E-02));
#4186 = ( GEOMETRIC_REPRESENTATION_CONTEXT(2) 
PARAMETRIC_REPRESENTATION_CONTEXT() REPRESENTATION_CONTEXT('2D SPACE',''
  ) );
#4187 = PCURVE('',#4188,#4193);
#4188 = B_SPLINE_SURFACE_WITH_KNOTS('',1,1,(
    (#4189,#4190)
    ,(#4191,#4192
    )),.UNSPECIFIED.,.F.,.F.,.F.,(2,2),(2,2),(0.,5.798077862481E-03),(0.
    ,1.),.PIECEWISE_BEZIER_KNOTS.);
#4189 = CARTESIAN_POINT('',(129.85738481661,0.,14.035239335723));
#4190 = CARTESIAN_POINT('',(99.789430889968,-700.,45.106589099563));
#4191 = CARTESIAN_POINT('',(124.08712503236,0.,14.602521383394));
#4192 = CARTESIAN_POINT('',(96.327275019416,-700.,45.446958328165));
#4193 = DEFINITIONAL_REPRESENTATION('',(#4194),#4197);
#4194 = B_SPLINE_CURVE_WITH_KNOTS('',1,(#4195,#4196),.UNSPECIFIED.,.F.,
  .F.,(2,2),(0.,3.478846717489),.PIECEWISE_BEZIER_KNOTS.);
#4195 = CARTESIAN_POINT('',(0.,1.));
#4196 = CARTESIAN_POINT('',(5.798077862481E-03,1.));
#4197 = ( GEOMETRIC_REPRESENTATION_CONTEXT(2) 
PARAMETRIC_REPRESENTATION_CONTEXT() REPRESENTATION_CONTEXT('2D SPACE',''
  ) );
#4198 = ORIENTED_EDGE('',*,*,#4199,.T.);
#4199 = EDGE_CURVE('',#4173,#4200,#4202,.T.);
#4200 = VERTEX_POINT('',#4201);
#4201 = CARTESIAN_POINT('',(92.838476726545,-700.,45.762941987217));
#4202 = SURFACE_CURVE('',#4203,(#4207,#4214),.PCURVE_S1.);
#4203 = LINE('',#4204,#4205);
#4204 = CARTESIAN_POINT('',(96.327275019416,-700.,45.446958328165));
#4205 = VECTOR('',#4206,1.);
#4206 = DIRECTION('',(-0.995923517282,0.,9.020170577623E-02));
#4207 = PCURVE('',#173,#4208);
#4208 = DEFINITIONAL_REPRESENTATION('',(#4209),#4213);
#4209 = LINE('',#4210,#4211);
#4210 = CARTESIAN_POINT('',(56.797873983682,8.667911733069));
#4211 = VECTOR('',#4212,1.);
#4212 = DIRECTION('',(0.995809337519,9.145361288729E-02));
#4213 = ( GEOMETRIC_REPRESENTATION_CONTEXT(2) 
PARAMETRIC_REPRESENTATION_CONTEXT() REPRESENTATION_CONTEXT('2D SPACE',''
  ) );
#4214 = PCURVE('',#4215,#4220);
#4215 = B_SPLINE_SURFACE_WITH_KNOTS('',1,1,(
    (#4216,#4217)
    ,(#4218,#4219
    )),.UNSPECIFIED.,.F.,.F.,.F.,(2,2),(2,2),(0.,5.838464219944E-03),(0.
    ,1.),.PIECEWISE_BEZIER_KNOTS.);
#4216 = CARTESIAN_POINT('',(124.08712503236,0.,14.602521383394));
#4217 = CARTESIAN_POINT('',(96.327275019416,-700.,45.446958328165));
#4218 = CARTESIAN_POINT('',(118.2724612109,0.,15.129160815147));
#4219 = CARTESIAN_POINT('',(92.838476726545,-700.,45.762941987217));
#4220 = DEFINITIONAL_REPRESENTATION('',(#4221),#4224);
#4221 = B_SPLINE_CURVE_WITH_KNOTS('',1,(#4222,#4223),.UNSPECIFIED.,.F.,
  .F.,(2,2),(0.,3.503078531966),.PIECEWISE_BEZIER_KNOTS.);
#4222 = CARTESIAN_POINT('',(0.,1.));
#4223 = CARTESIAN_POINT('',(5.838464219944E-03,1.));
#4224 = ( GEOMETRIC_REPRESENTATION_CONTEXT(2) 
PARAMETRIC_REPRESENTATION_CONTEXT() REPRESENTATION_CONTEXT('2D SPACE',''
  ) );
#4225 = ORIENTED_EDGE('',*,*,#4226,.T.);
#4226 = EDGE_CURVE('',#4200,#4227,#4229,.T.);
#4227 = VERTEX_POINT('',#4228);
#4228 = CARTESIAN_POINT('',(89.333025863188,-700.,46.051929146065));
#4229 = SURFACE_CURVE('',#4230,(#4234,#4241),.PCURVE_S1.);
#4230 = LINE('',#4231,#4232);
#4231 = CARTESIAN_POINT('',(92.838476726545,-700.,45.762941987217));
#4232 = VECTOR('',#4233,1.);
#4233 = DIRECTION('',(-0.996619098542,0.,8.216065007563E-02));
#4234 = PCURVE('',#173,#4235);
#4235 = DEFINITIONAL_REPRESENTATION('',(#4236),#4240);
#4236 = LINE('',#4237,#4238);
#4237 = CARTESIAN_POINT('',(60.286272295876,8.988280921046));
#4238 = VECTOR('',#4239,1.);
#4239 = DIRECTION('',(0.996515026664,8.341343795761E-02));
#4240 = ( GEOMETRIC_REPRESENTATION_CONTEXT(2) 
PARAMETRIC_REPRESENTATION_CONTEXT() REPRESENTATION_CONTEXT('2D SPACE',''
  ) );
#4241 = PCURVE('',#4242,#4247);
#4242 = B_SPLINE_SURFACE_WITH_KNOTS('',1,1,(
    (#4243,#4244)
    ,(#4245,#4246
    )),.UNSPECIFIED.,.F.,.F.,.F.,(2,2),(2,2),(0.,5.862237753763E-03),(0.
    ,1.),.PIECEWISE_BEZIER_KNOTS.);
#4243 = CARTESIAN_POINT('',(118.2724612109,0.,15.129160815147));
#4244 = CARTESIAN_POINT('',(92.838476726545,-700.,45.762941987217));
#4245 = CARTESIAN_POINT('',(112.43004310531,0.,15.610806079894));
#4246 = CARTESIAN_POINT('',(89.333025863188,-700.,46.051929146065));
#4247 = DEFINITIONAL_REPRESENTATION('',(#4248),#4251);
#4248 = B_SPLINE_CURVE_WITH_KNOTS('',1,(#4249,#4250),.UNSPECIFIED.,.F.,
  .F.,(2,2),(0.,3.517342652258),.PIECEWISE_BEZIER_KNOTS.);
#4249 = CARTESIAN_POINT('',(0.,1.));
#4250 = CARTESIAN_POINT('',(5.862237753763E-03,1.));
#4251 = ( GEOMETRIC_REPRESENTATION_CONTEXT(2) 
PARAMETRIC_REPRESENTATION_CONTEXT() REPRESENTATION_CONTEXT('2D SPACE',''
  ) );
#4252 = ORIENTED_EDGE('',*,*,#4253,.T.);
#4253 = EDGE_CURVE('',#4227,#4254,#4256,.T.);
#4254 = VERTEX_POINT('',#4255);
#4255 = CARTESIAN_POINT('',(85.820990670335,-700.,46.311402189465));
#4256 = SURFACE_CURVE('',#4257,(#4261,#4268),.PCURVE_S1.);
#4257 = LINE('',#4258,#4259);
#4258 = CARTESIAN_POINT('',(89.333025863188,-700.,46.051929146065));
#4259 = VECTOR('',#4260,1.);
#4260 = DIRECTION('',(-0.9972819134,0.,7.368029048335E-02));
#4261 = PCURVE('',#173,#4262);
#4262 = DEFINITIONAL_REPRESENTATION('',(#4263),#4267);
#4263 = LINE('',#4264,#4265);
#4264 = CARTESIAN_POINT('',(63.791357102779,9.281674564145));
#4265 = VECTOR('',#4266,1.);
#4266 = DIRECTION('',(0.997188501683,7.493391829264E-02));
#4267 = ( GEOMETRIC_REPRESENTATION_CONTEXT(2) 
PARAMETRIC_REPRESENTATION_CONTEXT() REPRESENTATION_CONTEXT('2D SPACE',''
  ) );
#4268 = PCURVE('',#4269,#4274);
#4269 = B_SPLINE_SURFACE_WITH_KNOTS('',1,1,(
    (#4270,#4271)
    ,(#4272,#4273
    )),.UNSPECIFIED.,.F.,.F.,.F.,(2,2),(2,2),(0.,5.869345377111E-03),(0.
    ,1.),.PIECEWISE_BEZIER_KNOTS.);
#4270 = CARTESIAN_POINT('',(112.43004310531,0.,15.610806079894));
#4271 = CARTESIAN_POINT('',(89.333025863188,-700.,46.051929146065));
#4272 = CARTESIAN_POINT('',(106.57665111722,0.,16.043261152226));
#4273 = CARTESIAN_POINT('',(85.820990670335,-700.,46.311402189465));
#4274 = DEFINITIONAL_REPRESENTATION('',(#4275),#4278);
#4275 = B_SPLINE_CURVE_WITH_KNOTS('',1,(#4276,#4277),.UNSPECIFIED.,.F.,
  .F.,(2,2),(0.,3.521607226267),.PIECEWISE_BEZIER_KNOTS.);
#4276 = CARTESIAN_POINT('',(0.,1.));
#4277 = CARTESIAN_POINT('',(5.869345377111E-03,1.));
#4278 = ( GEOMETRIC_REPRESENTATION_CONTEXT(2) 
PARAMETRIC_REPRESENTATION_CONTEXT() REPRESENTATION_CONTEXT('2D SPACE',''
  ) );
#4279 = ORIENTED_EDGE('',*,*,#4280,.T.);
#4280 = EDGE_CURVE('',#4254,#4281,#4283,.T.);
#4281 = VERTEX_POINT('',#4282);
#4282 = CARTESIAN_POINT('',(82.312488752562,-700.,46.538959809731));
#4283 = SURFACE_CURVE('',#4284,(#4288,#4295),.PCURVE_S1.);
#4284 = LINE('',#4285,#4286);
#4285 = CARTESIAN_POINT('',(85.820990670335,-700.,46.311402189465));
#4286 = VECTOR('',#4287,1.);
#4287 = DIRECTION('',(-0.997903273586,0.,6.472292149622E-02));
#4288 = PCURVE('',#173,#4289);
#4289 = DEFINITIONAL_REPRESENTATION('',(#4290),#4294);
#4290 = LINE('',#4291,#4292);
#4291 = CARTESIAN_POINT('',(67.303063336257,9.545562392297));
#4292 = VECTOR('',#4293,1.);
#4293 = DIRECTION('',(0.997821121713,6.597733749693E-02));
#4294 = ( GEOMETRIC_REPRESENTATION_CONTEXT(2) 
PARAMETRIC_REPRESENTATION_CONTEXT() REPRESENTATION_CONTEXT('2D SPACE',''
  ) );
#4295 = PCURVE('',#4296,#4301);
#4296 = B_SPLINE_SURFACE_WITH_KNOTS('',1,1,(
    (#4297,#4298)
    ,(#4299,#4300
    )),.UNSPECIFIED.,.F.,.F.,.F.,(2,2),(2,2),(0.,5.859789571866E-03),(0.
    ,1.),.PIECEWISE_BEZIER_KNOTS.);
#4297 = CARTESIAN_POINT('',(106.57665111722,0.,16.043261152226));
#4298 = CARTESIAN_POINT('',(85.820990670335,-700.,46.311402189465));
#4299 = CARTESIAN_POINT('',(100.72914792093,0.,16.42252385267));
#4300 = CARTESIAN_POINT('',(82.312488752562,-700.,46.538959809731));
#4301 = DEFINITIONAL_REPRESENTATION('',(#4302),#4305);
#4302 = B_SPLINE_CURVE_WITH_KNOTS('',1,(#4303,#4304),.UNSPECIFIED.,.F.,
  .F.,(2,2),(0.,3.515873743119),.PIECEWISE_BEZIER_KNOTS.);
#4303 = CARTESIAN_POINT('',(0.,1.));
#4304 = CARTESIAN_POINT('',(5.859789571866E-03,1.));
#4305 = ( GEOMETRIC_REPRESENTATION_CONTEXT(2) 
PARAMETRIC_REPRESENTATION_CONTEXT() REPRESENTATION_CONTEXT('2D SPACE',''
  ) );
#4306 = ORIENTED_EDGE('',*,*,#4307,.T.);
#4307 = EDGE_CURVE('',#4281,#4308,#4310,.T.);
#4308 = VERTEX_POINT('',#4309);
#4309 = CARTESIAN_POINT('',(78.817657232262,-700.,46.73234317833));
#4310 = SURFACE_CURVE('',#4311,(#4315,#4322),.PCURVE_S1.);
#4311 = LINE('',#4312,#4313);
#4312 = CARTESIAN_POINT('',(82.312488752562,-700.,46.538959809731));
#4313 = VECTOR('',#4314,1.);
#4314 = DIRECTION('',(-0.998472575183,0.,5.524958468545E-02));
#4315 = PCURVE('',#173,#4316);
#4316 = DEFINITIONAL_REPRESENTATION('',(#4317),#4321);
#4317 = LINE('',#4318,#4319);
#4318 = CARTESIAN_POINT('',(70.811276418418,9.777530380844));
#4319 = VECTOR('',#4320,1.);
#4320 = DIRECTION('',(0.99840233182,5.650472384226E-02));
#4321 = ( GEOMETRIC_REPRESENTATION_CONTEXT(2) 
PARAMETRIC_REPRESENTATION_CONTEXT() REPRESENTATION_CONTEXT('2D SPACE',''
  ) );
#4322 = PCURVE('',#4323,#4328);
#4323 = B_SPLINE_SURFACE_WITH_KNOTS('',1,1,(
    (#4324,#4325)
    ,(#4326,#4327
    )),.UNSPECIFIED.,.F.,.F.,.F.,(2,2),(2,2),(0.,5.833629631174E-03),(0.
    ,1.),.PIECEWISE_BEZIER_KNOTS.);
#4324 = CARTESIAN_POINT('',(100.72914792093,0.,16.42252385267));
#4325 = CARTESIAN_POINT('',(82.312488752562,-700.,46.538959809731));
#4326 = CARTESIAN_POINT('',(94.904428720436,0.,16.744829467002));
#4327 = CARTESIAN_POINT('',(78.817657232262,-700.,46.73234317833));
#4328 = DEFINITIONAL_REPRESENTATION('',(#4329),#4332);
#4329 = B_SPLINE_CURVE_WITH_KNOTS('',1,(#4330,#4331),.UNSPECIFIED.,.F.,
  .F.,(2,2),(0.,3.500177778704),.PIECEWISE_BEZIER_KNOTS.);
#4330 = CARTESIAN_POINT('',(0.,1.));
#4331 = CARTESIAN_POINT('',(5.833629631174E-03,1.));
#4332 = ( GEOMETRIC_REPRESENTATION_CONTEXT(2) 
PARAMETRIC_REPRESENTATION_CONTEXT() REPRESENTATION_CONTEXT('2D SPACE',''
  ) );
#4333 = ORIENTED_EDGE('',*,*,#4334,.T.);
#4334 = EDGE_CURVE('',#4308,#4335,#4337,.T.);
#4335 = VERTEX_POINT('',#4336);
#4336 = CARTESIAN_POINT('',(75.3466220844,-700.,46.889464741278));
#4337 = SURFACE_CURVE('',#4338,(#4342,#4349),.PCURVE_S1.);
#4338 = LINE('',#4339,#4340);
#4339 = CARTESIAN_POINT('',(78.817657232262,-700.,46.73234317833));
#4340 = VECTOR('',#4341,1.);
#4341 = DIRECTION('',(-0.998977044436,0.,4.522018011491E-02));
#4342 = PCURVE('',#173,#4343);
#4343 = DEFINITIONAL_REPRESENTATION('',(#4344),#4348);
#4344 = LINE('',#4345,#4346);
#4345 = CARTESIAN_POINT('',(74.30586207446,9.975306959628));
#4346 = VECTOR('',#4347,1.);
#4347 = DIRECTION('',(0.998919408669,4.647596136629E-02));
#4348 = ( GEOMETRIC_REPRESENTATION_CONTEXT(2) 
PARAMETRIC_REPRESENTATION_CONTEXT() REPRESENTATION_CONTEXT('2D SPACE',''
  ) );
#4349 = PCURVE('',#4350,#4355);
#4350 = B_SPLINE_SURFACE_WITH_KNOTS('',1,1,(
    (#4351,#4352)
    ,(#4353,#4354
    )),.UNSPECIFIED.,.F.,.F.,.F.,(2,2),(2,2),(0.,5.790982497535E-03),(0.
    ,1.),.PIECEWISE_BEZIER_KNOTS.);
#4351 = CARTESIAN_POINT('',(94.904428720436,0.,16.744829467002));
#4352 = CARTESIAN_POINT('',(78.817657232262,-700.,46.73234317833));
#4353 = CARTESIAN_POINT('',(89.119370140667,0.,17.006698738582));
#4354 = CARTESIAN_POINT('',(75.3466220844,-700.,46.889464741278));
#4355 = DEFINITIONAL_REPRESENTATION('',(#4356),#4359);
#4356 = B_SPLINE_CURVE_WITH_KNOTS('',1,(#4357,#4358),.UNSPECIFIED.,.F.,
  .F.,(2,2),(0.,3.474589498521),.PIECEWISE_BEZIER_KNOTS.);
#4357 = CARTESIAN_POINT('',(0.,1.));
#4358 = CARTESIAN_POINT('',(5.790982497535E-03,1.));
#4359 = ( GEOMETRIC_REPRESENTATION_CONTEXT(2) 
PARAMETRIC_REPRESENTATION_CONTEXT() REPRESENTATION_CONTEXT('2D SPACE',''
  ) );
#4360 = ORIENTED_EDGE('',*,*,#4361,.T.);
#4361 = EDGE_CURVE('',#4335,#4362,#4364,.T.);
#4362 = VERTEX_POINT('',#4363);
#4363 = CARTESIAN_POINT('',(71.889506198334,-700.,47.005196802388));
#4364 = SURFACE_CURVE('',#4365,(#4369,#4376),.PCURVE_S1.);
#4365 = LINE('',#4366,#4367);
#4366 = CARTESIAN_POINT('',(75.3466220844,-700.,46.889464741278));
#4367 = VECTOR('',#4368,1.);
#4368 = DIRECTION('',(-0.999440133265,0.,3.345773482604E-02));
#4369 = PCURVE('',#173,#4370);
#4370 = DEFINITIONAL_REPRESENTATION('',(#4371),#4375);
#4371 = LINE('',#4372,#4373);
#4372 = CARTESIAN_POINT('',(77.77669696169,10.136791846925));
#4373 = VECTOR('',#4374,1.);
#4374 = DIRECTION('',(0.999397283736,3.471410752189E-02));
#4375 = ( GEOMETRIC_REPRESENTATION_CONTEXT(2) 
PARAMETRIC_REPRESENTATION_CONTEXT() REPRESENTATION_CONTEXT('2D SPACE',''
  ) );
#4376 = PCURVE('',#4377,#4382);
#4377 = B_SPLINE_SURFACE_WITH_KNOTS('',1,1,(
    (#4378,#4379)
    ,(#4380,#4381
    )),.UNSPECIFIED.,.F.,.F.,.F.,(2,2),(2,2),(0.,5.765087490823E-03),(0.
    ,1.),.PIECEWISE_BEZIER_KNOTS.);
#4378 = CARTESIAN_POINT('',(89.119370140667,0.,17.006698738582));
#4379 = CARTESIAN_POINT('',(75.3466220844,-700.,46.889464741278));
#4380 = CARTESIAN_POINT('',(83.357510330556,0.,17.199585507099));
#4381 = CARTESIAN_POINT('',(71.889506198334,-700.,47.005196802388));
#4382 = DEFINITIONAL_REPRESENTATION('',(#4383),#4386);
#4383 = B_SPLINE_CURVE_WITH_KNOTS('',1,(#4384,#4385),.UNSPECIFIED.,.F.,
  .F.,(2,2),(0.,3.459052494494),.PIECEWISE_BEZIER_KNOTS.);
#4384 = CARTESIAN_POINT('',(0.,1.));
#4385 = CARTESIAN_POINT('',(5.765087490823E-03,1.));
#4386 = ( GEOMETRIC_REPRESENTATION_CONTEXT(2) 
PARAMETRIC_REPRESENTATION_CONTEXT() REPRESENTATION_CONTEXT('2D SPACE',''
  ) );
#4387 = ORIENTED_EDGE('',*,*,#4388,.T.);
#4388 = EDGE_CURVE('',#4362,#4389,#4391,.T.);
#4389 = VERTEX_POINT('',#4390);
#4390 = CARTESIAN_POINT('',(68.46821472006,-700.,47.069304708305));
#4391 = SURFACE_CURVE('',#4392,(#4396,#4403),.PCURVE_S1.);
#4392 = LINE('',#4393,#4394);
#4393 = CARTESIAN_POINT('',(71.889506198334,-700.,47.005196802388));
#4394 = VECTOR('',#4395,1.);
#4395 = DIRECTION('',(-0.999824491284,0.,1.873463714714E-02));
#4396 = PCURVE('',#173,#4397);
#4397 = DEFINITIONAL_REPRESENTATION('',(#4398),#4402);
#4398 = LINE('',#4399,#4400);
#4399 = CARTESIAN_POINT('',(81.233664628987,10.256869767143));
#4400 = VECTOR('',#4401,1.);
#4401 = DIRECTION('',(0.999800149901,1.99915046541E-02));
#4402 = ( GEOMETRIC_REPRESENTATION_CONTEXT(2) 
PARAMETRIC_REPRESENTATION_CONTEXT() REPRESENTATION_CONTEXT('2D SPACE',''
  ) );
#4403 = PCURVE('',#4404,#4409);
#4404 = B_SPLINE_SURFACE_WITH_KNOTS('',1,1,(
    (#4405,#4406)
    ,(#4407,#4408
    )),.UNSPECIFIED.,.F.,.F.,.F.,(2,2),(2,2),(0.,5.703153416923E-03),(0.
    ,1.),.PIECEWISE_BEZIER_KNOTS.);
#4405 = CARTESIAN_POINT('',(83.357510330556,0.,17.199585507099));
#4406 = CARTESIAN_POINT('',(71.889506198334,-700.,47.005196802388));
#4407 = CARTESIAN_POINT('',(77.655357866767,0.,17.30643201696));
#4408 = CARTESIAN_POINT('',(68.46821472006,-700.,47.069304708305));
#4409 = DEFINITIONAL_REPRESENTATION('',(#4410),#4413);
#4410 = B_SPLINE_CURVE_WITH_KNOTS('',1,(#4411,#4412),.UNSPECIFIED.,.F.,
  .F.,(2,2),(0.,3.421892050154),.PIECEWISE_BEZIER_KNOTS.);
#4411 = CARTESIAN_POINT('',(0.,1.));
#4412 = CARTESIAN_POINT('',(5.703153416923E-03,1.));
#4413 = ( GEOMETRIC_REPRESENTATION_CONTEXT(2) 
PARAMETRIC_REPRESENTATION_CONTEXT() REPRESENTATION_CONTEXT('2D SPACE',''
  ) );
#4414 = ORIENTED_EDGE('',*,*,#4415,.T.);
#4415 = EDGE_CURVE('',#4389,#4416,#4418,.T.);
#4416 = VERTEX_POINT('',#4417);
#4417 = CARTESIAN_POINT('',(65.100829228712,-700.,47.080469550452));
#4418 = SURFACE_CURVE('',#4419,(#4423,#4430),.PCURVE_S1.);
#4419 = LINE('',#4420,#4421);
#4420 = CARTESIAN_POINT('',(68.46821472006,-700.,47.069304708305));
#4421 = VECTOR('',#4422,1.);
#4422 = DIRECTION('',(-0.999994503504,0.,3.315563605309E-03));
#4423 = PCURVE('',#173,#4424);
#4424 = DEFINITIONAL_REPRESENTATION('',(#4425),#4429);
#4425 = LINE('',#4426,#4427);
#4426 = CARTESIAN_POINT('',(84.654872813675,10.325278537989));
#4427 = VECTOR('',#4428,1.);
#4428 = DIRECTION('',(0.999989545349,4.572657018584E-03));
#4429 = ( GEOMETRIC_REPRESENTATION_CONTEXT(2) 
PARAMETRIC_REPRESENTATION_CONTEXT() REPRESENTATION_CONTEXT('2D SPACE',''
  ) );
#4430 = PCURVE('',#4431,#4436);
#4431 = B_SPLINE_SURFACE_WITH_KNOTS('',1,1,(
    (#4432,#4433)
    ,(#4434,#4435
    )),.UNSPECIFIED.,.F.,.F.,.F.,(2,2),(2,2),(0.,5.612340000452E-03),(0.
    ,1.),.PIECEWISE_BEZIER_KNOTS.);
#4432 = CARTESIAN_POINT('',(77.655357866767,0.,17.30643201696));
#4433 = CARTESIAN_POINT('',(68.46821472006,-700.,47.069304708305));
#4434 = CARTESIAN_POINT('',(72.04304871452,0.,17.325040087206));
#4435 = CARTESIAN_POINT('',(65.100829228712,-700.,47.080469550452));
#4436 = DEFINITIONAL_REPRESENTATION('',(#4437),#4440);
#4437 = B_SPLINE_CURVE_WITH_KNOTS('',1,(#4438,#4439),.UNSPECIFIED.,.F.,
  .F.,(2,2),(0.,3.367404000271),.PIECEWISE_BEZIER_KNOTS.);
#4438 = CARTESIAN_POINT('',(0.,1.));
#4439 = CARTESIAN_POINT('',(5.612340000452E-03,1.));
#4440 = ( GEOMETRIC_REPRESENTATION_CONTEXT(2) 
PARAMETRIC_REPRESENTATION_CONTEXT() REPRESENTATION_CONTEXT('2D SPACE',''
  ) );
#4441 = ORIENTED_EDGE('',*,*,#4442,.T.);
#4442 = EDGE_CURVE('',#4416,#4443,#4445,.T.);
#4443 = VERTEX_POINT('',#4444);
#4444 = CARTESIAN_POINT('',(61.797560978409,-700.,47.038303984011));
#4445 = SURFACE_CURVE('',#4446,(#4450,#4457),.PCURVE_S1.);
#4446 = LINE('',#4447,#4448);
#4447 = CARTESIAN_POINT('',(65.100829228712,-700.,47.080469550452));
#4448 = VECTOR('',#4449,1.);
#4449 = DIRECTION('',(-0.999918539865,0.,-1.2763762563E-02));
#4450 = PCURVE('',#173,#4451);
#4451 = DEFINITIONAL_REPRESENTATION('',(#4452),#4456);
#4452 = LINE('',#4453,#4454);
#4453 = CARTESIAN_POINT('',(88.022241608914,10.340676521526));
#4454 = VECTOR('',#4455,1.);
#4455 = DIRECTION('',(0.999933795138,-1.150675193869E-02));
#4456 = ( GEOMETRIC_REPRESENTATION_CONTEXT(2) 
PARAMETRIC_REPRESENTATION_CONTEXT() REPRESENTATION_CONTEXT('2D SPACE',''
  ) );
#4457 = PCURVE('',#4458,#4463);
#4458 = B_SPLINE_SURFACE_WITH_KNOTS('',1,1,(
    (#4459,#4460)
    ,(#4461,#4462
    )),.UNSPECIFIED.,.F.,.F.,.F.,(2,2),(2,2),(0.,5.505895594838E-03),(0.
    ,1.),.PIECEWISE_BEZIER_KNOTS.);
#4459 = CARTESIAN_POINT('',(72.04304871452,0.,17.325040087206));
#4460 = CARTESIAN_POINT('',(65.100829228712,-700.,47.080469550452));
#4461 = CARTESIAN_POINT('',(66.537601630681,0.,17.254764143137));
#4462 = CARTESIAN_POINT('',(61.797560978409,-700.,47.038303984011));
#4463 = DEFINITIONAL_REPRESENTATION('',(#4464),#4467);
#4464 = B_SPLINE_CURVE_WITH_KNOTS('',1,(#4465,#4466),.UNSPECIFIED.,.F.,
  .F.,(2,2),(0.,3.303537356903),.PIECEWISE_BEZIER_KNOTS.);
#4465 = CARTESIAN_POINT('',(0.,1.));
#4466 = CARTESIAN_POINT('',(5.505895594838E-03,1.));
#4467 = ( GEOMETRIC_REPRESENTATION_CONTEXT(2) 
PARAMETRIC_REPRESENTATION_CONTEXT() REPRESENTATION_CONTEXT('2D SPACE',''
  ) );
#4468 = ORIENTED_EDGE('',*,*,#4469,.T.);
#4469 = EDGE_CURVE('',#4443,#4470,#4472,.T.);
#4470 = VERTEX_POINT('',#4471);
#4471 = CARTESIAN_POINT('',(58.568451810602,-700.,46.942866511457));
#4472 = SURFACE_CURVE('',#4473,(#4477,#4484),.PCURVE_S1.);
#4473 = LINE('',#4474,#4475);
#4474 = CARTESIAN_POINT('',(61.797560978409,-700.,47.038303984011));
#4475 = VECTOR('',#4476,1.);
#4476 = DIRECTION('',(-0.999563526382,0.,-2.95424563425E-02));
#4477 = PCURVE('',#173,#4478);
#4478 = DEFINITIONAL_REPRESENTATION('',(#4479),#4483);
#4479 = LINE('',#4480,#4481);
#4480 = CARTESIAN_POINT('',(91.325560255583,10.302663536639));
#4481 = VECTOR('',#4482,1.);
#4482 = DIRECTION('',(0.999599874481,-2.828587874893E-02));
#4483 = ( GEOMETRIC_REPRESENTATION_CONTEXT(2) 
PARAMETRIC_REPRESENTATION_CONTEXT() REPRESENTATION_CONTEXT('2D SPACE',''
  ) );
#4484 = PCURVE('',#4485,#4490);
#4485 = B_SPLINE_SURFACE_WITH_KNOTS('',1,1,(
    (#4486,#4487)
    ,(#4488,#4489
    )),.UNSPECIFIED.,.F.,.F.,.F.,(2,2),(2,2),(0.,5.384198673687E-03),(0.
    ,1.),.PIECEWISE_BEZIER_KNOTS.);
#4486 = CARTESIAN_POINT('',(66.537601630681,0.,17.254764143137));
#4487 = CARTESIAN_POINT('',(61.797560978409,-700.,47.038303984011));
#4488 = CARTESIAN_POINT('',(61.15575301767,0.,17.09570168888));
#4489 = CARTESIAN_POINT('',(58.568451810602,-700.,46.942866511457));
#4490 = DEFINITIONAL_REPRESENTATION('',(#4491),#4494);
#4491 = B_SPLINE_CURVE_WITH_KNOTS('',1,(#4492,#4493),.UNSPECIFIED.,.F.,
  .F.,(2,2),(0.,3.230519204212),.PIECEWISE_BEZIER_KNOTS.);
#4492 = CARTESIAN_POINT('',(0.,1.));
#4493 = CARTESIAN_POINT('',(5.384198673687E-03,1.));
#4494 = ( GEOMETRIC_REPRESENTATION_CONTEXT(2) 
PARAMETRIC_REPRESENTATION_CONTEXT() REPRESENTATION_CONTEXT('2D SPACE',''
  ) );
#4495 = ORIENTED_EDGE('',*,*,#4496,.T.);
#4496 = EDGE_CURVE('',#4470,#4497,#4499,.T.);
#4497 = VERTEX_POINT('',#4498);
#4498 = CARTESIAN_POINT('',(55.423331262651,-700.,46.794673409607));
#4499 = SURFACE_CURVE('',#4500,(#4504,#4511),.PCURVE_S1.);
#4500 = LINE('',#4501,#4502);
#4501 = CARTESIAN_POINT('',(58.568451810602,-700.,46.942866511457));
#4502 = VECTOR('',#4503,1.);
#4503 = DIRECTION('',(-0.998891772363,0.,-4.706619918125E-02));
#4504 = PCURVE('',#173,#4505);
#4505 = DEFINITIONAL_REPRESENTATION('',(#4506),#4510);
#4506 = LINE('',#4507,#4508);
#4507 = CARTESIAN_POINT('',(94.554786846624,10.211285462133));
#4508 = VECTOR('',#4509,1.);
#4509 = DIRECTION('',(0.998950150142,-4.581045220517E-02));
#4510 = ( GEOMETRIC_REPRESENTATION_CONTEXT(2) 
PARAMETRIC_REPRESENTATION_CONTEXT() REPRESENTATION_CONTEXT('2D SPACE',''
  ) );
#4511 = PCURVE('',#4512,#4517);
#4512 = B_SPLINE_SURFACE_WITH_KNOTS('',1,1,(
    (#4513,#4514)
    ,(#4515,#4516
    )),.UNSPECIFIED.,.F.,.F.,.F.,(2,2),(2,2),(0.,5.247683207478E-03),(0.
    ,1.),.PIECEWISE_BEZIER_KNOTS.);
#4513 = CARTESIAN_POINT('',(61.15575301767,0.,17.09570168888));
#4514 = CARTESIAN_POINT('',(58.568451810602,-700.,46.942866511457));
#4515 = CARTESIAN_POINT('',(55.913885437752,0.,16.848713185797));
#4516 = CARTESIAN_POINT('',(55.423331262651,-700.,46.794673409607));
#4517 = DEFINITIONAL_REPRESENTATION('',(#4518),#4521);
#4518 = B_SPLINE_CURVE_WITH_KNOTS('',1,(#4519,#4520),.UNSPECIFIED.,.F.,
  .F.,(2,2),(0.,3.148609924487),.PIECEWISE_BEZIER_KNOTS.);
#4519 = CARTESIAN_POINT('',(0.,1.));
#4520 = CARTESIAN_POINT('',(5.247683207478E-03,1.));
#4521 = ( GEOMETRIC_REPRESENTATION_CONTEXT(2) 
PARAMETRIC_REPRESENTATION_CONTEXT() REPRESENTATION_CONTEXT('2D SPACE',''
  ) );
#4522 = ORIENTED_EDGE('',*,*,#4523,.T.);
#4523 = EDGE_CURVE('',#4497,#4524,#4526,.T.);
#4524 = VERTEX_POINT('',#4525);
#4525 = CARTESIAN_POINT('',(52.371773679261,-700.,46.594703739639));
#4526 = SURFACE_CURVE('',#4527,(#4531,#4538),.PCURVE_S1.);
#4527 = LINE('',#4528,#4529);
#4528 = CARTESIAN_POINT('',(55.423331262651,-700.,46.794673409607));
#4529 = VECTOR('',#4530,1.);
#4530 = DIRECTION('',(-0.99785977639,0.,-6.539011134665E-02));
#4531 = PCURVE('',#173,#4532);
#4532 = DEFINITIONAL_REPRESENTATION('',(#4533),#4537);
#4533 = LINE('',#4534,#4535);
#4534 = CARTESIAN_POINT('',(97.700091203428,10.067046217675));
#4535 = VECTOR('',#4536,1.);
#4536 = DIRECTION('',(0.997941190029,-6.413564721704E-02));
#4537 = ( GEOMETRIC_REPRESENTATION_CONTEXT(2) 
PARAMETRIC_REPRESENTATION_CONTEXT() REPRESENTATION_CONTEXT('2D SPACE',''
  ) );
#4538 = PCURVE('',#4539,#4544);
#4539 = B_SPLINE_SURFACE_WITH_KNOTS('',1,1,(
    (#4540,#4541)
    ,(#4542,#4543
    )),.UNSPECIFIED.,.F.,.F.,.F.,(2,2),(2,2),(0.,5.096837677983E-03),(0.
    ,1.),.PIECEWISE_BEZIER_KNOTS.);
#4540 = CARTESIAN_POINT('',(55.913885437752,0.,16.848713185797));
#4541 = CARTESIAN_POINT('',(55.423331262651,-700.,46.794673409607));
#4542 = CARTESIAN_POINT('',(50.827956132102,0.,16.515430402518));
#4543 = CARTESIAN_POINT('',(52.371773679261,-700.,46.594703739639));
#4544 = DEFINITIONAL_REPRESENTATION('',(#4545),#4548);
#4545 = B_SPLINE_CURVE_WITH_KNOTS('',1,(#4546,#4547),.UNSPECIFIED.,.F.,
  .F.,(2,2),(0.,3.05810260679),.PIECEWISE_BEZIER_KNOTS.);
#4546 = CARTESIAN_POINT('',(0.,1.));
#4547 = CARTESIAN_POINT('',(5.096837677983E-03,1.));
#4548 = ( GEOMETRIC_REPRESENTATION_CONTEXT(2) 
PARAMETRIC_REPRESENTATION_CONTEXT() REPRESENTATION_CONTEXT('2D SPACE',''
  ) );
#4549 = ORIENTED_EDGE('',*,*,#4550,.T.);
#4550 = EDGE_CURVE('',#4524,#4551,#4553,.T.);
#4551 = VERTEX_POINT('',#4552);
#4552 = CARTESIAN_POINT('',(49.423055960585,-700.,46.344396456669));
#4553 = SURFACE_CURVE('',#4554,(#4558,#4565),.PCURVE_S1.);
#4554 = LINE('',#4555,#4556);
#4555 = CARTESIAN_POINT('',(52.371773679261,-700.,46.594703739639));
#4556 = VECTOR('',#4557,1.);
#4557 = DIRECTION('',(-0.996416468526,0.,-8.458262971861E-02));
#4558 = PCURVE('',#173,#4559);
#4559 = DEFINITIONAL_REPRESENTATION('',(#4560),#4564);
#4560 = LINE('',#4561,#4562);
#4561 = CARTESIAN_POINT('',(100.75189775807,9.870912827732));
#4562 = VECTOR('',#4563,1.);
#4563 = DIRECTION('',(0.996522010276,-8.332996481051E-02));
#4564 = ( GEOMETRIC_REPRESENTATION_CONTEXT(2) 
PARAMETRIC_REPRESENTATION_CONTEXT() REPRESENTATION_CONTEXT('2D SPACE',''
  ) );
#4565 = PCURVE('',#4566,#4571);
#4566 = B_SPLINE_SURFACE_WITH_KNOTS('',1,1,(
    (#4567,#4568)
    ,(#4569,#4570
    )),.UNSPECIFIED.,.F.,.F.,.F.,(2,2),(2,2),(0.,4.932204240258E-03),(0.
    ,1.),.PIECEWISE_BEZIER_KNOTS.);
#4567 = CARTESIAN_POINT('',(50.827956132102,0.,16.515430402518));
#4568 = CARTESIAN_POINT('',(52.371773679261,-700.,46.594703739639));
#4569 = CARTESIAN_POINT('',(45.913426600975,0.,16.098251597567));
#4570 = CARTESIAN_POINT('',(49.423055960585,-700.,46.344396456669));
#4571 = DEFINITIONAL_REPRESENTATION('',(#4572),#4575);
#4572 = B_SPLINE_CURVE_WITH_KNOTS('',1,(#4573,#4574),.UNSPECIFIED.,.F.,
  .F.,(2,2),(0.,2.959322544155),.PIECEWISE_BEZIER_KNOTS.);
#4573 = CARTESIAN_POINT('',(0.,1.));
#4574 = CARTESIAN_POINT('',(4.932204240258E-03,1.));
#4575 = ( GEOMETRIC_REPRESENTATION_CONTEXT(2) 
PARAMETRIC_REPRESENTATION_CONTEXT() REPRESENTATION_CONTEXT('2D SPACE',''
  ) );
#4576 = ORIENTED_EDGE('',*,*,#4577,.T.);
#4577 = EDGE_CURVE('',#4551,#4578,#4580,.T.);
#4578 = VERTEX_POINT('',#4579);
#4579 = CARTESIAN_POINT('',(46.586116615137,-700.,46.045638834284));
#4580 = SURFACE_CURVE('',#4581,(#4585,#4592),.PCURVE_S1.);
#4581 = LINE('',#4582,#4583);
#4582 = CARTESIAN_POINT('',(49.423055960585,-700.,46.344396456669));
#4583 = VECTOR('',#4584,1.);
#4584 = DIRECTION('',(-0.994500618759,0.,-0.104730698877));
#4585 = PCURVE('',#173,#4586);
#4586 = DEFINITIONAL_REPRESENTATION('',(#4587),#4591);
#4587 = LINE('',#4588,#4589);
#4588 = CARTESIAN_POINT('',(103.70092780883,9.624312584265));
#4589 = VECTOR('',#4590,1.);
#4590 = DIRECTION('',(0.99463149022,-0.103480426469));
#4591 = ( GEOMETRIC_REPRESENTATION_CONTEXT(2) 
PARAMETRIC_REPRESENTATION_CONTEXT() REPRESENTATION_CONTEXT('2D SPACE',''
  ) );
#4592 = PCURVE('',#4593,#4598);
#4593 = B_SPLINE_SURFACE_WITH_KNOTS('',1,1,(
    (#4594,#4595)
    ,(#4596,#4597
    )),.UNSPECIFIED.,.F.,.F.,.F.,(2,2),(2,2),(0.,4.754378381696E-03),(0.
    ,1.),.PIECEWISE_BEZIER_KNOTS.);
#4594 = CARTESIAN_POINT('',(45.913426600975,0.,16.098251597567));
#4595 = CARTESIAN_POINT('',(49.423055960585,-700.,46.344396456669));
#4596 = CARTESIAN_POINT('',(41.185194358562,0.,15.600322226926));
#4597 = CARTESIAN_POINT('',(46.586116615137,-700.,46.045638834284));
#4598 = DEFINITIONAL_REPRESENTATION('',(#4599),#4602);
#4599 = B_SPLINE_CURVE_WITH_KNOTS('',1,(#4600,#4601),.UNSPECIFIED.,.F.,
  .F.,(2,2),(0.,2.852627029018),.PIECEWISE_BEZIER_KNOTS.);
#4600 = CARTESIAN_POINT('',(0.,1.));
#4601 = CARTESIAN_POINT('',(4.754378381696E-03,1.));
#4602 = ( GEOMETRIC_REPRESENTATION_CONTEXT(2) 
PARAMETRIC_REPRESENTATION_CONTEXT() REPRESENTATION_CONTEXT('2D SPACE',''
  ) );
#4603 = ORIENTED_EDGE('',*,*,#4604,.T.);
#4604 = EDGE_CURVE('',#4578,#4605,#4607,.T.);
#4605 = VERTEX_POINT('',#4606);
#4606 = CARTESIAN_POINT('',(43.869516789035,-700.,45.700745665116));
#4607 = SURFACE_CURVE('',#4608,(#4612,#4619),.PCURVE_S1.);
#4608 = LINE('',#4609,#4610);
#4609 = CARTESIAN_POINT('',(46.586116615137,-700.,46.045638834284));
#4610 = VECTOR('',#4611,1.);
#4611 = DIRECTION('',(-0.992037009547,0.,-0.12594670178));
#4612 = PCURVE('',#173,#4613);
#4613 = DEFINITIONAL_REPRESENTATION('',(#4614),#4618);
#4614 = LINE('',#4615,#4616);
#4615 = CARTESIAN_POINT('',(106.53824048174,9.329121522744));
#4616 = VECTOR('',#4617,1.);
#4617 = DIRECTION('',(0.992194553654,-0.124699509619));
#4618 = ( GEOMETRIC_REPRESENTATION_CONTEXT(2) 
PARAMETRIC_REPRESENTATION_CONTEXT() REPRESENTATION_CONTEXT('2D SPACE',''
  ) );
#4619 = PCURVE('',#4620,#4625);
#4620 = B_SPLINE_SURFACE_WITH_KNOTS('',1,1,(
    (#4621,#4622)
    ,(#4623,#4624
    )),.UNSPECIFIED.,.F.,.F.,.F.,(2,2),(2,2),(0.,4.564009541243E-03),(0.
    ,1.),.PIECEWISE_BEZIER_KNOTS.);
#4621 = CARTESIAN_POINT('',(41.185194358562,0.,15.600322226926));
#4622 = CARTESIAN_POINT('',(46.586116615137,-700.,46.045638834284));
#4623 = CARTESIAN_POINT('',(36.657527981725,0.,15.025500278312));
#4624 = CARTESIAN_POINT('',(43.869516789035,-700.,45.700745665116));
#4625 = DEFINITIONAL_REPRESENTATION('',(#4626),#4629);
#4626 = B_SPLINE_CURVE_WITH_KNOTS('',1,(#4627,#4628),.UNSPECIFIED.,.F.,
  .F.,(2,2),(0.,2.738405724746),.PIECEWISE_BEZIER_KNOTS.);
#4627 = CARTESIAN_POINT('',(0.,1.));
#4628 = CARTESIAN_POINT('',(4.564009541243E-03,1.));
#4629 = ( GEOMETRIC_REPRESENTATION_CONTEXT(2) 
PARAMETRIC_REPRESENTATION_CONTEXT() REPRESENTATION_CONTEXT('2D SPACE',''
  ) );
#4630 = ORIENTED_EDGE('',*,*,#4631,.T.);
#4631 = EDGE_CURVE('',#4605,#4632,#4634,.T.);
#4632 = VERTEX_POINT('',#4633);
#4633 = CARTESIAN_POINT('',(41.28140391383,-700.,45.312428981794));
#4634 = SURFACE_CURVE('',#4635,(#4639,#4646),.PCURVE_S1.);
#4635 = LINE('',#4636,#4637);
#4636 = CARTESIAN_POINT('',(43.869516789035,-700.,45.700745665116));
#4637 = VECTOR('',#4638,1.);
#4638 = DIRECTION('',(-0.988930760613,0.,-0.148377729842));
#4639 = PCURVE('',#173,#4640);
#4640 = DEFINITIONAL_REPRESENTATION('',(#4641),#4645);
#4641 = LINE('',#4642,#4643);
#4642 = CARTESIAN_POINT('',(109.25527172753,8.98764367173));
#4643 = VECTOR('',#4644,1.);
#4644 = DIRECTION('',(0.989116505286,-0.147134424831));
#4645 = ( GEOMETRIC_REPRESENTATION_CONTEXT(2) 
PARAMETRIC_REPRESENTATION_CONTEXT() REPRESENTATION_CONTEXT('2D SPACE',''
  ) );
#4646 = PCURVE('',#4647,#4652);
#4647 = B_SPLINE_SURFACE_WITH_KNOTS('',1,1,(
    (#4648,#4649)
    ,(#4650,#4651
    )),.UNSPECIFIED.,.F.,.F.,.F.,(2,2),(2,2),(0.,4.3618033036E-03),(0.,
    1.),.PIECEWISE_BEZIER_KNOTS.);
#4648 = CARTESIAN_POINT('',(36.657527981725,0.,15.025500278312));
#4649 = CARTESIAN_POINT('',(43.869516789035,-700.,45.700745665116));
#4650 = CARTESIAN_POINT('',(32.34400652305,0.,14.378305806109));
#4651 = CARTESIAN_POINT('',(41.28140391383,-700.,45.312428981794));
#4652 = DEFINITIONAL_REPRESENTATION('',(#4653),#4656);
#4653 = B_SPLINE_CURVE_WITH_KNOTS('',1,(#4654,#4655),.UNSPECIFIED.,.F.,
  .F.,(2,2),(0.,2.61708198216),.PIECEWISE_BEZIER_KNOTS.);
#4654 = CARTESIAN_POINT('',(0.,1.));
#4655 = CARTESIAN_POINT('',(4.3618033036E-03,1.));
#4656 = ( GEOMETRIC_REPRESENTATION_CONTEXT(2) 
PARAMETRIC_REPRESENTATION_CONTEXT() REPRESENTATION_CONTEXT('2D SPACE',''
  ) );
#4657 = ORIENTED_EDGE('',*,*,#4658,.T.);
#4658 = EDGE_CURVE('',#4632,#4659,#4661,.T.);
#4659 = VERTEX_POINT('',#4660);
#4660 = CARTESIAN_POINT('',(38.829478553546,-700.,44.883758352553));
#4661 = SURFACE_CURVE('',#4662,(#4666,#4673),.PCURVE_S1.);
#4662 = LINE('',#4663,#4664);
#4663 = CARTESIAN_POINT('',(41.28140391383,-700.,45.312428981794));
#4664 = VECTOR('',#4665,1.);
#4665 = DIRECTION('',(-0.985058853106,0.,-0.172218047596));
#4666 = PCURVE('',#173,#4667);
#4667 = DEFINITIONAL_REPRESENTATION('',(#4668),#4672);
#4668 = LINE('',#4669,#4670);
#4669 = CARTESIAN_POINT('',(111.84387071177,8.60258081955));
#4670 = VECTOR('',#4671,1.);
#4671 = DIRECTION('',(0.985274570572,-0.170979591135));
#4672 = ( GEOMETRIC_REPRESENTATION_CONTEXT(2) 
PARAMETRIC_REPRESENTATION_CONTEXT() REPRESENTATION_CONTEXT('2D SPACE',''
  ) );
#4673 = PCURVE('',#4674,#4679);
#4674 = B_SPLINE_SURFACE_WITH_KNOTS('',1,1,(
    (#4675,#4676)
    ,(#4677,#4678
    )),.UNSPECIFIED.,.F.,.F.,.F.,(2,2),(2,2),(0.,4.148526003553E-03),(0.
    ,1.),.PIECEWISE_BEZIER_KNOTS.);
#4675 = CARTESIAN_POINT('',(32.34400652305,0.,14.378305806109));
#4676 = CARTESIAN_POINT('',(41.28140391383,-700.,45.312428981794));
#4677 = CARTESIAN_POINT('',(28.257464255911,0.,13.663854757374));
#4678 = CARTESIAN_POINT('',(38.829478553546,-700.,44.883758352553));
#4679 = DEFINITIONAL_REPRESENTATION('',(#4680),#4683);
#4680 = B_SPLINE_CURVE_WITH_KNOTS('',1,(#4681,#4682),.UNSPECIFIED.,.F.,
  .F.,(2,2),(0.,2.489115602132),.PIECEWISE_BEZIER_KNOTS.);
#4681 = CARTESIAN_POINT('',(0.,1.));
#4682 = CARTESIAN_POINT('',(4.148526003553E-03,1.));
#4683 = ( GEOMETRIC_REPRESENTATION_CONTEXT(2) 
PARAMETRIC_REPRESENTATION_CONTEXT() REPRESENTATION_CONTEXT('2D SPACE',''
  ) );
#4684 = ORIENTED_EDGE('',*,*,#4685,.T.);
#4685 = EDGE_CURVE('',#4659,#4686,#4688,.T.);
#4686 = VERTEX_POINT('',#4687);
#4687 = CARTESIAN_POINT('',(36.520964939867,-700.,44.418112130036));
#4688 = SURFACE_CURVE('',#4689,(#4693,#4700),.PCURVE_S1.);
#4689 = LINE('',#4690,#4691);
#4690 = CARTESIAN_POINT('',(38.829478553546,-700.,44.883758352553));
#4691 = VECTOR('',#4692,1.);
#4692 = DIRECTION('',(-0.980257331349,0.,-0.197725982958));
#4693 = PCURVE('',#173,#4694);
#4694 = DEFINITIONAL_REPRESENTATION('',(#4695),#4699);
#4695 = LINE('',#4696,#4697);
#4696 = CARTESIAN_POINT('',(114.29633301777,8.176992851611));
#4697 = VECTOR('',#4698,1.);
#4698 = DIRECTION('',(0.980505118709,-0.196493542348));
#4699 = ( GEOMETRIC_REPRESENTATION_CONTEXT(2) 
PARAMETRIC_REPRESENTATION_CONTEXT() REPRESENTATION_CONTEXT('2D SPACE',''
  ) );
#4700 = PCURVE('',#4701,#4706);
#4701 = B_SPLINE_SURFACE_WITH_KNOTS('',1,1,(
    (#4702,#4703)
    ,(#4704,#4705
    )),.UNSPECIFIED.,.F.,.F.,.F.,(2,2),(2,2),(0.,3.925012918977E-03),(0.
    ,1.),.PIECEWISE_BEZIER_KNOTS.);
#4702 = CARTESIAN_POINT('',(28.257464255911,0.,13.663854757374));
#4703 = CARTESIAN_POINT('',(38.829478553546,-700.,44.883758352553));
#4704 = CARTESIAN_POINT('',(24.409941566444,0.,12.887777719846));
#4705 = CARTESIAN_POINT('',(36.520964939867,-700.,44.418112130036));
#4706 = DEFINITIONAL_REPRESENTATION('',(#4707),#4710);
#4707 = B_SPLINE_CURVE_WITH_KNOTS('',1,(#4708,#4709),.UNSPECIFIED.,.F.,
  .F.,(2,2),(0.,2.355007751386),.PIECEWISE_BEZIER_KNOTS.);
#4708 = CARTESIAN_POINT('',(0.,1.));
#4709 = CARTESIAN_POINT('',(3.925012918977E-03,1.));
#4710 = ( GEOMETRIC_REPRESENTATION_CONTEXT(2) 
PARAMETRIC_REPRESENTATION_CONTEXT() REPRESENTATION_CONTEXT('2D SPACE',''
  ) );
#4711 = ORIENTED_EDGE('',*,*,#4712,.T.);
#4712 = EDGE_CURVE('',#4686,#4713,#4715,.T.);
#4713 = VERTEX_POINT('',#4714);
#4714 = CARTESIAN_POINT('',(34.36258556712,-700.,43.919120357494));
#4715 = SURFACE_CURVE('',#4716,(#4720,#4727),.PCURVE_S1.);
#4716 = LINE('',#4717,#4718);
#4717 = CARTESIAN_POINT('',(36.520964939867,-700.,44.418112130036));
#4718 = VECTOR('',#4719,1.);
#4719 = DIRECTION('',(-0.974301687899,0.,-0.225247022083));
#4720 = PCURVE('',#173,#4721);
#4721 = DEFINITIONAL_REPRESENTATION('',(#4722),#4726);
#4722 = LINE('',#4723,#4724);
#4723 = CARTESIAN_POINT('',(116.6054301726,7.714249036283));
#4724 = VECTOR('',#4725,1.);
#4725 = DIRECTION('',(0.974584076745,-0.224022046584));
#4726 = ( GEOMETRIC_REPRESENTATION_CONTEXT(2) 
PARAMETRIC_REPRESENTATION_CONTEXT() REPRESENTATION_CONTEXT('2D SPACE',''
  ) );
#4727 = PCURVE('',#4728,#4733);
#4728 = B_SPLINE_SURFACE_WITH_KNOTS('',1,1,(
    (#4729,#4730)
    ,(#4731,#4732
    )),.UNSPECIFIED.,.F.,.F.,.F.,(2,2),(2,2),(0.,3.69218179467E-03),(0.,
    1.),.PIECEWISE_BEZIER_KNOTS.);
#4729 = CARTESIAN_POINT('',(24.409941566444,0.,12.887777719846));
#4730 = CARTESIAN_POINT('',(36.520964939867,-700.,44.418112130036));
#4731 = CARTESIAN_POINT('',(20.812642611867,0.,12.056124765608));
#4732 = CARTESIAN_POINT('',(34.36258556712,-700.,43.919120357494));
#4733 = DEFINITIONAL_REPRESENTATION('',(#4734),#4737);
#4734 = B_SPLINE_CURVE_WITH_KNOTS('',1,(#4735,#4736),.UNSPECIFIED.,.F.,
  .F.,(2,2),(0.,2.215309076802),.PIECEWISE_BEZIER_KNOTS.);
#4735 = CARTESIAN_POINT('',(0.,1.));
#4736 = CARTESIAN_POINT('',(3.69218179467E-03,1.));
#4737 = ( GEOMETRIC_REPRESENTATION_CONTEXT(2) 
PARAMETRIC_REPRESENTATION_CONTEXT() REPRESENTATION_CONTEXT('2D SPACE',''
  ) );
#4738 = ORIENTED_EDGE('',*,*,#4739,.T.);
#4739 = EDGE_CURVE('',#4713,#4740,#4742,.T.);
#4740 = VERTEX_POINT('',#4741);
#4741 = CARTESIAN_POINT('',(32.360540081741,-700.,43.390600350524));
#4742 = SURFACE_CURVE('',#4743,(#4747,#4754),.PCURVE_S1.);
#4743 = LINE('',#4744,#4745);
#4744 = CARTESIAN_POINT('',(34.36258556712,-700.,43.919120357494));
#4745 = VECTOR('',#4746,1.);
#4746 = DIRECTION('',(-0.966876233008,0.,-0.255245666065));
#4747 = PCURVE('',#173,#4748);
#4748 = DEFINITIONAL_REPRESENTATION('',(#4749),#4753);
#4749 = LINE('',#4750,#4751);
#4750 = CARTESIAN_POINT('',(118.76443512392,7.217970963082));
#4751 = VECTOR('',#4752,1.);
#4752 = DIRECTION('',(0.967196339104,-0.254030001424));
#4753 = ( GEOMETRIC_REPRESENTATION_CONTEXT(2) 
PARAMETRIC_REPRESENTATION_CONTEXT() REPRESENTATION_CONTEXT('2D SPACE',''
  ) );
#4754 = PCURVE('',#4755,#4760);
#4755 = B_SPLINE_SURFACE_WITH_KNOTS('',1,1,(
    (#4756,#4757)
    ,(#4758,#4759
    )),.UNSPECIFIED.,.F.,.F.,.F.,(2,2),(2,2),(0.,3.451054397368E-03),(0.
    ,1.),.PIECEWISE_BEZIER_KNOTS.);
#4756 = CARTESIAN_POINT('',(20.812642611867,0.,12.056124765608));
#4757 = CARTESIAN_POINT('',(34.36258556712,-700.,43.919120357494));
#4758 = CARTESIAN_POINT('',(17.475900136236,0.,11.175258087325));
#4759 = CARTESIAN_POINT('',(32.360540081741,-700.,43.390600350524));
#4760 = DEFINITIONAL_REPRESENTATION('',(#4761),#4764);
#4761 = B_SPLINE_CURVE_WITH_KNOTS('',1,(#4762,#4763),.UNSPECIFIED.,.F.,
  .F.,(2,2),(0.,2.070632638421),.PIECEWISE_BEZIER_KNOTS.);
#4762 = CARTESIAN_POINT('',(0.,1.));
#4763 = CARTESIAN_POINT('',(3.451054397368E-03,1.));
#4764 = ( GEOMETRIC_REPRESENTATION_CONTEXT(2) 
PARAMETRIC_REPRESENTATION_CONTEXT() REPRESENTATION_CONTEXT('2D SPACE',''
  ) );
#4765 = ORIENTED_EDGE('',*,*,#4766,.T.);
#4766 = EDGE_CURVE('',#4740,#4767,#4769,.T.);
#4767 = VERTEX_POINT('',#4768);
#4768 = CARTESIAN_POINT('',(30.52048855165,-700.,42.836486261978));
#4769 = SURFACE_CURVE('',#4770,(#4774,#4781),.PCURVE_S1.);
#4770 = LINE('',#4771,#4772);
#4771 = CARTESIAN_POINT('',(32.360540081741,-700.,43.390600350524));
#4772 = VECTOR('',#4773,1.);
#4773 = DIRECTION('',(-0.957525187661,0.,-0.288349640184));
#4774 = PCURVE('',#173,#4775);
#4775 = DEFINITIONAL_REPRESENTATION('',(#4776),#4780);
#4776 = LINE('',#4777,#4778);
#4777 = CARTESIAN_POINT('',(120.76714343143,6.691968150996));
#4778 = VECTOR('',#4779,1.);
#4779 = DIRECTION('',(0.95788691625,-0.287145704612));
#4780 = ( GEOMETRIC_REPRESENTATION_CONTEXT(2) 
PARAMETRIC_REPRESENTATION_CONTEXT() REPRESENTATION_CONTEXT('2D SPACE',''
  ) );
#4781 = PCURVE('',#4782,#4787);
#4782 = B_SPLINE_SURFACE_WITH_KNOTS('',1,1,(
    (#4783,#4784)
    ,(#4785,#4786
    )),.UNSPECIFIED.,.F.,.F.,.F.,(2,2),(2,2),(0.,3.202790474517E-03),(0.
    ,1.),.PIECEWISE_BEZIER_KNOTS.);
#4783 = CARTESIAN_POINT('',(17.475900136236,0.,11.175258087325));
#4784 = CARTESIAN_POINT('',(32.360540081741,-700.,43.390600350524));
#4785 = CARTESIAN_POINT('',(14.409147586083,0.,10.251734606415));
#4786 = CARTESIAN_POINT('',(30.52048855165,-700.,42.836486261978));
#4787 = DEFINITIONAL_REPRESENTATION('',(#4788),#4791);
#4788 = B_SPLINE_CURVE_WITH_KNOTS('',1,(#4789,#4790),.UNSPECIFIED.,.F.,
  .F.,(2,2),(0.,1.92167428471),.PIECEWISE_BEZIER_KNOTS.);
#4789 = CARTESIAN_POINT('',(0.,1.));
#4790 = CARTESIAN_POINT('',(3.202790474517E-03,1.));
#4791 = ( GEOMETRIC_REPRESENTATION_CONTEXT(2) 
PARAMETRIC_REPRESENTATION_CONTEXT() REPRESENTATION_CONTEXT('2D SPACE',''
  ) );
#4792 = ORIENTED_EDGE('',*,*,#4793,.T.);
#4793 = EDGE_CURVE('',#4767,#4794,#4796,.T.);
#4794 = VERTEX_POINT('',#4795);
#4795 = CARTESIAN_POINT('',(28.847539047756,-700.,42.260754190977));
#4796 = SURFACE_CURVE('',#4797,(#4801,#4808),.PCURVE_S1.);
#4797 = LINE('',#4798,#4799);
#4798 = CARTESIAN_POINT('',(30.52048855165,-700.,42.836486261978));
#4799 = VECTOR('',#4800,1.);
#4800 = DIRECTION('',(-0.945572610589,0.,-0.325411183128));
#4801 = PCURVE('',#173,#4802);
#4802 = DEFINITIONAL_REPRESENTATION('',(#4803),#4807);
#4803 = LINE('',#4804,#4805);
#4804 = CARTESIAN_POINT('',(122.60789008605,6.140167634478));
#4805 = VECTOR('',#4806,1.);
#4806 = DIRECTION('',(0.945980938796,-0.324222243891));
#4807 = ( GEOMETRIC_REPRESENTATION_CONTEXT(2) 
PARAMETRIC_REPRESENTATION_CONTEXT() REPRESENTATION_CONTEXT('2D SPACE',''
  ) );
#4808 = PCURVE('',#4809,#4814);
#4809 = B_SPLINE_SURFACE_WITH_KNOTS('',1,1,(
    (#4810,#4811)
    ,(#4812,#4813
    )),.UNSPECIFIED.,.F.,.F.,.F.,(2,2),(2,2),(0.,2.948741473615E-03),(0.
    ,1.),.PIECEWISE_BEZIER_KNOTS.);
#4810 = CARTESIAN_POINT('',(14.409147586083,0.,10.251734606415));
#4811 = CARTESIAN_POINT('',(30.52048855165,-700.,42.836486261978));
#4812 = CARTESIAN_POINT('',(11.620898412926,0.,9.292181154747));
#4813 = CARTESIAN_POINT('',(28.847539047756,-700.,42.260754190977));
#4814 = DEFINITIONAL_REPRESENTATION('',(#4815),#4818);
#4815 = B_SPLINE_CURVE_WITH_KNOTS('',1,(#4816,#4817),.UNSPECIFIED.,.F.,
  .F.,(2,2),(0.,1.769244884169),.PIECEWISE_BEZIER_KNOTS.);
#4816 = CARTESIAN_POINT('',(0.,1.));
#4817 = CARTESIAN_POINT('',(2.948741473615E-03,1.));
#4818 = ( GEOMETRIC_REPRESENTATION_CONTEXT(2) 
PARAMETRIC_REPRESENTATION_CONTEXT() REPRESENTATION_CONTEXT('2D SPACE',''
  ) );
#4819 = ORIENTED_EDGE('',*,*,#4820,.T.);
#4820 = EDGE_CURVE('',#4794,#4821,#4823,.T.);
#4821 = VERTEX_POINT('',#4822);
#4822 = CARTESIAN_POINT('',(27.3462393211,-700.,41.667344603789));
#4823 = SURFACE_CURVE('',#4824,(#4828,#4835),.PCURVE_S1.);
#4824 = LINE('',#4825,#4826);
#4825 = CARTESIAN_POINT('',(28.847539047756,-700.,42.260754190977));
#4826 = VECTOR('',#4827,1.);
#4827 = DIRECTION('',(-0.929987724738,0.,-0.367590576371));
#4828 = PCURVE('',#173,#4829);
#4829 = DEFINITIONAL_REPRESENTATION('',(#4830),#4834);
#4830 = LINE('',#4831,#4832);
#4831 = CARTESIAN_POINT('',(124.28156202254,5.566539088139));
#4832 = VECTOR('',#4833,1.);
#4833 = DIRECTION('',(0.9304490891,-0.366421195612));
#4834 = ( GEOMETRIC_REPRESENTATION_CONTEXT(2) 
PARAMETRIC_REPRESENTATION_CONTEXT() REPRESENTATION_CONTEXT('2D SPACE',''
  ) );
#4835 = PCURVE('',#4836,#4841);
#4836 = B_SPLINE_SURFACE_WITH_KNOTS('',1,1,(
    (#4837,#4838)
    ,(#4839,#4840
    )),.UNSPECIFIED.,.F.,.F.,.F.,(2,2),(2,2),(0.,2.690536815201E-03),(0.
    ,1.),.PIECEWISE_BEZIER_KNOTS.);
#4837 = CARTESIAN_POINT('',(11.620898412926,0.,9.292181154747));
#4838 = CARTESIAN_POINT('',(28.847539047756,-700.,42.260754190977));
#4839 = CARTESIAN_POINT('',(9.118732201834,0.,8.303165176101));
#4840 = CARTESIAN_POINT('',(27.3462393211,-700.,41.667344603789));
#4841 = DEFINITIONAL_REPRESENTATION('',(#4842),#4845);
#4842 = B_SPLINE_CURVE_WITH_KNOTS('',1,(#4843,#4844),.UNSPECIFIED.,.F.,
  .F.,(2,2),(0.,1.61432208912),.PIECEWISE_BEZIER_KNOTS.);
#4843 = CARTESIAN_POINT('',(0.,1.));
#4844 = CARTESIAN_POINT('',(2.690536815201E-03,1.));
#4845 = ( GEOMETRIC_REPRESENTATION_CONTEXT(2) 
PARAMETRIC_REPRESENTATION_CONTEXT() REPRESENTATION_CONTEXT('2D SPACE',''
  ) );
#4846 = ORIENTED_EDGE('',*,*,#4847,.T.);
#4847 = EDGE_CURVE('',#4821,#4848,#4850,.T.);
#4848 = VERTEX_POINT('',#4849);
#4849 = CARTESIAN_POINT('',(26.020572223511,-700.,41.060083986011));
#4850 = SURFACE_CURVE('',#4851,(#4855,#4862),.PCURVE_S1.);
#4851 = LINE('',#4852,#4853);
#4852 = CARTESIAN_POINT('',(27.3462393211,-700.,41.667344603789));
#4853 = VECTOR('',#4854,1.);
#4854 = DIRECTION('',(-0.909152290737,0.,-0.416463818655));
#4855 = PCURVE('',#173,#4856);
#4856 = DEFINITIONAL_REPRESENTATION('',(#4857),#4861);
#4857 = LINE('',#4858,#4859);
#4858 = CARTESIAN_POINT('',(125.78360653987,4.975017258141));
#4859 = VECTOR('',#4860,1.);
#4860 = DIRECTION('',(0.909675110258,-0.415320591564));
#4861 = ( GEOMETRIC_REPRESENTATION_CONTEXT(2) 
PARAMETRIC_REPRESENTATION_CONTEXT() REPRESENTATION_CONTEXT('2D SPACE',''
  ) );
#4862 = PCURVE('',#4863,#4868);
#4863 = B_SPLINE_SURFACE_WITH_KNOTS('',1,1,(
    (#4864,#4865)
    ,(#4866,#4867
    )),.UNSPECIFIED.,.F.,.F.,.F.,(2,2),(2,2),(0.,2.430225590544E-03),(0.
    ,1.),.PIECEWISE_BEZIER_KNOTS.);
#4864 = CARTESIAN_POINT('',(9.118732201834,0.,8.303165176101));
#4865 = CARTESIAN_POINT('',(27.3462393211,-700.,41.667344603789));
#4866 = CARTESIAN_POINT('',(6.909287039184,0.,7.29106414647));
#4867 = CARTESIAN_POINT('',(26.020572223511,-700.,41.060083986011));
#4868 = DEFINITIONAL_REPRESENTATION('',(#4869),#4872);
#4869 = B_SPLINE_CURVE_WITH_KNOTS('',1,(#4870,#4871),.UNSPECIFIED.,.F.,
  .F.,(2,2),(0.,1.458135354326),.PIECEWISE_BEZIER_KNOTS.);
#4870 = CARTESIAN_POINT('',(0.,1.));
#4871 = CARTESIAN_POINT('',(2.430225590544E-03,1.));
#4872 = ( GEOMETRIC_REPRESENTATION_CONTEXT(2) 
PARAMETRIC_REPRESENTATION_CONTEXT() REPRESENTATION_CONTEXT('2D SPACE',''
  ) );
#4873 = ORIENTED_EDGE('',*,*,#4874,.T.);
#4874 = EDGE_CURVE('',#4848,#4875,#4877,.T.);
#4875 = VERTEX_POINT('',#4876);
#4876 = CARTESIAN_POINT('',(24.873954404743,-700.,40.442607735798));
#4877 = SURFACE_CURVE('',#4878,(#4882,#4889),.PCURVE_S1.);
#4878 = LINE('',#4879,#4880);
#4879 = CARTESIAN_POINT('',(26.020572223511,-700.,41.060083986011));
#4880 = VECTOR('',#4881,1.);
#4881 = DIRECTION('',(-0.88044973384,0.,-0.47413950076));
#4882 = PCURVE('',#173,#4883);
#4883 = DEFINITIONAL_REPRESENTATION('',(#4884),#4888);
#4884 = LINE('',#4885,#4886);
#4885 = CARTESIAN_POINT('',(127.11003597909,4.369423620202));
#4886 = VECTOR('',#4887,1.);
#4887 = DIRECTION('',(0.881045080311,-0.473032310165));
#4888 = ( GEOMETRIC_REPRESENTATION_CONTEXT(2) 
PARAMETRIC_REPRESENTATION_CONTEXT() REPRESENTATION_CONTEXT('2D SPACE',''
  ) );
#4889 = PCURVE('',#4890,#4895);
#4890 = B_SPLINE_SURFACE_WITH_KNOTS('',1,1,(
    (#4891,#4892)
    ,(#4893,#4894
    )),.UNSPECIFIED.,.F.,.F.,.F.,(2,2),(2,2),(0.,2.170515390595E-03),(0.
    ,1.),.PIECEWISE_BEZIER_KNOTS.);
#4891 = CARTESIAN_POINT('',(6.909287039184,0.,7.29106414647));
#4892 = CARTESIAN_POINT('',(26.020572223511,-700.,41.060083986011));
#4893 = CARTESIAN_POINT('',(4.998257341239,0.,6.261937062782));
#4894 = CARTESIAN_POINT('',(24.873954404743,-700.,40.442607735798));
#4895 = DEFINITIONAL_REPRESENTATION('',(#4896),#4899);
#4896 = B_SPLINE_CURVE_WITH_KNOTS('',1,(#4897,#4898),.UNSPECIFIED.,.F.,
  .F.,(2,2),(0.,1.302309234357),.PIECEWISE_BEZIER_KNOTS.);
#4897 = CARTESIAN_POINT('',(0.,1.));
#4898 = CARTESIAN_POINT('',(2.170515390595E-03,1.));
#4899 = ( GEOMETRIC_REPRESENTATION_CONTEXT(2) 
PARAMETRIC_REPRESENTATION_CONTEXT() REPRESENTATION_CONTEXT('2D SPACE',''
  ) );
#4900 = ORIENTED_EDGE('',*,*,#4901,.T.);
#4901 = EDGE_CURVE('',#4875,#4902,#4904,.T.);
#4902 = VERTEX_POINT('',#4903);
#4903 = CARTESIAN_POINT('',(23.909237731561,-700.,39.818286332529));
#4904 = SURFACE_CURVE('',#4905,(#4909,#4916),.PCURVE_S1.);
#4905 = LINE('',#4906,#4907);
#4906 = CARTESIAN_POINT('',(24.873954404743,-700.,40.442607735798));
#4907 = VECTOR('',#4908,1.);
#4908 = DIRECTION('',(-0.839533255088,0.,-0.543308304374));
#4909 = PCURVE('',#173,#4910);
#4910 = DEFINITIONAL_REPRESENTATION('',(#4911),#4915);
#4911 = LINE('',#4912,#4913);
#4912 = CARTESIAN_POINT('',(128.25742912306,3.753389274524));
#4913 = VECTOR('',#4914,1.);
#4914 = DIRECTION('',(0.840215586195,-0.542252495351));
#4915 = ( GEOMETRIC_REPRESENTATION_CONTEXT(2) 
PARAMETRIC_REPRESENTATION_CONTEXT() REPRESENTATION_CONTEXT('2D SPACE',''
  ) );
#4916 = PCURVE('',#4917,#4922);
#4917 = B_SPLINE_SURFACE_WITH_KNOTS('',1,1,(
    (#4918,#4919)
    ,(#4920,#4921
    )),.UNSPECIFIED.,.F.,.F.,.F.,(2,2),(2,2),(0.,1.915184553114E-03),(0.
    ,1.),.PIECEWISE_BEZIER_KNOTS.);
#4918 = CARTESIAN_POINT('',(4.998257341239,0.,6.261937062782));
#4919 = CARTESIAN_POINT('',(24.873954404743,-700.,40.442607735798));
#4920 = CARTESIAN_POINT('',(3.390396219269,0.,5.221401390666));
#4921 = CARTESIAN_POINT('',(23.909237731561,-700.,39.818286332529));
#4922 = DEFINITIONAL_REPRESENTATION('',(#4923),#4926);
#4923 = B_SPLINE_CURVE_WITH_KNOTS('',1,(#4924,#4925),.UNSPECIFIED.,.F.,
  .F.,(2,2),(0.,1.149110731869),.PIECEWISE_BEZIER_KNOTS.);
#4924 = CARTESIAN_POINT('',(0.,1.));
#4925 = CARTESIAN_POINT('',(1.915184553114E-03,1.));
#4926 = ( GEOMETRIC_REPRESENTATION_CONTEXT(2) 
PARAMETRIC_REPRESENTATION_CONTEXT() REPRESENTATION_CONTEXT('2D SPACE',''
  ) );
#4927 = ORIENTED_EDGE('',*,*,#4928,.T.);
#4928 = EDGE_CURVE('',#4902,#4929,#4931,.T.);
#4929 = VERTEX_POINT('',#4930);
#4930 = CARTESIAN_POINT('',(23.128712818977,-700.,39.190156772755));
#4931 = SURFACE_CURVE('',#4932,(#4936,#4943),.PCURVE_S1.);
#4932 = LINE('',#4933,#4934);
#4933 = CARTESIAN_POINT('',(23.909237731561,-700.,39.818286332529));
#4934 = VECTOR('',#4935,1.);
#4935 = DIRECTION('',(-0.77905936783,0.,-0.626950158622));
#4936 = PCURVE('',#173,#4937);
#4937 = DEFINITIONAL_REPRESENTATION('',(#4938),#4942);
#4938 = LINE('',#4939,#4940);
#4939 = CARTESIAN_POINT('',(129.22292987024,3.130281112734));
#4940 = VECTOR('',#4941,1.);
#4941 = DIRECTION('',(0.779846893143,-0.625970305411));
#4942 = ( GEOMETRIC_REPRESENTATION_CONTEXT(2) 
PARAMETRIC_REPRESENTATION_CONTEXT() REPRESENTATION_CONTEXT('2D SPACE',''
  ) );
#4943 = PCURVE('',#4944,#4949);
#4944 = B_SPLINE_SURFACE_WITH_KNOTS('',1,1,(
    (#4945,#4946)
    ,(#4947,#4948
    )),.UNSPECIFIED.,.F.,.F.,.F.,(2,2),(2,2),(0.,1.669801953514E-03),(0.
    ,1.),.PIECEWISE_BEZIER_KNOTS.);
#4945 = CARTESIAN_POINT('',(3.390396219269,0.,5.221401390666));
#4946 = CARTESIAN_POINT('',(23.909237731561,-700.,39.818286332529));
#4947 = CARTESIAN_POINT('',(2.089521364962,0.,4.174518791044));
#4948 = CARTESIAN_POINT('',(23.128712818977,-700.,39.190156772755));
#4949 = DEFINITIONAL_REPRESENTATION('',(#4950),#4953);
#4950 = B_SPLINE_CURVE_WITH_KNOTS('',1,(#4951,#4952),.UNSPECIFIED.,.F.,
  .F.,(2,2),(0.,1.001881172108),.PIECEWISE_BEZIER_KNOTS.);
#4951 = CARTESIAN_POINT('',(0.,1.));
#4952 = CARTESIAN_POINT('',(1.669801953514E-03,1.));
#4953 = ( GEOMETRIC_REPRESENTATION_CONTEXT(2) 
PARAMETRIC_REPRESENTATION_CONTEXT() REPRESENTATION_CONTEXT('2D SPACE',''
  ) );
#4954 = ORIENTED_EDGE('',*,*,#4955,.T.);
#4955 = EDGE_CURVE('',#4929,#4956,#4958,.T.);
#4956 = VERTEX_POINT('',#4957);
#4957 = CARTESIAN_POINT('',(22.53411404416,-700.,38.560861156337));
#4958 = SURFACE_CURVE('',#4959,(#4963,#4970),.PCURVE_S1.);
#4959 = LINE('',#4960,#4961);
#4960 = CARTESIAN_POINT('',(23.128712818977,-700.,39.190156772755));
#4961 = VECTOR('',#4962,1.);
#4962 = DIRECTION('',(-0.686784702266,0.,-0.726860903291));
#4963 = PCURVE('',#173,#4964);
#4964 = DEFINITIONAL_REPRESENTATION('',(#4965),#4969);
#4965 = LINE('',#4966,#4967);
#4966 = CARTESIAN_POINT('',(130.00424378961,2.503133249444));
#4967 = VECTOR('',#4968,1.);
#4968 = DIRECTION('',(0.687697898581,-0.725996969888));
#4969 = ( GEOMETRIC_REPRESENTATION_CONTEXT(2) 
PARAMETRIC_REPRESENTATION_CONTEXT() REPRESENTATION_CONTEXT('2D SPACE',''
  ) );
#4970 = PCURVE('',#4971,#4976);
#4971 = B_SPLINE_SURFACE_WITH_KNOTS('',1,1,(
    (#4972,#4973)
    ,(#4974,#4975
    )),.UNSPECIFIED.,.F.,.F.,.F.,(2,2),(2,2),(0.,1.442952871196E-03),(0.
    ,1.),.PIECEWISE_BEZIER_KNOTS.);
#4972 = CARTESIAN_POINT('',(2.089521364962,0.,4.174518791044));
#4973 = CARTESIAN_POINT('',(23.128712818977,-700.,39.190156772755));
#4974 = CARTESIAN_POINT('',(1.098523406933,0.,3.12569276368));
#4975 = CARTESIAN_POINT('',(22.53411404416,-700.,38.560861156337));
#4976 = DEFINITIONAL_REPRESENTATION('',(#4977),#4980);
#4977 = B_SPLINE_CURVE_WITH_KNOTS('',1,(#4978,#4979),.UNSPECIFIED.,.F.,
  .F.,(2,2),(0.,0.865771722718),.PIECEWISE_BEZIER_KNOTS.);
#4978 = CARTESIAN_POINT('',(0.,1.));
#4979 = CARTESIAN_POINT('',(1.442952871196E-03,1.));
#4980 = ( GEOMETRIC_REPRESENTATION_CONTEXT(2) 
PARAMETRIC_REPRESENTATION_CONTEXT() REPRESENTATION_CONTEXT('2D SPACE',''
  ) );
#4981 = ORIENTED_EDGE('',*,*,#4982,.T.);
#4982 = EDGE_CURVE('',#4956,#4983,#4985,.T.);
#4983 = VERTEX_POINT('',#4984);
#4984 = CARTESIAN_POINT('',(22.12662543026,-700.,37.932594133515));
#4985 = SURFACE_CURVE('',#4986,(#4990,#4997),.PCURVE_S1.);
#4986 = LINE('',#4987,#4988);
#4987 = CARTESIAN_POINT('',(22.53411404416,-700.,38.560861156337));
#4988 = VECTOR('',#4989,1.);
#4989 = DIRECTION('',(-0.544157322423,0.,-0.838983199148));
#4990 = PCURVE('',#173,#4991);
#4991 = DEFINITIONAL_REPRESENTATION('',(#4992),#4996);
#4992 = LINE('',#4993,#4994);
#4993 = CARTESIAN_POINT('',(130.59963318398,1.874585602136));
#4994 = VECTOR('',#4995,1.);
#4995 = DIRECTION('',(0.545211580704,-0.838298474451));
#4996 = ( GEOMETRIC_REPRESENTATION_CONTEXT(2) 
PARAMETRIC_REPRESENTATION_CONTEXT() REPRESENTATION_CONTEXT('2D SPACE',''
  ) );
#4997 = PCURVE('',#4998,#5003);
#4998 = B_SPLINE_SURFACE_WITH_KNOTS('',1,1,(
    (#4999,#5000)
    ,(#5001,#5002
    )),.UNSPECIFIED.,.F.,.F.,.F.,(2,2),(2,2),(0.,1.248072316307E-03),(0.
    ,1.),.PIECEWISE_BEZIER_KNOTS.);
#4999 = CARTESIAN_POINT('',(1.098523406933,0.,3.12569276368));
#5000 = CARTESIAN_POINT('',(22.53411404416,-700.,38.560861156337));
#5001 = CARTESIAN_POINT('',(0.419375717101,0.,2.078581058976));
#5002 = CARTESIAN_POINT('',(22.12662543026,-700.,37.932594133515));
#5003 = DEFINITIONAL_REPRESENTATION('',(#5004),#5007);
#5004 = B_SPLINE_CURVE_WITH_KNOTS('',1,(#5005,#5006),.UNSPECIFIED.,.F.,
  .F.,(2,2),(0.,0.748843389784),.PIECEWISE_BEZIER_KNOTS.);
#5005 = CARTESIAN_POINT('',(0.,1.));
#5006 = CARTESIAN_POINT('',(1.248072316307E-03,1.));
#5007 = ( GEOMETRIC_REPRESENTATION_CONTEXT(2) 
PARAMETRIC_REPRESENTATION_CONTEXT() REPRESENTATION_CONTEXT('2D SPACE',''
  ) );
#5008 = ORIENTED_EDGE('',*,*,#5009,.T.);
#5009 = EDGE_CURVE('',#4983,#5010,#5012,.T.);
#5010 = VERTEX_POINT('',#5011);
#5011 = CARTESIAN_POINT('',(21.906886839592,-700.,37.307060693871));
#5012 = SURFACE_CURVE('',#5013,(#5017,#5024),.PCURVE_S1.);
#5013 = LINE('',#5014,#5015);
#5014 = CARTESIAN_POINT('',(22.12662543026,-700.,37.932594133515));
#5015 = VECTOR('',#5016,1.);
#5016 = DIRECTION('',(-0.331427689345,0.,-0.943480623402));
#5017 = PCURVE('',#173,#5018);
#5018 = DEFINITIONAL_REPRESENTATION('',(#5019),#5023);
#5019 = LINE('',#5020,#5021);
#5020 = CARTESIAN_POINT('',(131.00791127222,1.246831330877));
#5021 = VECTOR('',#5022,1.);
#5022 = DIRECTION('',(0.332613479734,-0.943063239183));
#5023 = ( GEOMETRIC_REPRESENTATION_CONTEXT(2) 
PARAMETRIC_REPRESENTATION_CONTEXT() REPRESENTATION_CONTEXT('2D SPACE',''
  ) );
#5024 = PCURVE('',#5025,#5030);
#5025 = B_SPLINE_SURFACE_WITH_KNOTS('',1,1,(
    (#5026,#5027)
    ,(#5028,#5029
    )),.UNSPECIFIED.,.F.,.F.,.F.,(2,2),(2,2),(0.,1.105010221599E-03),(0.
    ,1.),.PIECEWISE_BEZIER_KNOTS.);
#5026 = CARTESIAN_POINT('',(0.419375717101,0.,2.078581058976));
#5027 = CARTESIAN_POINT('',(22.12662543026,-700.,37.932594133515));
#5028 = CARTESIAN_POINT('',(5.314473265355E-02,0.,1.036025326236));
#5029 = CARTESIAN_POINT('',(21.906886839592,-700.,37.307060693871));
#5030 = DEFINITIONAL_REPRESENTATION('',(#5031),#5034);
#5031 = B_SPLINE_CURVE_WITH_KNOTS('',1,(#5032,#5033),.UNSPECIFIED.,.F.,
  .F.,(2,2),(0.,0.663006132959),.PIECEWISE_BEZIER_KNOTS.);
#5032 = CARTESIAN_POINT('',(0.,1.));
#5033 = CARTESIAN_POINT('',(1.105010221599E-03,1.));
#5034 = ( GEOMETRIC_REPRESENTATION_CONTEXT(2) 
PARAMETRIC_REPRESENTATION_CONTEXT() REPRESENTATION_CONTEXT('2D SPACE',''
  ) );
#5035 = ORIENTED_EDGE('',*,*,#5036,.T.);
#5036 = EDGE_CURVE('',#5010,#5037,#5039,.T.);
#5037 = VERTEX_POINT('',#5038);
#5038 = CARTESIAN_POINT('',(21.875,-700.,36.685445498129));
#5039 = SURFACE_CURVE('',#5040,(#5044,#5051),.PCURVE_S1.);
#5040 = LINE('',#5041,#5042);
#5041 = CARTESIAN_POINT('',(21.906886839592,-700.,37.307060693871));
#5042 = VECTOR('',#5043,1.);
#5043 = DIRECTION('',(-5.122939336216E-02,0.,-0.998686912529));
#5044 = PCURVE('',#173,#5045);
#5045 = DEFINITIONAL_REPRESENTATION('',(#5046),#5050);
#5046 = LINE('',#5047,#5048);
#5047 = CARTESIAN_POINT('',(131.22843604919,0.62157461953));
#5048 = VECTOR('',#5049,1.);
#5049 = DIRECTION('',(5.248480513966E-02,-0.998621722791));
#5050 = ( GEOMETRIC_REPRESENTATION_CONTEXT(2) 
PARAMETRIC_REPRESENTATION_CONTEXT() REPRESENTATION_CONTEXT('2D SPACE',''
  ) );
#5051 = PCURVE('',#5052,#5057);
#5052 = B_SPLINE_SURFACE_WITH_KNOTS('',1,1,(
    (#5053,#5054)
    ,(#5055,#5056
    )),.UNSPECIFIED.,.F.,.F.,.F.,(2,2),(2,2),(0.,1.037387506775E-03),(0.
    ,1.),.PIECEWISE_BEZIER_KNOTS.);
#5053 = CARTESIAN_POINT('',(5.314473265355E-02,0.,1.036025326236));
#5054 = CARTESIAN_POINT('',(21.906886839592,-700.,37.307060693871));
#5055 = CARTESIAN_POINT('',(1.109592231547E-17,0.,1.873733110261E-16));
#5056 = CARTESIAN_POINT('',(21.875,-700.,36.685445498129));
#5057 = DEFINITIONAL_REPRESENTATION('',(#5058),#5061);
#5058 = B_SPLINE_CURVE_WITH_KNOTS('',1,(#5059,#5060),.UNSPECIFIED.,.F.,
  .F.,(2,2),(0.,0.622432504065),.PIECEWISE_BEZIER_KNOTS.);
#5059 = CARTESIAN_POINT('',(0.,1.));
#5060 = CARTESIAN_POINT('',(1.037387506775E-03,1.));
#5061 = ( GEOMETRIC_REPRESENTATION_CONTEXT(2) 
PARAMETRIC_REPRESENTATION_CONTEXT() REPRESENTATION_CONTEXT('2D SPACE',''
  ) );
#5062 = ORIENTED_EDGE('',*,*,#5063,.T.);
#5063 = EDGE_CURVE('',#5037,#5064,#5066,.T.);
#5064 = VERTEX_POINT('',#5065);
#5065 = CARTESIAN_POINT('',(22.029134352833,-700.,36.08241594359));
#5066 = SURFACE_CURVE('',#5067,(#5071,#5078),.PCURVE_S1.);
#5067 = LINE('',#5068,#5069);
#5068 = CARTESIAN_POINT('',(21.875,-700.,36.685445498129));
#5069 = VECTOR('',#5070,1.);
#5070 = DIRECTION('',(0.247638685637,0.,-0.968852455937));
#5071 = PCURVE('',#173,#5072);
#5072 = DEFINITIONAL_REPRESENTATION('',(#5073),#5077);
#5073 = LINE('',#5074,#5075);
#5074 = CARTESIAN_POINT('',(131.26110429788,1.799868049641E-15));
#5075 = VECTOR('',#5076,1.);
#5076 = DIRECTION('',(-0.246420542691,-0.969162997715));
#5077 = ( GEOMETRIC_REPRESENTATION_CONTEXT(2) 
PARAMETRIC_REPRESENTATION_CONTEXT() REPRESENTATION_CONTEXT('2D SPACE',''
  ) );
#5078 = PCURVE('',#5079,#5084);
#5079 = B_SPLINE_SURFACE_WITH_KNOTS('',1,1,(
    (#5080,#5081)
    ,(#5082,#5083
    )),.UNSPECIFIED.,.F.,.F.,.F.,(2,2),(2,2),(0.,1.037360489109E-03),(0.
    ,1.),.PIECEWISE_BEZIER_KNOTS.);
#5080 = CARTESIAN_POINT('',(0.,0.,0.));
#5081 = CARTESIAN_POINT('',(21.875,-700.,36.685445498129));
#5082 = CARTESIAN_POINT('',(0.256890588055,0.,-1.005049257566));
#5083 = CARTESIAN_POINT('',(22.029134352833,-700.,36.08241594359));
#5084 = DEFINITIONAL_REPRESENTATION('',(#5085),#5088);
#5085 = B_SPLINE_CURVE_WITH_KNOTS('',1,(#5086,#5087),.UNSPECIFIED.,.F.,
  .F.,(2,2),(0.,0.622416293465),.PIECEWISE_BEZIER_KNOTS.);
#5086 = CARTESIAN_POINT('',(0.,1.));
#5087 = CARTESIAN_POINT('',(1.037360489109E-03,1.));
#5088 = ( GEOMETRIC_REPRESENTATION_CONTEXT(2) 
PARAMETRIC_REPRESENTATION_CONTEXT() REPRESENTATION_CONTEXT('2D SPACE',''
  ) );
#5089 = ORIENTED_EDGE('',*,*,#5090,.T.);
#5090 = EDGE_CURVE('',#5064,#5091,#5093,.T.);
#5091 = VERTEX_POINT('',#5092);
#5092 = CARTESIAN_POINT('',(22.366932042159,-700.,35.512389334883));
#5093 = SURFACE_CURVE('',#5094,(#5098,#5105),.PCURVE_S1.);
#5094 = LINE('',#5095,#5096);
#5095 = CARTESIAN_POINT('',(22.029134352833,-700.,36.08241594359));
#5096 = VECTOR('',#5097,1.);
#5097 = DIRECTION('',(0.509807018365,0.,-0.860288791061));
#5098 = PCURVE('',#173,#5099);
#5099 = DEFINITIONAL_REPRESENTATION('',(#5100),#5104);
#5100 = LINE('',#5101,#5102);
#5101 = CARTESIAN_POINT('',(131.10772813706,-0.603222840802));
#5102 = VECTOR('',#5103,1.);
#5103 = DIRECTION('',(-0.508725143968,-0.860928991203));
#5104 = ( GEOMETRIC_REPRESENTATION_CONTEXT(2) 
PARAMETRIC_REPRESENTATION_CONTEXT() REPRESENTATION_CONTEXT('2D SPACE',''
  ) );
#5105 = PCURVE('',#5106,#5111);
#5106 = B_SPLINE_SURFACE_WITH_KNOTS('',1,1,(
    (#5107,#5108)
    ,(#5109,#5110
    )),.UNSPECIFIED.,.F.,.F.,.F.,(2,2),(2,2),(0.,1.104331891472E-03),(0.
    ,1.),.PIECEWISE_BEZIER_KNOTS.);
#5107 = CARTESIAN_POINT('',(0.256890588055,0.,-1.005049257566));
#5108 = CARTESIAN_POINT('',(22.029134352833,-700.,36.08241594359));
#5109 = CARTESIAN_POINT('',(0.819886736932,0.,-1.95509360541));
#5110 = CARTESIAN_POINT('',(22.366932042159,-700.,35.512389334883));
#5111 = DEFINITIONAL_REPRESENTATION('',(#5112),#5115);
#5112 = B_SPLINE_CURVE_WITH_KNOTS('',1,(#5113,#5114),.UNSPECIFIED.,.F.,
  .F.,(2,2),(0.,0.662599134883),.PIECEWISE_BEZIER_KNOTS.);
#5113 = CARTESIAN_POINT('',(0.,1.));
#5114 = CARTESIAN_POINT('',(1.104331891472E-03,1.));
#5115 = ( GEOMETRIC_REPRESENTATION_CONTEXT(2) 
PARAMETRIC_REPRESENTATION_CONTEXT() REPRESENTATION_CONTEXT('2D SPACE',''
  ) );
#5116 = ORIENTED_EDGE('',*,*,#5117,.T.);
#5117 = EDGE_CURVE('',#5091,#5118,#5120,.T.);
#5118 = VERTEX_POINT('',#5119);
#5119 = CARTESIAN_POINT('',(22.886914398664,-700.,34.975803000367));
#5120 = SURFACE_CURVE('',#5121,(#5125,#5132),.PCURVE_S1.);
#5121 = LINE('',#5122,#5123);
#5122 = CARTESIAN_POINT('',(22.366932042159,-700.,35.512389334883));
#5123 = VECTOR('',#5124,1.);
#5124 = DIRECTION('',(0.695908671495,0.,-0.718130295238));
#5125 = PCURVE('',#173,#5126);
#5126 = DEFINITIONAL_REPRESENTATION('',(#5127),#5131);
#5127 = LINE('',#5128,#5129);
#5128 = CARTESIAN_POINT('',(130.77064729677,-1.173673645569));
#5129 = VECTOR('',#5130,1.);
#5130 = DIRECTION('',(-0.695005357912,-0.719004556643));
#5131 = ( GEOMETRIC_REPRESENTATION_CONTEXT(2) 
PARAMETRIC_REPRESENTATION_CONTEXT() REPRESENTATION_CONTEXT('2D SPACE',''
  ) );
#5132 = PCURVE('',#5133,#5138);
#5133 = B_SPLINE_SURFACE_WITH_KNOTS('',1,1,(
    (#5134,#5135)
    ,(#5136,#5137
    )),.UNSPECIFIED.,.F.,.F.,.F.,(2,2),(2,2),(0.,1.245331889571E-03),(0.
    ,1.),.PIECEWISE_BEZIER_KNOTS.);
#5134 = CARTESIAN_POINT('',(0.819886736932,0.,-1.95509360541));
#5135 = CARTESIAN_POINT('',(22.366932042159,-700.,35.512389334883));
#5136 = CARTESIAN_POINT('',(1.686523997773,0.,-2.849404162937));
#5137 = CARTESIAN_POINT('',(22.886914398664,-700.,34.975803000367));
#5138 = DEFINITIONAL_REPRESENTATION('',(#5139),#5142);
#5139 = B_SPLINE_CURVE_WITH_KNOTS('',1,(#5140,#5141),.UNSPECIFIED.,.F.,
  .F.,(2,2),(0.,0.747199133742),.PIECEWISE_BEZIER_KNOTS.);
#5140 = CARTESIAN_POINT('',(0.,1.));
#5141 = CARTESIAN_POINT('',(1.245331889571E-03,1.));
#5142 = ( GEOMETRIC_REPRESENTATION_CONTEXT(2) 
PARAMETRIC_REPRESENTATION_CONTEXT() REPRESENTATION_CONTEXT('2D SPACE',''
  ) );
#5143 = ORIENTED_EDGE('',*,*,#5144,.T.);
#5144 = EDGE_CURVE('',#5118,#5145,#5147,.T.);
#5145 = VERTEX_POINT('',#5146);
#5146 = CARTESIAN_POINT('',(23.587092267428,-700.,34.473126160805));
#5147 = SURFACE_CURVE('',#5148,(#5152,#5159),.PCURVE_S1.);
#5148 = LINE('',#5149,#5150);
#5149 = CARTESIAN_POINT('',(22.886914398664,-700.,34.975803000367));
#5150 = VECTOR('',#5151,1.);
#5151 = DIRECTION('',(0.812331958105,0.,-0.583195327348));
#5152 = PCURVE('',#173,#5153);
#5153 = DEFINITIONAL_REPRESENTATION('',(#5154),#5158);
#5154 = LINE('',#5155,#5156);
#5155 = CARTESIAN_POINT('',(130.2513398954,-1.710913227449));
#5156 = VECTOR('',#5157,1.);
#5157 = DIRECTION('',(-0.811598179676,-0.584216051429));
#5158 = ( GEOMETRIC_REPRESENTATION_CONTEXT(2) 
PARAMETRIC_REPRESENTATION_CONTEXT() REPRESENTATION_CONTEXT('2D SPACE',''
  ) );
#5159 = PCURVE('',#5160,#5165);
#5160 = B_SPLINE_SURFACE_WITH_KNOTS('',1,1,(
    (#5161,#5162)
    ,(#5163,#5164
    )),.UNSPECIFIED.,.F.,.F.,.F.,(2,2),(2,2),(0.,1.436559405257E-03),(0.
    ,1.),.PIECEWISE_BEZIER_KNOTS.);
#5161 = CARTESIAN_POINT('',(1.686523997773,0.,-2.849404162937));
#5162 = CARTESIAN_POINT('',(22.886914398664,-700.,34.975803000367));
#5163 = CARTESIAN_POINT('',(2.85348711238,0.,-3.68719889554));
#5164 = CARTESIAN_POINT('',(23.587092267428,-700.,34.473126160805));
#5165 = DEFINITIONAL_REPRESENTATION('',(#5166),#5169);
#5166 = B_SPLINE_CURVE_WITH_KNOTS('',1,(#5167,#5168),.UNSPECIFIED.,.F.,
  .F.,(2,2),(0.,0.861935643154),.PIECEWISE_BEZIER_KNOTS.);
#5167 = CARTESIAN_POINT('',(0.,1.));
#5168 = CARTESIAN_POINT('',(1.436559405257E-03,1.));
#5169 = ( GEOMETRIC_REPRESENTATION_CONTEXT(2) 
PARAMETRIC_REPRESENTATION_CONTEXT() REPRESENTATION_CONTEXT('2D SPACE',''
  ) );
#5170 = ORIENTED_EDGE('',*,*,#5171,.T.);
#5171 = EDGE_CURVE('',#5145,#5172,#5174,.T.);
#5172 = VERTEX_POINT('',#5173);
#5173 = CARTESIAN_POINT('',(24.464979486534,-700.,34.00484382131));
#5174 = SURFACE_CURVE('',#5175,(#5179,#5186),.PCURVE_S1.);
#5175 = LINE('',#5176,#5177);
#5176 = CARTESIAN_POINT('',(23.587092267428,-700.,34.473126160805));
#5177 = VECTOR('',#5178,1.);
#5178 = DIRECTION('',(0.882321296715,0.,-0.470647563855));
#5179 = PCURVE('',#173,#5180);
#5180 = DEFINITIONAL_REPRESENTATION('',(#5181),#5185);
#5181 = LINE('',#5182,#5183);
#5182 = CARTESIAN_POINT('',(129.55179449641,-2.214469865478));
#5183 = VECTOR('',#5184,1.);
#5184 = DIRECTION('',(-0.881728947108,-0.47175636067));
#5185 = ( GEOMETRIC_REPRESENTATION_CONTEXT(2) 
PARAMETRIC_REPRESENTATION_CONTEXT() REPRESENTATION_CONTEXT('2D SPACE',''
  ) );
#5186 = PCURVE('',#5187,#5192);
#5187 = B_SPLINE_SURFACE_WITH_KNOTS('',1,1,(
    (#5188,#5189)
    ,(#5190,#5191
    )),.UNSPECIFIED.,.F.,.F.,.F.,(2,2),(2,2),(0.,1.658290886351E-03),(0.
    ,1.),.PIECEWISE_BEZIER_KNOTS.);
#5188 = CARTESIAN_POINT('',(2.85348711238,0.,-3.68719889554));
#5189 = CARTESIAN_POINT('',(23.587092267428,-700.,34.473126160805));
#5190 = CARTESIAN_POINT('',(4.316632477556,0.,-4.467669461365));
#5191 = CARTESIAN_POINT('',(24.464979486534,-700.,34.00484382131));
#5192 = DEFINITIONAL_REPRESENTATION('',(#5193),#5196);
#5193 = B_SPLINE_CURVE_WITH_KNOTS('',1,(#5194,#5195),.UNSPECIFIED.,.F.,
  .F.,(2,2),(0.,0.994974531811),.PIECEWISE_BEZIER_KNOTS.);
#5194 = CARTESIAN_POINT('',(0.,1.));
#5195 = CARTESIAN_POINT('',(1.658290886351E-03,1.));
#5196 = ( GEOMETRIC_REPRESENTATION_CONTEXT(2) 
PARAMETRIC_REPRESENTATION_CONTEXT() REPRESENTATION_CONTEXT('2D SPACE',''
  ) );
#5197 = ORIENTED_EDGE('',*,*,#5198,.T.);
#5198 = EDGE_CURVE('',#5172,#5199,#5201,.T.);
#5199 = VERTEX_POINT('',#5200);
#5200 = CARTESIAN_POINT('',(25.517609483782,-700.,33.571434710795));
#5201 = SURFACE_CURVE('',#5202,(#5206,#5213),.PCURVE_S1.);
#5202 = LINE('',#5203,#5204);
#5203 = CARTESIAN_POINT('',(24.464979486534,-700.,34.00484382131));
#5204 = VECTOR('',#5205,1.);
#5205 = DIRECTION('',(0.924686377845,0.,-0.380729697591));
#5206 = PCURVE('',#173,#5207);
#5207 = DEFINITIONAL_REPRESENTATION('',(#5208),#5212);
#5208 = LINE('',#5209,#5210);
#5209 = CARTESIAN_POINT('',(128.67449665008,-2.683855429564));
#5210 = VECTOR('',#5211,1.);
#5211 = DIRECTION('',(-0.924207030777,-0.381891822722));
#5212 = ( GEOMETRIC_REPRESENTATION_CONTEXT(2) 
PARAMETRIC_REPRESENTATION_CONTEXT() REPRESENTATION_CONTEXT('2D SPACE',''
  ) );
#5213 = PCURVE('',#5214,#5219);
#5214 = B_SPLINE_SURFACE_WITH_KNOTS('',1,1,(
    (#5215,#5216)
    ,(#5217,#5218
    )),.UNSPECIFIED.,.F.,.F.,.F.,(2,2),(2,2),(0.,1.897273898243E-03),(0.
    ,1.),.PIECEWISE_BEZIER_KNOTS.);
#5215 = CARTESIAN_POINT('',(4.316632477556,0.,-4.467669461365));
#5216 = CARTESIAN_POINT('',(24.464979486534,-700.,34.00484382131));
#5217 = CARTESIAN_POINT('',(6.071015806303,0.,-5.190017978889));
#5218 = CARTESIAN_POINT('',(25.517609483782,-700.,33.571434710795));
#5219 = DEFINITIONAL_REPRESENTATION('',(#5220),#5223);
#5220 = B_SPLINE_CURVE_WITH_KNOTS('',1,(#5221,#5222),.UNSPECIFIED.,.F.,
  .F.,(2,2),(0.,1.138364338946),.PIECEWISE_BEZIER_KNOTS.);
#5221 = CARTESIAN_POINT('',(0.,1.));
#5222 = CARTESIAN_POINT('',(1.897273898243E-03,1.));
#5223 = ( GEOMETRIC_REPRESENTATION_CONTEXT(2) 
PARAMETRIC_REPRESENTATION_CONTEXT() REPRESENTATION_CONTEXT('2D SPACE',''
  ) );
#5224 = ORIENTED_EDGE('',*,*,#5225,.T.);
#5225 = EDGE_CURVE('',#5199,#5226,#5228,.T.);
#5226 = VERTEX_POINT('',#5227);
#5227 = CARTESIAN_POINT('',(26.74155448587,-700.,33.173344239363));
#5228 = SURFACE_CURVE('',#5229,(#5233,#5240),.PCURVE_S1.);
#5229 = LINE('',#5230,#5231);
#5230 = CARTESIAN_POINT('',(25.517609483782,-700.,33.571434710795));
#5231 = VECTOR('',#5232,1.);
#5232 = DIRECTION('',(0.95096362089,0.,-0.309302750948));
#5233 = PCURVE('',#173,#5234);
#5234 = DEFINITIONAL_REPRESENTATION('',(#5235),#5239);
#5235 = LINE('',#5236,#5237);
#5236 = CARTESIAN_POINT('',(127.62241232444,-3.118587461886));
#5237 = VECTOR('',#5238,1.);
#5238 = DIRECTION('',(-0.950574044083,-0.310497965718));
#5239 = ( GEOMETRIC_REPRESENTATION_CONTEXT(2) 
PARAMETRIC_REPRESENTATION_CONTEXT() REPRESENTATION_CONTEXT('2D SPACE',''
  ) );
#5240 = PCURVE('',#5241,#5246);
#5241 = B_SPLINE_SURFACE_WITH_KNOTS('',1,1,(
    (#5242,#5243)
    ,(#5244,#5245
    )),.UNSPECIFIED.,.F.,.F.,.F.,(2,2),(2,2),(0.,2.145096081494E-03),(0.
    ,1.),.PIECEWISE_BEZIER_KNOTS.);
#5242 = CARTESIAN_POINT('',(6.071015806303,0.,-5.190017978889));
#5243 = CARTESIAN_POINT('',(25.517609483782,-700.,33.571434710795));
#5244 = CARTESIAN_POINT('',(8.110924143117,0.,-5.853502097944));
#5245 = CARTESIAN_POINT('',(26.74155448587,-700.,33.173344239363));
#5246 = DEFINITIONAL_REPRESENTATION('',(#5247),#5250);
#5247 = B_SPLINE_CURVE_WITH_KNOTS('',1,(#5248,#5249),.UNSPECIFIED.,.F.,
  .F.,(2,2),(0.,1.287057648896),.PIECEWISE_BEZIER_KNOTS.);
#5248 = CARTESIAN_POINT('',(0.,1.));
#5249 = CARTESIAN_POINT('',(2.145096081494E-03,1.));
#5250 = ( GEOMETRIC_REPRESENTATION_CONTEXT(2) 
PARAMETRIC_REPRESENTATION_CONTEXT() REPRESENTATION_CONTEXT('2D SPACE',''
  ) );
#5251 = ORIENTED_EDGE('',*,*,#5252,.T.);
#5252 = EDGE_CURVE('',#5226,#5253,#5255,.T.);
#5253 = VERTEX_POINT('',#5254);
#5254 = CARTESIAN_POINT('',(28.132946741692,-700.,32.810953662702));
#5255 = SURFACE_CURVE('',#5256,(#5260,#5267),.PCURVE_S1.);
#5256 = LINE('',#5257,#5258);
#5257 = CARTESIAN_POINT('',(26.74155448587,-700.,33.173344239363));
#5258 = VECTOR('',#5259,1.);
#5259 = DIRECTION('',(0.967715949317,0.,-0.25204333246));
#5260 = PCURVE('',#173,#5261);
#5261 = DEFINITIONAL_REPRESENTATION('',(#5262),#5266);
#5262 = LINE('',#5263,#5264);
#5263 = CARTESIAN_POINT('',(126.39896873016,-3.51821624363));
#5264 = VECTOR('',#5265,1.);
#5265 = DIRECTION('',(-0.967398340257,-0.253259651875));
#5266 = ( GEOMETRIC_REPRESENTATION_CONTEXT(2) 
PARAMETRIC_REPRESENTATION_CONTEXT() REPRESENTATION_CONTEXT('2D SPACE',''
  ) );
#5267 = PCURVE('',#5268,#5273);
#5268 = B_SPLINE_SURFACE_WITH_KNOTS('',1,1,(
    (#5269,#5270)
    ,(#5271,#5272
    )),.UNSPECIFIED.,.F.,.F.,.F.,(2,2),(2,2),(0.,2.396351010515E-03),(0.
    ,1.),.PIECEWISE_BEZIER_KNOTS.);
#5269 = CARTESIAN_POINT('',(8.110924143117,0.,-5.853502097944));
#5270 = CARTESIAN_POINT('',(26.74155448587,-700.,33.173344239363));
#5271 = CARTESIAN_POINT('',(10.429911236154,0.,-6.457486392378));
#5272 = CARTESIAN_POINT('',(28.132946741692,-700.,32.810953662702));
#5273 = DEFINITIONAL_REPRESENTATION('',(#5274),#5277);
#5274 = B_SPLINE_CURVE_WITH_KNOTS('',1,(#5275,#5276),.UNSPECIFIED.,.F.,
  .F.,(2,2),(0.,1.437810606309),.PIECEWISE_BEZIER_KNOTS.);
#5275 = CARTESIAN_POINT('',(0.,1.));
#5276 = CARTESIAN_POINT('',(2.396351010515E-03,1.));
#5277 = ( GEOMETRIC_REPRESENTATION_CONTEXT(2) 
PARAMETRIC_REPRESENTATION_CONTEXT() REPRESENTATION_CONTEXT('2D SPACE',''
  ) );
#5278 = ORIENTED_EDGE('',*,*,#5279,.T.);
#5279 = EDGE_CURVE('',#5253,#5280,#5282,.T.);
#5280 = VERTEX_POINT('',#5281);
#5281 = CARTESIAN_POINT('',(29.687501101069,-700.,32.484546814352));
#5282 = SURFACE_CURVE('',#5283,(#5287,#5294),.PCURVE_S1.);
#5283 = LINE('',#5284,#5285);
#5284 = CARTESIAN_POINT('',(28.132946741692,-700.,32.810953662702));
#5285 = VECTOR('',#5286,1.);
#5286 = DIRECTION('',(0.978659772345,0.,-0.205487347529));
#5287 = PCURVE('',#173,#5288);
#5288 = DEFINITIONAL_REPRESENTATION('',(#5289),#5293);
#5289 = LINE('',#5290,#5291);
#5290 = CARTESIAN_POINT('',(125.00803313601,-3.882355657245));
#5291 = VECTOR('',#5292,1.);
#5292 = DIRECTION('',(-0.978400680303,-0.206717461242));
#5293 = ( GEOMETRIC_REPRESENTATION_CONTEXT(2) 
PARAMETRIC_REPRESENTATION_CONTEXT() REPRESENTATION_CONTEXT('2D SPACE',''
  ) );
#5294 = PCURVE('',#5295,#5300);
#5295 = B_SPLINE_SURFACE_WITH_KNOTS('',1,1,(
    (#5296,#5297)
    ,(#5298,#5299
    )),.UNSPECIFIED.,.F.,.F.,.F.,(2,2),(2,2),(0.,2.647420488213E-03),(0.
    ,1.),.PIECEWISE_BEZIER_KNOTS.);
#5296 = CARTESIAN_POINT('',(10.429911236154,0.,-6.457486392378));
#5297 = CARTESIAN_POINT('',(28.132946741692,-700.,32.810953662702));
#5298 = CARTESIAN_POINT('',(13.020835168449,0.,-7.001497806294));
#5299 = CARTESIAN_POINT('',(29.687501101069,-700.,32.484546814352));
#5300 = DEFINITIONAL_REPRESENTATION('',(#5301),#5304);
#5301 = B_SPLINE_CURVE_WITH_KNOTS('',1,(#5302,#5303),.UNSPECIFIED.,.F.,
  .F.,(2,2),(0.,1.588452292928),.PIECEWISE_BEZIER_KNOTS.);
#5302 = CARTESIAN_POINT('',(0.,1.));
#5303 = CARTESIAN_POINT('',(2.647420488213E-03,1.));
#5304 = ( GEOMETRIC_REPRESENTATION_CONTEXT(2) 
PARAMETRIC_REPRESENTATION_CONTEXT() REPRESENTATION_CONTEXT('2D SPACE',''
  ) );
#5305 = ORIENTED_EDGE('',*,*,#5306,.T.);
#5306 = EDGE_CURVE('',#5280,#5307,#5309,.T.);
#5307 = VERTEX_POINT('',#5308);
#5308 = CARTESIAN_POINT('',(31.400538265413,-700.,32.194275884755));
#5309 = SURFACE_CURVE('',#5310,(#5314,#5321),.PCURVE_S1.);
#5310 = LINE('',#5311,#5312);
#5311 = CARTESIAN_POINT('',(29.687501101069,-700.,32.484546814352));
#5312 = VECTOR('',#5313,1.);
#5313 = DIRECTION('',(0.985945607411,0.,-0.1670666311));
#5314 = PCURVE('',#173,#5315);
#5315 = DEFINITIONAL_REPRESENTATION('',(#5316),#5320);
#5316 = LINE('',#5317,#5318);
#5317 = CARTESIAN_POINT('',(123.45389033199,-4.210716482543));
#5318 = VECTOR('',#5319,1.);
#5319 = DIRECTION('',(-0.985734808408,-0.168305934216));
#5320 = ( GEOMETRIC_REPRESENTATION_CONTEXT(2) 
PARAMETRIC_REPRESENTATION_CONTEXT() REPRESENTATION_CONTEXT('2D SPACE',''
  ) );
#5321 = PCURVE('',#5322,#5327);
#5322 = B_SPLINE_SURFACE_WITH_KNOTS('',1,1,(
    (#5323,#5324)
    ,(#5325,#5326
    )),.UNSPECIFIED.,.F.,.F.,.F.,(2,2),(2,2),(0.,2.895760089718E-03),(0.
    ,1.),.PIECEWISE_BEZIER_KNOTS.);
#5323 = CARTESIAN_POINT('',(13.020835168449,0.,-7.001497806294));
#5324 = CARTESIAN_POINT('',(29.687501101069,-700.,32.484546814352));
#5325 = CARTESIAN_POINT('',(15.875897109022,0.,-7.485282688957));
#5326 = CARTESIAN_POINT('',(31.400538265413,-700.,32.194275884755));
#5327 = DEFINITIONAL_REPRESENTATION('',(#5328),#5331);
#5328 = B_SPLINE_CURVE_WITH_KNOTS('',1,(#5329,#5330),.UNSPECIFIED.,.F.,
  .F.,(2,2),(0.,1.737456053831),.PIECEWISE_BEZIER_KNOTS.);
#5329 = CARTESIAN_POINT('',(0.,1.));
#5330 = CARTESIAN_POINT('',(2.895760089718E-03,1.));
#5331 = ( GEOMETRIC_REPRESENTATION_CONTEXT(2) 
PARAMETRIC_REPRESENTATION_CONTEXT() REPRESENTATION_CONTEXT('2D SPACE',''
  ) );
#5332 = ORIENTED_EDGE('',*,*,#5333,.T.);
#5333 = EDGE_CURVE('',#5307,#5334,#5336,.T.);
#5334 = VERTEX_POINT('',#5335);
#5335 = CARTESIAN_POINT('',(33.267008038679,-700.,31.940127785508));
#5336 = SURFACE_CURVE('',#5337,(#5341,#5348),.PCURVE_S1.);
#5337 = LINE('',#5338,#5339);
#5338 = CARTESIAN_POINT('',(31.400538265413,-700.,32.194275884755));
#5339 = VECTOR('',#5340,1.);
#5340 = DIRECTION('',(0.990856481133,0.,-0.134920101527));
#5341 = PCURVE('',#173,#5342);
#5342 = DEFINITIONAL_REPRESENTATION('',(#5343),#5347);
#5343 = LINE('',#5344,#5345);
#5344 = CARTESIAN_POINT('',(121.74121942164,-4.503140646842));
#5345 = VECTOR('',#5346,1.);
#5346 = DIRECTION('',(-0.990686089747,-0.136165603518));
#5347 = ( GEOMETRIC_REPRESENTATION_CONTEXT(2) 
PARAMETRIC_REPRESENTATION_CONTEXT() REPRESENTATION_CONTEXT('2D SPACE',''
  ) );
#5348 = PCURVE('',#5349,#5354);
#5349 = B_SPLINE_SURFACE_WITH_KNOTS('',1,1,(
    (#5350,#5351)
    ,(#5352,#5353
    )),.UNSPECIFIED.,.F.,.F.,.F.,(2,2),(2,2),(0.,3.139488931722E-03),(0.
    ,1.),.PIECEWISE_BEZIER_KNOTS.);
#5350 = CARTESIAN_POINT('',(15.875897109022,0.,-7.485282688957));
#5351 = CARTESIAN_POINT('',(31.400538265413,-700.,32.194275884755));
#5352 = CARTESIAN_POINT('',(18.986680064464,0.,-7.908862854368));
#5353 = CARTESIAN_POINT('',(33.267008038679,-700.,31.940127785508));
#5354 = DEFINITIONAL_REPRESENTATION('',(#5355),#5358);
#5355 = B_SPLINE_CURVE_WITH_KNOTS('',1,(#5356,#5357),.UNSPECIFIED.,.F.,
  .F.,(2,2),(0.,1.883693359033),.PIECEWISE_BEZIER_KNOTS.);
#5356 = CARTESIAN_POINT('',(0.,1.));
#5357 = CARTESIAN_POINT('',(3.139488931722E-03,1.));
#5358 = ( GEOMETRIC_REPRESENTATION_CONTEXT(2) 
PARAMETRIC_REPRESENTATION_CONTEXT() REPRESENTATION_CONTEXT('2D SPACE',''
  ) );
#5359 = ORIENTED_EDGE('',*,*,#5360,.T.);
#5360 = EDGE_CURVE('',#5334,#5361,#5363,.T.);
#5361 = VERTEX_POINT('',#5362);
#5362 = CARTESIAN_POINT('',(35.281511954441,-700.,31.721892635465));
#5363 = SURFACE_CURVE('',#5364,(#5368,#5375),.PCURVE_S1.);
#5364 = LINE('',#5365,#5366);
#5365 = CARTESIAN_POINT('',(33.267008038679,-700.,31.940127785508));
#5366 = VECTOR('',#5367,1.);
#5367 = DIRECTION('',(0.994183242135,0.,-0.10770181548));
#5368 = PCURVE('',#173,#5369);
#5369 = DEFINITIONAL_REPRESENTATION('',(#5370),#5374);
#5370 = LINE('',#5371,#5372);
#5371 = CARTESIAN_POINT('',(119.8750706135,-4.759634889917));
#5372 = VECTOR('',#5373,1.);
#5373 = DIRECTION('',(-0.994047064308,-0.108951521058));
#5374 = ( GEOMETRIC_REPRESENTATION_CONTEXT(2) 
PARAMETRIC_REPRESENTATION_CONTEXT() REPRESENTATION_CONTEXT('2D SPACE',''
  ) );
#5375 = PCURVE('',#5376,#5381);
#5376 = B_SPLINE_SURFACE_WITH_KNOTS('',1,1,(
    (#5377,#5378)
    ,(#5379,#5380
    )),.UNSPECIFIED.,.F.,.F.,.F.,(2,2),(2,2),(0.,3.377150593546E-03),(0.
    ,1.),.PIECEWISE_BEZIER_KNOTS.);
#5377 = CARTESIAN_POINT('',(18.986680064464,0.,-7.908862854368));
#5378 = CARTESIAN_POINT('',(33.267008038679,-700.,31.940127785508));
#5379 = CARTESIAN_POINT('',(22.344186590734,0.,-8.27258810444));
#5380 = CARTESIAN_POINT('',(35.281511954441,-700.,31.721892635465));
#5381 = DEFINITIONAL_REPRESENTATION('',(#5382),#5385);
#5382 = B_SPLINE_CURVE_WITH_KNOTS('',1,(#5383,#5384),.UNSPECIFIED.,.F.,
  .F.,(2,2),(0.,2.026290356127),.PIECEWISE_BEZIER_KNOTS.);
#5383 = CARTESIAN_POINT('',(0.,1.));
#5384 = CARTESIAN_POINT('',(3.377150593546E-03,1.));
#5385 = ( GEOMETRIC_REPRESENTATION_CONTEXT(2) 
PARAMETRIC_REPRESENTATION_CONTEXT() REPRESENTATION_CONTEXT('2D SPACE',''
  ) );
#5386 = ORIENTED_EDGE('',*,*,#5387,.T.);
#5387 = EDGE_CURVE('',#5361,#5388,#5390,.T.);
#5388 = VERTEX_POINT('',#5389);
#5389 = CARTESIAN_POINT('',(37.438324734958,-700.,31.539135841962));
#5390 = SURFACE_CURVE('',#5391,(#5395,#5402),.PCURVE_S1.);
#5391 = LINE('',#5392,#5393);
#5392 = CARTESIAN_POINT('',(35.281511954441,-700.,31.721892635465));
#5393 = VECTOR('',#5394,1.);
#5394 = DIRECTION('',(0.99642923586,0.,-8.443209060273E-02));
#5395 = PCURVE('',#173,#5396);
#5396 = DEFINITIONAL_REPRESENTATION('',(#5397),#5401);
#5397 = LINE('',#5398,#5399);
#5398 = CARTESIAN_POINT('',(117.86084263356,-4.980402306322));
#5399 = VECTOR('',#5400,1.);
#5400 = DIRECTION('',(-0.996322308698,-8.568463801299E-02));
#5401 = ( GEOMETRIC_REPRESENTATION_CONTEXT(2) 
PARAMETRIC_REPRESENTATION_CONTEXT() REPRESENTATION_CONTEXT('2D SPACE',''
  ) );
#5402 = PCURVE('',#5403,#5408);
#5403 = B_SPLINE_SURFACE_WITH_KNOTS('',1,1,(
    (#5404,#5405)
    ,(#5406,#5407
    )),.UNSPECIFIED.,.F.,.F.,.F.,(2,2),(2,2),(0.,3.607569748219E-03),(0.
    ,1.),.PIECEWISE_BEZIER_KNOTS.);
#5404 = CARTESIAN_POINT('',(22.344186590734,0.,-8.27258810444));
#5405 = CARTESIAN_POINT('',(35.281511954441,-700.,31.721892635465));
#5406 = CARTESIAN_POINT('',(25.938874558264,0.,-8.577182760277));
#5407 = CARTESIAN_POINT('',(37.438324734958,-700.,31.539135841962));
#5408 = DEFINITIONAL_REPRESENTATION('',(#5409),#5412);
#5409 = B_SPLINE_CURVE_WITH_KNOTS('',1,(#5410,#5411),.UNSPECIFIED.,.F.,
  .F.,(2,2),(0.,2.164541848931),.PIECEWISE_BEZIER_KNOTS.);
#5410 = CARTESIAN_POINT('',(0.,1.));
#5411 = CARTESIAN_POINT('',(3.607569748219E-03,1.));
#5412 = ( GEOMETRIC_REPRESENTATION_CONTEXT(2) 
PARAMETRIC_REPRESENTATION_CONTEXT() REPRESENTATION_CONTEXT('2D SPACE',''
  ) );
#5413 = ORIENTED_EDGE('',*,*,#5414,.T.);
#5414 = EDGE_CURVE('',#5388,#5415,#5417,.T.);
#5415 = VERTEX_POINT('',#5416);
#5416 = CARTESIAN_POINT('',(39.731414145676,-700.,31.391175127666));
#5417 = SURFACE_CURVE('',#5418,(#5422,#5429),.PCURVE_S1.);
#5418 = LINE('',#5419,#5420);
#5419 = CARTESIAN_POINT('',(37.438324734958,-700.,31.539135841962));
#5420 = VECTOR('',#5421,1.);
#5421 = DIRECTION('',(0.99792476477,0.,-6.439071251177E-02));
#5422 = PCURVE('',#173,#5423);
#5423 = DEFINITIONAL_REPRESENTATION('',(#5424),#5428);
#5424 = LINE('',#5425,#5426);
#5425 = CARTESIAN_POINT('',(115.70426130136,-5.165870291111));
#5426 = VECTOR('',#5427,1.);
#5427 = DIRECTION('',(-0.997843030502,-6.56451557916E-02));
#5428 = ( GEOMETRIC_REPRESENTATION_CONTEXT(2) 
PARAMETRIC_REPRESENTATION_CONTEXT() REPRESENTATION_CONTEXT('2D SPACE',''
  ) );
#5429 = PCURVE('',#5430,#5435);
#5430 = B_SPLINE_SURFACE_WITH_KNOTS('',1,1,(
    (#5431,#5432)
    ,(#5433,#5434
    )),.UNSPECIFIED.,.F.,.F.,.F.,(2,2),(2,2),(0.,3.829763344343E-03),(0.
    ,1.),.PIECEWISE_BEZIER_KNOTS.);
#5431 = CARTESIAN_POINT('',(25.938874558264,0.,-8.577182760277));
#5432 = CARTESIAN_POINT('',(37.438324734958,-700.,31.539135841962));
#5433 = CARTESIAN_POINT('',(29.760690242794,0.,-8.823783950771));
#5434 = CARTESIAN_POINT('',(39.731414145676,-700.,31.391175127666));
#5435 = DEFINITIONAL_REPRESENTATION('',(#5436),#5439);
#5436 = B_SPLINE_CURVE_WITH_KNOTS('',1,(#5437,#5438),.UNSPECIFIED.,.F.,
  .F.,(2,2),(0.,2.297858006606),.PIECEWISE_BEZIER_KNOTS.);
#5437 = CARTESIAN_POINT('',(0.,1.));
#5438 = CARTESIAN_POINT('',(3.829763344343E-03,1.));
#5439 = ( GEOMETRIC_REPRESENTATION_CONTEXT(2) 
PARAMETRIC_REPRESENTATION_CONTEXT() REPRESENTATION_CONTEXT('2D SPACE',''
  ) );
#5440 = ORIENTED_EDGE('',*,*,#5441,.T.);
#5441 = EDGE_CURVE('',#5415,#5442,#5444,.T.);
#5442 = VERTEX_POINT('',#5443);
#5443 = CARTESIAN_POINT('',(42.154458937203,-700.,31.277063675647));
#5444 = SURFACE_CURVE('',#5445,(#5449,#5456),.PCURVE_S1.);
#5445 = LINE('',#5446,#5447);
#5446 = CARTESIAN_POINT('',(39.731414145676,-700.,31.391175127666));
#5447 = VECTOR('',#5448,1.);
#5448 = DIRECTION('',(0.998892907496,0.,-4.704210193897E-02));
#5449 = PCURVE('',#173,#5450);
#5450 = DEFINITIONAL_REPRESENTATION('',(#5451),#5455);
#5451 = LINE('',#5452,#5453);
#5452 = CARTESIAN_POINT('',(113.41135970438,-5.316713537942));
#5453 = VECTOR('',#5454,1.);
#5454 = DIRECTION('',(-0.998832981451,-4.829777598195E-02));
#5455 = ( GEOMETRIC_REPRESENTATION_CONTEXT(2) 
PARAMETRIC_REPRESENTATION_CONTEXT() REPRESENTATION_CONTEXT('2D SPACE',''
  ) );
#5456 = PCURVE('',#5457,#5462);
#5457 = B_SPLINE_SURFACE_WITH_KNOTS('',1,1,(
    (#5458,#5459)
    ,(#5460,#5461
    )),.UNSPECIFIED.,.F.,.F.,.F.,(2,2),(2,2),(0.,4.042883832265E-03),(0.
    ,1.),.PIECEWISE_BEZIER_KNOTS.);
#5458 = CARTESIAN_POINT('',(29.760690242794,0.,-8.823783950771));
#5459 = CARTESIAN_POINT('',(39.731414145676,-700.,31.391175127666));
#5460 = CARTESIAN_POINT('',(33.799098228672,0.,-9.013969704136));
#5461 = CARTESIAN_POINT('',(42.154458937203,-700.,31.277063675647));
#5462 = DEFINITIONAL_REPRESENTATION('',(#5463),#5466);
#5463 = B_SPLINE_CURVE_WITH_KNOTS('',1,(#5464,#5465),.UNSPECIFIED.,.F.,
  .F.,(2,2),(0.,2.425730299359),.PIECEWISE_BEZIER_KNOTS.);
#5464 = CARTESIAN_POINT('',(0.,1.));
#5465 = CARTESIAN_POINT('',(4.042883832265E-03,1.));
#5466 = ( GEOMETRIC_REPRESENTATION_CONTEXT(2) 
PARAMETRIC_REPRESENTATION_CONTEXT() REPRESENTATION_CONTEXT('2D SPACE',''
  ) );
#5467 = ORIENTED_EDGE('',*,*,#5468,.T.);
#5468 = EDGE_CURVE('',#5442,#5469,#5471,.T.);
#5469 = VERTEX_POINT('',#5470);
#5470 = CARTESIAN_POINT('',(44.700864708679,-700.,31.195580339198));
#5471 = SURFACE_CURVE('',#5472,(#5476,#5483),.PCURVE_S1.);
#5472 = LINE('',#5473,#5474);
#5473 = CARTESIAN_POINT('',(42.154458937203,-700.,31.277063675647));
#5474 = VECTOR('',#5475,1.);
#5475 = DIRECTION('',(0.999488413562,0.,-3.198298228487E-02));
#5476 = PCURVE('',#173,#5477);
#5477 = DEFINITIONAL_REPRESENTATION('',(#5478),#5482);
#5478 = LINE('',#5479,#5480);
#5479 = CARTESIAN_POINT('',(110.98846027728,-5.433870916533));
#5480 = VECTOR('',#5481,1.);
#5481 = DIRECTION('',(-0.999447417911,-3.323941683931E-02));
#5482 = ( GEOMETRIC_REPRESENTATION_CONTEXT(2) 
PARAMETRIC_REPRESENTATION_CONTEXT() REPRESENTATION_CONTEXT('2D SPACE',''
  ) );
#5483 = PCURVE('',#5484,#5489);
#5484 = B_SPLINE_SURFACE_WITH_KNOTS('',1,1,(
    (#5485,#5486)
    ,(#5487,#5488
    )),.UNSPECIFIED.,.F.,.F.,.F.,(2,2),(2,2),(0.,4.246181908205E-03),(0.
    ,1.),.PIECEWISE_BEZIER_KNOTS.);
#5485 = CARTESIAN_POINT('',(33.799098228672,0.,-9.013969704136));
#5486 = CARTESIAN_POINT('',(42.154458937203,-700.,31.277063675647));
#5487 = CARTESIAN_POINT('',(38.043107847798,0.,-9.149775264884));
#5488 = CARTESIAN_POINT('',(44.700864708679,-700.,31.195580339198));
#5489 = DEFINITIONAL_REPRESENTATION('',(#5490),#5493);
#5490 = B_SPLINE_CURVE_WITH_KNOTS('',1,(#5491,#5492),.UNSPECIFIED.,.F.,
  .F.,(2,2),(0.,2.547709144923),.PIECEWISE_BEZIER_KNOTS.);
#5491 = CARTESIAN_POINT('',(0.,1.));
#5492 = CARTESIAN_POINT('',(4.246181908205E-03,1.));
#5493 = ( GEOMETRIC_REPRESENTATION_CONTEXT(2) 
PARAMETRIC_REPRESENTATION_CONTEXT() REPRESENTATION_CONTEXT('2D SPACE',''
  ) );
#5494 = ORIENTED_EDGE('',*,*,#5495,.T.);
#5495 = EDGE_CURVE('',#5469,#5496,#5498,.T.);
#5496 = VERTEX_POINT('',#5497);
#5497 = CARTESIAN_POINT('',(47.363777673175,-700.,31.145227597206));
#5498 = SURFACE_CURVE('',#5499,(#5503,#5510),.PCURVE_S1.);
#5499 = LINE('',#5500,#5501);
#5500 = CARTESIAN_POINT('',(44.700864708679,-700.,31.195580339198));
#5501 = VECTOR('',#5502,1.);
#5502 = DIRECTION('',(0.999821274768,0.,-1.890551563585E-02));
#5503 = PCURVE('',#173,#5504);
#5504 = DEFINITIONAL_REPRESENTATION('',(#5505),#5509);
#5505 = LINE('',#5506,#5507);
#5506 = CARTESIAN_POINT('',(108.4421589508,-5.518555282786));
#5507 = VECTOR('',#5508,1.);
#5508 = DIRECTION('',(-0.999796718576,-2.01623789643E-02));
#5509 = ( GEOMETRIC_REPRESENTATION_CONTEXT(2) 
PARAMETRIC_REPRESENTATION_CONTEXT() REPRESENTATION_CONTEXT('2D SPACE',''
  ) );
#5510 = PCURVE('',#5511,#5516);
#5511 = B_SPLINE_SURFACE_WITH_KNOTS('',1,1,(
    (#5512,#5513)
    ,(#5514,#5515
    )),.UNSPECIFIED.,.F.,.F.,.F.,(2,2),(2,2),(0.,4.438981632183E-03),(0.
    ,1.),.PIECEWISE_BEZIER_KNOTS.);
#5512 = CARTESIAN_POINT('',(38.043107847798,0.,-9.149775264884));
#5513 = CARTESIAN_POINT('',(44.700864708679,-700.,31.195580339198));
#5514 = CARTESIAN_POINT('',(42.481296121958,0.,-9.233696501539));
#5515 = CARTESIAN_POINT('',(47.363777673175,-700.,31.145227597206));
#5516 = DEFINITIONAL_REPRESENTATION('',(#5517),#5520);
#5517 = B_SPLINE_CURVE_WITH_KNOTS('',1,(#5518,#5519),.UNSPECIFIED.,.F.,
  .F.,(2,2),(0.,2.66338897931),.PIECEWISE_BEZIER_KNOTS.);
#5518 = CARTESIAN_POINT('',(0.,1.));
#5519 = CARTESIAN_POINT('',(4.438981632183E-03,1.));
#5520 = ( GEOMETRIC_REPRESENTATION_CONTEXT(2) 
PARAMETRIC_REPRESENTATION_CONTEXT() REPRESENTATION_CONTEXT('2D SPACE',''
  ) );
#5521 = ORIENTED_EDGE('',*,*,#5522,.T.);
#5522 = EDGE_CURVE('',#5496,#5523,#5525,.T.);
#5523 = VERTEX_POINT('',#5524);
#5524 = CARTESIAN_POINT('',(50.136096448774,-700.,31.124237641167));
#5525 = SURFACE_CURVE('',#5526,(#5530,#5537),.PCURVE_S1.);
#5526 = LINE('',#5527,#5528);
#5527 = CARTESIAN_POINT('',(47.363777673175,-700.,31.145227597206));
#5528 = VECTOR('',#5529,1.);
#5529 = DIRECTION('',(0.999971339216,0.,-7.571046531489E-03));
#5530 = PCURVE('',#173,#5531);
#5531 = DEFINITIONAL_REPRESENTATION('',(#5532),#5536);
#5532 = LINE('',#5533,#5534);
#5533 = CARTESIAN_POINT('',(105.77931138899,-5.572255540717));
#5534 = VECTOR('',#5535,1.);
#5535 = DIRECTION('',(-0.9999610315,-8.828107462382E-03));
#5536 = ( GEOMETRIC_REPRESENTATION_CONTEXT(2) 
PARAMETRIC_REPRESENTATION_CONTEXT() REPRESENTATION_CONTEXT('2D SPACE',''
  ) );
#5537 = PCURVE('',#5538,#5543);
#5538 = B_SPLINE_SURFACE_WITH_KNOTS('',1,1,(
    (#5539,#5540)
    ,(#5541,#5542
    )),.UNSPECIFIED.,.F.,.F.,.F.,(2,2),(2,2),(0.,4.620663724508E-03),(0.
    ,1.),.PIECEWISE_BEZIER_KNOTS.);
#5539 = CARTESIAN_POINT('',(42.481296121958,0.,-9.233696501539));
#5540 = CARTESIAN_POINT('',(47.363777673175,-700.,31.145227597206));
#5541 = CARTESIAN_POINT('',(47.101827414624,0.,-9.268679761603));
#5542 = CARTESIAN_POINT('',(50.136096448774,-700.,31.124237641167));
#5543 = DEFINITIONAL_REPRESENTATION('',(#5544),#5547);
#5544 = B_SPLINE_CURVE_WITH_KNOTS('',1,(#5545,#5546),.UNSPECIFIED.,.F.,
  .F.,(2,2),(0.,2.772398234705),.PIECEWISE_BEZIER_KNOTS.);
#5545 = CARTESIAN_POINT('',(0.,1.));
#5546 = CARTESIAN_POINT('',(4.620663724508E-03,1.));
#5547 = ( GEOMETRIC_REPRESENTATION_CONTEXT(2) 
PARAMETRIC_REPRESENTATION_CONTEXT() REPRESENTATION_CONTEXT('2D SPACE',''
  ) );
#5548 = ORIENTED_EDGE('',*,*,#5549,.T.);
#5549 = EDGE_CURVE('',#5523,#5550,#5552,.T.);
#5550 = VERTEX_POINT('',#5551);
#5551 = CARTESIAN_POINT('',(53.010482130023,-700.,31.130586667956));
#5552 = SURFACE_CURVE('',#5553,(#5557,#5564),.PCURVE_S1.);
#5553 = LINE('',#5554,#5555);
#5554 = CARTESIAN_POINT('',(50.136096448774,-700.,31.124237641167));
#5555 = VECTOR('',#5556,1.);
#5556 = DIRECTION('',(0.999997560546,0.,2.208823729628E-03));
#5557 = PCURVE('',#173,#5558);
#5558 = DEFINITIONAL_REPRESENTATION('',(#5559),#5563);
#5559 = LINE('',#5560,#5561);
#5560 = CARTESIAN_POINT('',(103.00702119049,-5.596730570261));
#5561 = VECTOR('',#5562,1.);
#5562 = DIRECTION('',(-0.999999547112,9.517221082187E-04));
#5563 = ( GEOMETRIC_REPRESENTATION_CONTEXT(2) 
PARAMETRIC_REPRESENTATION_CONTEXT() REPRESENTATION_CONTEXT('2D SPACE',''
  ) );
#5564 = PCURVE('',#5565,#5570);
#5565 = B_SPLINE_SURFACE_WITH_KNOTS('',1,1,(
    (#5566,#5567)
    ,(#5568,#5569
    )),.UNSPECIFIED.,.F.,.F.,.F.,(2,2),(2,2),(0.,4.790654488663E-03),(0.
    ,1.),.PIECEWISE_BEZIER_KNOTS.);
#5566 = CARTESIAN_POINT('',(47.101827414624,0.,-9.268679761603));
#5567 = CARTESIAN_POINT('',(50.136096448774,-700.,31.124237641167));
#5568 = CARTESIAN_POINT('',(51.892470216705,0.,-9.258098050288));
#5569 = CARTESIAN_POINT('',(53.010482130023,-700.,31.130586667956));
#5570 = DEFINITIONAL_REPRESENTATION('',(#5571),#5574);
#5571 = B_SPLINE_CURVE_WITH_KNOTS('',1,(#5572,#5573),.UNSPECIFIED.,.F.,
  .F.,(2,2),(0.,2.874392693198),.PIECEWISE_BEZIER_KNOTS.);
#5572 = CARTESIAN_POINT('',(0.,1.));
#5573 = CARTESIAN_POINT('',(4.790654488663E-03,1.));
#5574 = ( GEOMETRIC_REPRESENTATION_CONTEXT(2) 
PARAMETRIC_REPRESENTATION_CONTEXT() REPRESENTATION_CONTEXT('2D SPACE',''
  ) );
#5575 = ORIENTED_EDGE('',*,*,#5576,.T.);
#5576 = EDGE_CURVE('',#5550,#5577,#5579,.T.);
#5577 = VERTEX_POINT('',#5578);
#5578 = CARTESIAN_POINT('',(55.979367006188,-700.,31.16201713589));
#5579 = SURFACE_CURVE('',#5580,(#5584,#5591),.PCURVE_S1.);
#5580 = LINE('',#5581,#5582);
#5581 = CARTESIAN_POINT('',(53.010482130023,-700.,31.130586667956));
#5582 = VECTOR('',#5583,1.);
#5583 = DIRECTION('',(0.999943966406,0.,1.05860308105E-02));
#5584 = PCURVE('',#173,#5585);
#5585 = DEFINITIONAL_REPRESENTATION('',(#5586),#5590);
#5586 = LINE('',#5587,#5588);
#5587 = CARTESIAN_POINT('',(100.13262979907,-5.593994947187));
#5588 = VECTOR('',#5589,1.);
#5589 = DIRECTION('',(-0.999956484027,9.328989943154E-03));
#5590 = ( GEOMETRIC_REPRESENTATION_CONTEXT(2) 
PARAMETRIC_REPRESENTATION_CONTEXT() REPRESENTATION_CONTEXT('2D SPACE',''
  ) );
#5591 = PCURVE('',#5592,#5597);
#5592 = B_SPLINE_SURFACE_WITH_KNOTS('',1,1,(
    (#5593,#5594)
    ,(#5595,#5596
    )),.UNSPECIFIED.,.F.,.F.,.F.,(2,2),(2,2),(0.,4.948418737963E-03),(0.
    ,1.),.PIECEWISE_BEZIER_KNOTS.);
#5593 = CARTESIAN_POINT('',(51.892470216705,0.,-9.258098050288));
#5594 = CARTESIAN_POINT('',(53.010482130023,-700.,31.130586667956));
#5595 = CARTESIAN_POINT('',(56.840611676981,0.,-9.205713937065));
#5596 = CARTESIAN_POINT('',(55.979367006188,-700.,31.16201713589));
#5597 = DEFINITIONAL_REPRESENTATION('',(#5598),#5601);
#5598 = B_SPLINE_CURVE_WITH_KNOTS('',1,(#5599,#5600),.UNSPECIFIED.,.F.,
  .F.,(2,2),(0.,2.969051242778),.PIECEWISE_BEZIER_KNOTS.);
#5599 = CARTESIAN_POINT('',(0.,1.));
#5600 = CARTESIAN_POINT('',(4.948418737963E-03,1.));
#5601 = ( GEOMETRIC_REPRESENTATION_CONTEXT(2) 
PARAMETRIC_REPRESENTATION_CONTEXT() REPRESENTATION_CONTEXT('2D SPACE',''
  ) );
#5602 = ORIENTED_EDGE('',*,*,#5603,.T.);
#5603 = EDGE_CURVE('',#5577,#5604,#5606,.T.);
#5604 = VERTEX_POINT('',#5605);
#5605 = CARTESIAN_POINT('',(59.034962379173,-700.,31.216067433547));
#5606 = SURFACE_CURVE('',#5607,(#5611,#5618),.PCURVE_S1.);
#5607 = LINE('',#5608,#5609);
#5608 = CARTESIAN_POINT('',(55.979367006188,-700.,31.16201713589));
#5609 = VECTOR('',#5610,1.);
#5610 = DIRECTION('',(0.999843587091,0.,1.768619103515E-02));
#5611 = PCURVE('',#173,#5612);
#5612 = DEFINITIONAL_REPRESENTATION('',(#5613),#5617);
#5613 = LINE('',#5614,#5615);
#5614 = CARTESIAN_POINT('',(97.16370775745,-5.566296698003));
#5615 = VECTOR('',#5616,1.);
#5616 = DIRECTION('',(-0.999865030423,1.642927074472E-02));
#5617 = ( GEOMETRIC_REPRESENTATION_CONTEXT(2) 
PARAMETRIC_REPRESENTATION_CONTEXT() REPRESENTATION_CONTEXT('2D SPACE',''
  ) );
#5618 = PCURVE('',#5619,#5624);
#5619 = B_SPLINE_SURFACE_WITH_KNOTS('',1,1,(
    (#5620,#5621)
    ,(#5622,#5623
    )),.UNSPECIFIED.,.F.,.F.,.F.,(2,2),(2,2),(0.,5.093455637189E-03),(0.
    ,1.),.PIECEWISE_BEZIER_KNOTS.);
#5620 = CARTESIAN_POINT('',(56.840611676981,0.,-9.205713937065));
#5621 = CARTESIAN_POINT('',(55.979367006188,-700.,31.16201713589));
#5622 = CARTESIAN_POINT('',(61.933270631956,0.,-9.115630107637));
#5623 = CARTESIAN_POINT('',(59.034962379173,-700.,31.216067433547));
#5624 = DEFINITIONAL_REPRESENTATION('',(#5625),#5628);
#5625 = B_SPLINE_CURVE_WITH_KNOTS('',1,(#5626,#5627),.UNSPECIFIED.,.F.,
  .F.,(2,2),(0.,3.056073382313),.PIECEWISE_BEZIER_KNOTS.);
#5626 = CARTESIAN_POINT('',(0.,1.));
#5627 = CARTESIAN_POINT('',(5.093455637189E-03,1.));
#5628 = ( GEOMETRIC_REPRESENTATION_CONTEXT(2) 
PARAMETRIC_REPRESENTATION_CONTEXT() REPRESENTATION_CONTEXT('2D SPACE',''
  ) );
#5629 = ORIENTED_EDGE('',*,*,#5630,.T.);
#5630 = EDGE_CURVE('',#5604,#5631,#5633,.T.);
#5631 = VERTEX_POINT('',#5632);
#5632 = CARTESIAN_POINT('',(62.169265990718,-700.,31.290108123924));
#5633 = SURFACE_CURVE('',#5634,(#5638,#5645),.PCURVE_S1.);
#5634 = LINE('',#5635,#5636);
#5635 = CARTESIAN_POINT('',(59.034962379173,-700.,31.216067433547));
#5636 = VECTOR('',#5637,1.);
#5637 = DIRECTION('',(0.99972110092,0.,2.361610414004E-02));
#5638 = PCURVE('',#173,#5639);
#5639 = DEFINITIONAL_REPRESENTATION('',(#5640),#5644);
#5640 = LINE('',#5641,#5642);
#5641 = CARTESIAN_POINT('',(94.108046852068,-5.516087640989));
#5642 = VECTOR('',#5643,1.);
#5643 = DIRECTION('',(-0.99974999886,2.235933314179E-02));
#5644 = ( GEOMETRIC_REPRESENTATION_CONTEXT(2) 
PARAMETRIC_REPRESENTATION_CONTEXT() REPRESENTATION_CONTEXT('2D SPACE',''
  ) );
#5645 = PCURVE('',#5646,#5651);
#5646 = B_SPLINE_SURFACE_WITH_KNOTS('',1,1,(
    (#5647,#5648)
    ,(#5649,#5650
    )),.UNSPECIFIED.,.F.,.F.,.F.,(2,2),(2,2),(0.,5.22529668301E-03),(0.,
    1.),.PIECEWISE_BEZIER_KNOTS.);
#5647 = CARTESIAN_POINT('',(61.933270631956,0.,-9.115630107637));
#5648 = CARTESIAN_POINT('',(59.034962379173,-700.,31.216067433547));
#5649 = CARTESIAN_POINT('',(67.15710998453,0.,-8.992228957008));
#5650 = CARTESIAN_POINT('',(62.169265990718,-700.,31.290108123924));
#5651 = DEFINITIONAL_REPRESENTATION('',(#5652),#5655);
#5652 = B_SPLINE_CURVE_WITH_KNOTS('',1,(#5653,#5654),.UNSPECIFIED.,.F.,
  .F.,(2,2),(0.,3.135178009806),.PIECEWISE_BEZIER_KNOTS.);
#5653 = CARTESIAN_POINT('',(0.,1.));
#5654 = CARTESIAN_POINT('',(5.22529668301E-03,1.));
#5655 = ( GEOMETRIC_REPRESENTATION_CONTEXT(2) 
PARAMETRIC_REPRESENTATION_CONTEXT() REPRESENTATION_CONTEXT('2D SPACE',''
  ) );
#5656 = ORIENTED_EDGE('',*,*,#5657,.T.);
#5657 = EDGE_CURVE('',#5631,#5658,#5660,.T.);
#5658 = VERTEX_POINT('',#5659);
#5659 = CARTESIAN_POINT('',(65.374069593297,-700.,31.381383672917));
#5660 = SURFACE_CURVE('',#5661,(#5665,#5672),.PCURVE_S1.);
#5661 = LINE('',#5662,#5663);
#5662 = CARTESIAN_POINT('',(62.169265990718,-700.,31.290108123924));
#5663 = VECTOR('',#5664,1.);
#5664 = DIRECTION('',(0.999594667004,0.,2.846931148225E-02));
#5665 = PCURVE('',#173,#5666);
#5666 = DEFINITIONAL_REPRESENTATION('',(#5667),#5671);
#5667 = LINE('',#5668,#5669);
#5668 = CARTESIAN_POINT('',(90.973652640337,-5.445987151409));
#5669 = VECTOR('',#5670,1.);
#5670 = DIRECTION('',(-0.999629666026,2.721269558966E-02));
#5671 = ( GEOMETRIC_REPRESENTATION_CONTEXT(2) 
PARAMETRIC_REPRESENTATION_CONTEXT() REPRESENTATION_CONTEXT('2D SPACE',''
  ) );
#5672 = PCURVE('',#5673,#5678);
#5673 = B_SPLINE_SURFACE_WITH_KNOTS('',1,1,(
    (#5674,#5675)
    ,(#5676,#5677
    )),.UNSPECIFIED.,.F.,.F.,.F.,(2,2),(2,2),(0.,5.343505236615E-03),(0.
    ,1.),.PIECEWISE_BEZIER_KNOTS.);
#5674 = CARTESIAN_POINT('',(67.15710998453,0.,-8.992228957008));
#5675 = CARTESIAN_POINT('',(62.169265990718,-700.,31.290108123924));
#5676 = CARTESIAN_POINT('',(72.498449322161,0.,-8.84010304202));
#5677 = CARTESIAN_POINT('',(65.374069593297,-700.,31.381383672917));
#5678 = DEFINITIONAL_REPRESENTATION('',(#5679),#5682);
#5679 = B_SPLINE_CURVE_WITH_KNOTS('',1,(#5680,#5681),.UNSPECIFIED.,.F.,
  .F.,(2,2),(0.,3.206103141969),.PIECEWISE_BEZIER_KNOTS.);
#5680 = CARTESIAN_POINT('',(0.,1.));
#5681 = CARTESIAN_POINT('',(5.343505236615E-03,1.));
#5682 = ( GEOMETRIC_REPRESENTATION_CONTEXT(2) 
PARAMETRIC_REPRESENTATION_CONTEXT() REPRESENTATION_CONTEXT('2D SPACE',''
  ) );
#5683 = ORIENTED_EDGE('',*,*,#5684,.T.);
#5684 = EDGE_CURVE('',#5658,#5685,#5687,.T.);
#5685 = VERTEX_POINT('',#5686);
#5686 = CARTESIAN_POINT('',(68.640967191614,-700.,31.487058361398));
#5687 = SURFACE_CURVE('',#5688,(#5692,#5699),.PCURVE_S1.);
#5688 = LINE('',#5689,#5690);
#5689 = CARTESIAN_POINT('',(65.374069593297,-700.,31.381383672917));
#5690 = VECTOR('',#5691,1.);
#5691 = DIRECTION('',(0.99947724251,0.,3.233019801438E-02));
#5692 = PCURVE('',#173,#5693);
#5693 = DEFINITIONAL_REPRESENTATION('',(#5694),#5698);
#5694 = LINE('',#5695,#5696);
#5695 = CARTESIAN_POINT('',(87.768736827286,-5.358740442577));
#5696 = VECTOR('',#5697,1.);
#5697 = DIRECTION('',(-0.999517095156,3.107372668577E-02));
#5698 = ( GEOMETRIC_REPRESENTATION_CONTEXT(2) 
PARAMETRIC_REPRESENTATION_CONTEXT() REPRESENTATION_CONTEXT('2D SPACE',''
  ) );
#5699 = PCURVE('',#5700,#5705);
#5700 = B_SPLINE_SURFACE_WITH_KNOTS('',1,1,(
    (#5701,#5702)
    ,(#5703,#5704
    )),.UNSPECIFIED.,.F.,.F.,.F.,(2,2),(2,2),(0.,5.447677144557E-03),(0.
    ,1.),.PIECEWISE_BEZIER_KNOTS.);
#5701 = CARTESIAN_POINT('',(72.498449322161,0.,-8.84010304202));
#5702 = CARTESIAN_POINT('',(65.374069593297,-700.,31.381383672917));
#5703 = CARTESIAN_POINT('',(77.943278652691,0.,-8.663978561218));
#5704 = CARTESIAN_POINT('',(68.640967191614,-700.,31.487058361398));
#5705 = DEFINITIONAL_REPRESENTATION('',(#5706),#5709);
#5706 = B_SPLINE_CURVE_WITH_KNOTS('',1,(#5707,#5708),.UNSPECIFIED.,.F.,
  .F.,(2,2),(0.,3.268606286734),.PIECEWISE_BEZIER_KNOTS.);
#5707 = CARTESIAN_POINT('',(0.,1.));
#5708 = CARTESIAN_POINT('',(5.447677144557E-03,1.));
#5709 = ( GEOMETRIC_REPRESENTATION_CONTEXT(2) 
PARAMETRIC_REPRESENTATION_CONTEXT() REPRESENTATION_CONTEXT('2D SPACE',''
  ) );
#5710 = ORIENTED_EDGE('',*,*,#5711,.T.);
#5711 = EDGE_CURVE('',#5685,#5712,#5714,.T.);
#5712 = VERTEX_POINT('',#5713);
#5713 = CARTESIAN_POINT('',(71.961364443583,-700.,31.604264923171));
#5714 = SURFACE_CURVE('',#5715,(#5719,#5726),.PCURVE_S1.);
#5715 = LINE('',#5716,#5717);
#5716 = CARTESIAN_POINT('',(68.640967191614,-700.,31.487058361398));
#5717 = VECTOR('',#5718,1.);
#5718 = DIRECTION('',(0.999377573402,0.,3.527698657792E-02));
#5719 = PCURVE('',#173,#5720);
#5720 = DEFINITIONAL_REPRESENTATION('',(#5721),#5725);
#5721 = LINE('',#5722,#5723);
#5722 = CARTESIAN_POINT('',(84.501708966359,-5.25717266418));
#5723 = VECTOR('',#5724,1.);
#5724 = DIRECTION('',(-0.999421130543,3.402063821523E-02));
#5725 = ( GEOMETRIC_REPRESENTATION_CONTEXT(2) 
PARAMETRIC_REPRESENTATION_CONTEXT() REPRESENTATION_CONTEXT('2D SPACE',''
  ) );
#5726 = PCURVE('',#5727,#5732);
#5727 = B_SPLINE_SURFACE_WITH_KNOTS('',1,1,(
    (#5728,#5729)
    ,(#5730,#5731
    )),.UNSPECIFIED.,.F.,.F.,.F.,(2,2),(2,2),(0.,5.537442071179E-03),(0.
    ,1.),.PIECEWISE_BEZIER_KNOTS.);
#5728 = CARTESIAN_POINT('',(77.943278652691,0.,-8.663978561218));
#5729 = CARTESIAN_POINT('',(68.640967191614,-700.,31.487058361398));
#5730 = CARTESIAN_POINT('',(83.477274072638,0.,-8.468634291597));
#5731 = CARTESIAN_POINT('',(71.961364443583,-700.,31.604264923171));
#5732 = DEFINITIONAL_REPRESENTATION('',(#5733),#5736);
#5733 = B_SPLINE_CURVE_WITH_KNOTS('',1,(#5734,#5735),.UNSPECIFIED.,.F.,
  .F.,(2,2),(0.,3.322465242708),.PIECEWISE_BEZIER_KNOTS.);
#5734 = CARTESIAN_POINT('',(0.,1.));
#5735 = CARTESIAN_POINT('',(5.537442071179E-03,1.));
#5736 = ( GEOMETRIC_REPRESENTATION_CONTEXT(2) 
PARAMETRIC_REPRESENTATION_CONTEXT() REPRESENTATION_CONTEXT('2D SPACE',''
  ) );
#5737 = ORIENTED_EDGE('',*,*,#5738,.T.);
#5738 = EDGE_CURVE('',#5712,#5739,#5741,.T.);
#5739 = VERTEX_POINT('',#5740);
#5740 = CARTESIAN_POINT('',(75.334232879166,-700.,31.730637217754));
#5741 = SURFACE_CURVE('',#5742,(#5746,#5753),.PCURVE_S1.);
#5742 = LINE('',#5743,#5744);
#5743 = CARTESIAN_POINT('',(71.961364443583,-700.,31.604264923171));
#5744 = VECTOR('',#5745,1.);
#5745 = DIRECTION('',(0.999298838613,0.,3.74410356116E-02));
#5746 = PCURVE('',#173,#5747);
#5747 = DEFINITIONAL_REPRESENTATION('',(#5748),#5752);
#5748 = LINE('',#5749,#5750);
#5749 = CARTESIAN_POINT('',(81.181166997303,-5.144140276175));
#5750 = VECTOR('',#5751,1.);
#5751 = DIRECTION('',(-0.999345116248,3.618478451671E-02));
#5752 = ( GEOMETRIC_REPRESENTATION_CONTEXT(2) 
PARAMETRIC_REPRESENTATION_CONTEXT() REPRESENTATION_CONTEXT('2D SPACE',''
  ) );
#5753 = PCURVE('',#5754,#5759);
#5754 = B_SPLINE_SURFACE_WITH_KNOTS('',1,1,(
    (#5755,#5756)
    ,(#5757,#5758
    )),.UNSPECIFIED.,.F.,.F.,.F.,(2,2),(2,2),(0.,5.625391700089E-03),(0.
    ,1.),.PIECEWISE_BEZIER_KNOTS.);
#5755 = CARTESIAN_POINT('',(83.477274072638,0.,-8.468634291597));
#5756 = CARTESIAN_POINT('',(71.961364443583,-700.,31.604264923171));
#5757 = CARTESIAN_POINT('',(89.098721465277,0.,-8.258013800625));
#5758 = CARTESIAN_POINT('',(75.334232879166,-700.,31.730637217754));
#5759 = DEFINITIONAL_REPRESENTATION('',(#5760),#5763);
#5760 = B_SPLINE_CURVE_WITH_KNOTS('',1,(#5761,#5762),.UNSPECIFIED.,.F.,
  .F.,(2,2),(0.,3.375235020053),.PIECEWISE_BEZIER_KNOTS.);
#5761 = CARTESIAN_POINT('',(0.,1.));
#5762 = CARTESIAN_POINT('',(5.625391700089E-03,1.));
#5763 = ( GEOMETRIC_REPRESENTATION_CONTEXT(2) 
PARAMETRIC_REPRESENTATION_CONTEXT() REPRESENTATION_CONTEXT('2D SPACE',''
  ) );
#5764 = ORIENTED_EDGE('',*,*,#5765,.T.);
#5765 = EDGE_CURVE('',#5739,#5766,#5768,.T.);
#5766 = VERTEX_POINT('',#5767);
#5767 = CARTESIAN_POINT('',(78.76211731175,-700.,31.872047306076));
#5768 = SURFACE_CURVE('',#5769,(#5773,#5780),.PCURVE_S1.);
#5769 = LINE('',#5770,#5771);
#5770 = CARTESIAN_POINT('',(75.334232879166,-700.,31.730637217754));
#5771 = VECTOR('',#5772,1.);
#5772 = DIRECTION('',(0.999150184656,0.,4.121781776441E-02));
#5773 = PCURVE('',#173,#5774);
#5774 = DEFINITIONAL_REPRESENTATION('',(#5775),#5779);
#5775 = LINE('',#5776,#5777);
#5776 = CARTESIAN_POINT('',(77.808142363823,-5.022008124281));
#5777 = VECTOR('',#5778,1.);
#5778 = DIRECTION('',(-0.999201210214,3.996175055861E-02));
#5779 = ( GEOMETRIC_REPRESENTATION_CONTEXT(2) 
PARAMETRIC_REPRESENTATION_CONTEXT() REPRESENTATION_CONTEXT('2D SPACE',''
  ) );
#5780 = PCURVE('',#5781,#5786);
#5781 = B_SPLINE_SURFACE_WITH_KNOTS('',1,1,(
    (#5782,#5783)
    ,(#5784,#5785
    )),.UNSPECIFIED.,.F.,.F.,.F.,(2,2),(2,2),(0.,5.717999965078E-03),(0.
    ,1.),.PIECEWISE_BEZIER_KNOTS.);
#5782 = CARTESIAN_POINT('',(89.098721465277,0.,-8.258013800625));
#5783 = CARTESIAN_POINT('',(75.334232879166,-700.,31.730637217754));
#5784 = CARTESIAN_POINT('',(94.81186218625,0.,-8.022330320087));
#5785 = CARTESIAN_POINT('',(78.76211731175,-700.,31.872047306076));
#5786 = DEFINITIONAL_REPRESENTATION('',(#5787),#5790);
#5787 = B_SPLINE_CURVE_WITH_KNOTS('',1,(#5788,#5789),.UNSPECIFIED.,.F.,
  .F.,(2,2),(0.,3.430799979047),.PIECEWISE_BEZIER_KNOTS.);
#5788 = CARTESIAN_POINT('',(0.,1.));
#5789 = CARTESIAN_POINT('',(5.717999965078E-03,1.));
#5790 = ( GEOMETRIC_REPRESENTATION_CONTEXT(2) 
PARAMETRIC_REPRESENTATION_CONTEXT() REPRESENTATION_CONTEXT('2D SPACE',''
  ) );
#5791 = ORIENTED_EDGE('',*,*,#5792,.T.);
#5792 = EDGE_CURVE('',#5766,#5793,#5795,.T.);
#5793 = VERTEX_POINT('',#5794);
#5794 = CARTESIAN_POINT('',(82.215584893596,-700.,32.029243862086));
#5795 = SURFACE_CURVE('',#5796,(#5800,#5807),.PCURVE_S1.);
#5796 = LINE('',#5797,#5798);
#5797 = CARTESIAN_POINT('',(78.76211731175,-700.,31.872047306076));
#5798 = VECTOR('',#5799,1.);
#5799 = DIRECTION('',(0.998965641566,0.,4.547138628175E-02));
#5800 = PCURVE('',#173,#5801);
#5801 = DEFINITIONAL_REPRESENTATION('',(#5802),#5806);
#5802 = LINE('',#5803,#5804);
#5803 = CARTESIAN_POINT('',(74.380082872758,-4.884907351302));
#5804 = VECTOR('',#5805,1.);
#5805 = DIRECTION('',(-0.999022014443,4.421554770463E-02));
#5806 = ( GEOMETRIC_REPRESENTATION_CONTEXT(2) 
PARAMETRIC_REPRESENTATION_CONTEXT() REPRESENTATION_CONTEXT('2D SPACE',''
  ) );
#5807 = PCURVE('',#5808,#5813);
#5808 = B_SPLINE_SURFACE_WITH_KNOTS('',1,1,(
    (#5809,#5810)
    ,(#5811,#5812
    )),.UNSPECIFIED.,.F.,.F.,.F.,(2,2),(2,2),(0.,5.761739006412E-03),(0.
    ,1.),.PIECEWISE_BEZIER_KNOTS.);
#5809 = CARTESIAN_POINT('',(94.81186218625,0.,-8.022330320087));
#5810 = CARTESIAN_POINT('',(78.76211731175,-700.,31.872047306076));
#5811 = CARTESIAN_POINT('',(100.56764148932,0.,-7.760336060072));
#5812 = CARTESIAN_POINT('',(82.215584893596,-700.,32.029243862086));
#5813 = DEFINITIONAL_REPRESENTATION('',(#5814),#5817);
#5814 = B_SPLINE_CURVE_WITH_KNOTS('',1,(#5815,#5816),.UNSPECIFIED.,.F.,
  .F.,(2,2),(0.,3.457043403847),.PIECEWISE_BEZIER_KNOTS.);
#5815 = CARTESIAN_POINT('',(0.,1.));
#5816 = CARTESIAN_POINT('',(5.761739006412E-03,1.));
#5817 = ( GEOMETRIC_REPRESENTATION_CONTEXT(2) 
PARAMETRIC_REPRESENTATION_CONTEXT() REPRESENTATION_CONTEXT('2D SPACE',''
  ) );
#5818 = ORIENTED_EDGE('',*,*,#5819,.T.);
#5819 = EDGE_CURVE('',#5793,#5820,#5822,.T.);
#5820 = VERTEX_POINT('',#5821);
#5821 = CARTESIAN_POINT('',(85.685065890958,-700.,32.199893439551));
#5822 = SURFACE_CURVE('',#5823,(#5827,#5834),.PCURVE_S1.);
#5823 = LINE('',#5824,#5825);
#5824 = CARTESIAN_POINT('',(82.215584893596,-700.,32.029243862086));
#5825 = VECTOR('',#5826,1.);
#5826 = DIRECTION('',(0.998792563546,0.,4.91265203856E-02));
#5827 = PCURVE('',#173,#5828);
#5828 = DEFINITIONAL_REPRESENTATION('',(#5829),#5833);
#5829 = LINE('',#5830,#5831);
#5830 = CARTESIAN_POINT('',(70.926420407431,-4.732052283762));
#5831 = VECTOR('',#5832,1.);
#5832 = DIRECTION('',(-0.998853531439,4.787089649725E-02));
#5833 = ( GEOMETRIC_REPRESENTATION_CONTEXT(2) 
PARAMETRIC_REPRESENTATION_CONTEXT() REPRESENTATION_CONTEXT('2D SPACE',''
  ) );
#5834 = PCURVE('',#5835,#5840);
#5835 = B_SPLINE_SURFACE_WITH_KNOTS('',1,1,(
    (#5836,#5837)
    ,(#5838,#5839
    )),.UNSPECIFIED.,.F.,.F.,.F.,(2,2),(2,2),(0.,5.789458732458E-03),(0.
    ,1.),.PIECEWISE_BEZIER_KNOTS.);
#5836 = CARTESIAN_POINT('',(100.56764148932,0.,-7.760336060072));
#5837 = CARTESIAN_POINT('',(82.215584893596,-700.,32.029243862086));
#5838 = CARTESIAN_POINT('',(106.35010981826,0.,-7.47592009763));
#5839 = CARTESIAN_POINT('',(85.685065890958,-700.,32.199893439551));
#5840 = DEFINITIONAL_REPRESENTATION('',(#5841),#5844);
#5841 = B_SPLINE_CURVE_WITH_KNOTS('',1,(#5842,#5843),.UNSPECIFIED.,.F.,
  .F.,(2,2),(0.,3.473675239475),.PIECEWISE_BEZIER_KNOTS.);
#5842 = CARTESIAN_POINT('',(0.,1.));
#5843 = CARTESIAN_POINT('',(5.789458732458E-03,1.));
#5844 = ( GEOMETRIC_REPRESENTATION_CONTEXT(2) 
PARAMETRIC_REPRESENTATION_CONTEXT() REPRESENTATION_CONTEXT('2D SPACE',''
  ) );
#5845 = ORIENTED_EDGE('',*,*,#5846,.T.);
#5846 = EDGE_CURVE('',#5820,#5847,#5849,.T.);
#5847 = VERTEX_POINT('',#5848);
#5848 = CARTESIAN_POINT('',(89.16091757552,-700.,32.381723295423));
#5849 = SURFACE_CURVE('',#5850,(#5854,#5861),.PCURVE_S1.);
#5850 = LINE('',#5851,#5852);
#5851 = CARTESIAN_POINT('',(85.685065890958,-700.,32.199893439551));
#5852 = VECTOR('',#5853,1.);
#5853 = DIRECTION('',(0.998634512669,0.,5.224088539641E-02));
#5854 = PCURVE('',#173,#5855);
#5855 = DEFINITIONAL_REPRESENTATION('',(#5856),#5860);
#5856 = LINE('',#5857,#5858);
#5857 = CARTESIAN_POINT('',(67.456727627408,-4.565764335908));
#5858 = VECTOR('',#5859,1.);
#5859 = DIRECTION('',(-0.998699395764,5.098545773345E-02));
#5860 = ( GEOMETRIC_REPRESENTATION_CONTEXT(2) 
PARAMETRIC_REPRESENTATION_CONTEXT() REPRESENTATION_CONTEXT('2D SPACE',''
  ) );
#5861 = PCURVE('',#5862,#5867);
#5862 = B_SPLINE_SURFACE_WITH_KNOTS('',1,1,(
    (#5863,#5864)
    ,(#5865,#5866
    )),.UNSPECIFIED.,.F.,.F.,.F.,(2,2),(2,2),(0.,5.801007342973E-03),(0.
    ,1.),.PIECEWISE_BEZIER_KNOTS.);
#5863 = CARTESIAN_POINT('',(106.35010981826,0.,-7.47592009763));
#5864 = CARTESIAN_POINT('',(85.685065890958,-700.,32.199893439551));
#5865 = CARTESIAN_POINT('',(112.14319595919,0.,-7.172870337842));
#5866 = CARTESIAN_POINT('',(89.16091757552,-700.,32.381723295423));
#5867 = DEFINITIONAL_REPRESENTATION('',(#5868),#5871);
#5868 = B_SPLINE_CURVE_WITH_KNOTS('',1,(#5869,#5870),.UNSPECIFIED.,.F.,
  .F.,(2,2),(0.,3.480604405784),.PIECEWISE_BEZIER_KNOTS.);
#5869 = CARTESIAN_POINT('',(0.,1.));
#5870 = CARTESIAN_POINT('',(5.801007342973E-03,1.));
#5871 = ( GEOMETRIC_REPRESENTATION_CONTEXT(2) 
PARAMETRIC_REPRESENTATION_CONTEXT() REPRESENTATION_CONTEXT('2D SPACE',''
  ) );
#5872 = ORIENTED_EDGE('',*,*,#5873,.T.);
#5873 = EDGE_CURVE('',#5847,#5874,#5876,.T.);
#5874 = VERTEX_POINT('',#5875);
#5875 = CARTESIAN_POINT('',(92.633449627297,-700.,32.57255221007));
#5876 = SURFACE_CURVE('',#5877,(#5881,#5888),.PCURVE_S1.);
#5877 = LINE('',#5878,#5879);
#5878 = CARTESIAN_POINT('',(89.16091757552,-700.,32.381723295423));
#5879 = VECTOR('',#5880,1.);
#5880 = DIRECTION('',(0.998493450014,0.,5.487103315591E-02));
#5881 = PCURVE('',#173,#5882);
#5882 = DEFINITIONAL_REPRESENTATION('',(#5883),#5887);
#5883 = LINE('',#5884,#5885);
#5884 = CARTESIAN_POINT('',(63.980650110458,-4.388304127091));
#5885 = VECTOR('',#5886,1.);
#5886 = DIRECTION('',(-0.998561639587,5.361578074501E-02));
#5887 = ( GEOMETRIC_REPRESENTATION_CONTEXT(2) 
PARAMETRIC_REPRESENTATION_CONTEXT() REPRESENTATION_CONTEXT('2D SPACE',''
  ) );
#5888 = PCURVE('',#5889,#5894);
#5889 = B_SPLINE_SURFACE_WITH_KNOTS('',1,1,(
    (#5890,#5891)
    ,(#5892,#5893
    )),.UNSPECIFIED.,.F.,.F.,.F.,(2,2),(2,2),(0.,5.796285813942E-03),(0.
    ,1.),.PIECEWISE_BEZIER_KNOTS.);
#5890 = CARTESIAN_POINT('',(112.14319595919,0.,-7.172870337842));
#5891 = CARTESIAN_POINT('',(89.16091757552,-700.,32.381723295423));
#5892 = CARTESIAN_POINT('',(117.93074937882,0.,-6.854822146765));
#5893 = CARTESIAN_POINT('',(92.633449627297,-700.,32.57255221007));
#5894 = DEFINITIONAL_REPRESENTATION('',(#5895),#5898);
#5895 = B_SPLINE_CURVE_WITH_KNOTS('',1,(#5896,#5897),.UNSPECIFIED.,.F.,
  .F.,(2,2),(0.,3.477771488365),.PIECEWISE_BEZIER_KNOTS.);
#5896 = CARTESIAN_POINT('',(0.,1.));
#5897 = CARTESIAN_POINT('',(5.796285813942E-03,1.));
#5898 = ( GEOMETRIC_REPRESENTATION_CONTEXT(2) 
PARAMETRIC_REPRESENTATION_CONTEXT() REPRESENTATION_CONTEXT('2D SPACE',''
  ) );
#5899 = ORIENTED_EDGE('',*,*,#5900,.T.);
#5900 = EDGE_CURVE('',#5874,#5901,#5903,.T.);
#5901 = VERTEX_POINT('',#5902);
#5902 = CARTESIAN_POINT('',(96.092950436573,-700.,32.770316034997));
#5903 = SURFACE_CURVE('',#5904,(#5908,#5915),.PCURVE_S1.);
#5904 = LINE('',#5905,#5906);
#5905 = CARTESIAN_POINT('',(92.633449627297,-700.,32.57255221007));
#5906 = VECTOR('',#5907,1.);
#5907 = DIRECTION('',(0.998370051022,0.,5.707224564102E-02));
#5908 = PCURVE('',#173,#5909);
#5909 = DEFINITIONAL_REPRESENTATION('',(#5910),#5914);
#5910 = LINE('',#5911,#5912);
#5911 = CARTESIAN_POINT('',(60.507880910927,-4.201840693489));
#5912 = VECTOR('',#5913,1.);
#5913 = DIRECTION('',(-0.998441007844,5.581714661605E-02));
#5914 = ( GEOMETRIC_REPRESENTATION_CONTEXT(2) 
PARAMETRIC_REPRESENTATION_CONTEXT() REPRESENTATION_CONTEXT('2D SPACE',''
  ) );
#5915 = PCURVE('',#5916,#5921);
#5916 = B_SPLINE_SURFACE_WITH_KNOTS('',1,1,(
    (#5917,#5918)
    ,(#5919,#5920
    )),.UNSPECIFIED.,.F.,.F.,.F.,(2,2),(2,2),(0.,5.77524804177E-03),(0.,
    1.),.PIECEWISE_BEZIER_KNOTS.);
#5917 = CARTESIAN_POINT('',(117.93074937882,0.,-6.854822146765));
#5918 = CARTESIAN_POINT('',(92.633449627297,-700.,32.57255221007));
#5919 = CARTESIAN_POINT('',(123.69658406095,0.,-6.525215771887));
#5920 = CARTESIAN_POINT('',(96.092950436573,-700.,32.770316034997));
#5921 = DEFINITIONAL_REPRESENTATION('',(#5922),#5925);
#5922 = B_SPLINE_CURVE_WITH_KNOTS('',1,(#5923,#5924),.UNSPECIFIED.,.F.,
  .F.,(2,2),(0.,3.465148825062),.PIECEWISE_BEZIER_KNOTS.);
#5923 = CARTESIAN_POINT('',(0.,1.));
#5924 = CARTESIAN_POINT('',(5.77524804177E-03,1.));
#5925 = ( GEOMETRIC_REPRESENTATION_CONTEXT(2) 
PARAMETRIC_REPRESENTATION_CONTEXT() REPRESENTATION_CONTEXT('2D SPACE',''
  ) );
#5926 = ORIENTED_EDGE('',*,*,#5927,.T.);
#5927 = EDGE_CURVE('',#5901,#5928,#5930,.T.);
#5928 = VERTEX_POINT('',#5929);
#5929 = CARTESIAN_POINT('',(99.529714146465,-700.,32.973087414216));
#5930 = SURFACE_CURVE('',#5931,(#5935,#5942),.PCURVE_S1.);
#5931 = LINE('',#5932,#5933);
#5932 = CARTESIAN_POINT('',(96.092950436573,-700.,32.770316034997));
#5933 = VECTOR('',#5934,1.);
#5934 = DIRECTION('',(0.998263991242,0.,5.88982494624E-02));
#5935 = PCURVE('',#173,#5936);
#5936 = DEFINITIONAL_REPRESENTATION('',(#5937),#5941);
#5937 = LINE('',#5938,#5939);
#5938 = CARTESIAN_POINT('',(57.048134225704,-4.008425973474));
#5939 = VECTOR('',#5940,1.);
#5940 = DIRECTION('',(-0.998337243622,5.764328232267E-02));
#5941 = ( GEOMETRIC_REPRESENTATION_CONTEXT(2) 
PARAMETRIC_REPRESENTATION_CONTEXT() REPRESENTATION_CONTEXT('2D SPACE',''
  ) );
#5942 = PCURVE('',#5943,#5948);
#5943 = B_SPLINE_SURFACE_WITH_KNOTS('',1,1,(
    (#5944,#5945)
    ,(#5946,#5947
    )),.UNSPECIFIED.,.F.,.F.,.F.,(2,2),(2,2),(0.,5.737900562117E-03),(0.
    ,1.),.PIECEWISE_BEZIER_KNOTS.);
#5944 = CARTESIAN_POINT('',(123.69658406095,0.,-6.525215771887));
#5945 = CARTESIAN_POINT('',(96.092950436573,-700.,32.770316034997));
#5946 = CARTESIAN_POINT('',(129.42452357744,0.,-6.187263473189));
#5947 = CARTESIAN_POINT('',(99.529714146465,-700.,32.973087414216));
#5948 = DEFINITIONAL_REPRESENTATION('',(#5949),#5952);
#5949 = B_SPLINE_CURVE_WITH_KNOTS('',1,(#5950,#5951),.UNSPECIFIED.,.F.,
  .F.,(2,2),(0.,3.44274033727),.PIECEWISE_BEZIER_KNOTS.);
#5950 = CARTESIAN_POINT('',(0.,1.));
#5951 = CARTESIAN_POINT('',(5.737900562117E-03,1.));
#5952 = ( GEOMETRIC_REPRESENTATION_CONTEXT(2) 
PARAMETRIC_REPRESENTATION_CONTEXT() REPRESENTATION_CONTEXT('2D SPACE',''
  ) );
#5953 = ORIENTED_EDGE('',*,*,#5954,.T.);
#5954 = EDGE_CURVE('',#5928,#5955,#5957,.T.);
#5955 = VERTEX_POINT('',#5956);
#5956 = CARTESIAN_POINT('',(102.93406825715,-700.,33.179089390272));
#5957 = SURFACE_CURVE('',#5958,(#5962,#5969),.PCURVE_S1.);
#5958 = LINE('',#5959,#5960);
#5959 = CARTESIAN_POINT('',(99.529714146465,-700.,32.973087414216));
#5960 = VECTOR('',#5961,1.);
#5961 = DIRECTION('',(0.998174202314,0.,6.040084299088E-02));
#5962 = PCURVE('',#173,#5963);
#5963 = DEFINITIONAL_REPRESENTATION('',(#5964),#5968);
#5964 = LINE('',#5965,#5966);
#5965 = CARTESIAN_POINT('',(53.611118326887,-3.809975120249));
#5966 = VECTOR('',#5967,1.);
#5967 = DIRECTION('',(-0.99824934368,5.91459875378E-02));
#5968 = ( GEOMETRIC_REPRESENTATION_CONTEXT(2) 
PARAMETRIC_REPRESENTATION_CONTEXT() REPRESENTATION_CONTEXT('2D SPACE',''
  ) );
#5969 = PCURVE('',#5970,#5975);
#5970 = B_SPLINE_SURFACE_WITH_KNOTS('',1,1,(
    (#5971,#5972)
    ,(#5973,#5974
    )),.UNSPECIFIED.,.F.,.F.,.F.,(2,2),(2,2),(0.,5.684301903068E-03),(0.
    ,1.),.PIECEWISE_BEZIER_KNOTS.);
#5971 = CARTESIAN_POINT('',(129.42452357744,0.,-6.187263473189));
#5972 = CARTESIAN_POINT('',(99.529714146465,-700.,32.973087414216));
#5973 = CARTESIAN_POINT('',(135.09844709525,0.,-5.843926846429));
#5974 = CARTESIAN_POINT('',(102.93406825715,-700.,33.179089390272));
#5975 = DEFINITIONAL_REPRESENTATION('',(#5976),#5979);
#5976 = B_SPLINE_CURVE_WITH_KNOTS('',1,(#5977,#5978),.UNSPECIFIED.,.F.,
  .F.,(2,2),(0.,3.410581141841),.PIECEWISE_BEZIER_KNOTS.);
#5977 = CARTESIAN_POINT('',(0.,1.));
#5978 = CARTESIAN_POINT('',(5.684301903068E-03,1.));
#5979 = ( GEOMETRIC_REPRESENTATION_CONTEXT(2) 
PARAMETRIC_REPRESENTATION_CONTEXT() REPRESENTATION_CONTEXT('2D SPACE',''
  ) );
#5980 = ORIENTED_EDGE('',*,*,#5981,.T.);
#5981 = EDGE_CURVE('',#5955,#5982,#5984,.T.);
#5982 = VERTEX_POINT('',#5983);
#5983 = CARTESIAN_POINT('',(106.29640160251,-700.,33.386702872858));
#5984 = SURFACE_CURVE('',#5985,(#5989,#5996),.PCURVE_S1.);
#5985 = LINE('',#5986,#5987);
#5986 = CARTESIAN_POINT('',(102.93406825715,-700.,33.179089390272));
#5987 = VECTOR('',#5988,1.);
#5988 = DIRECTION('',(0.99809909736,0.,6.162947224004E-02));
#5989 = PCURVE('',#173,#5990);
#5990 = DEFINITIONAL_REPRESENTATION('',(#5991),#5995);
#5991 = LINE('',#5992,#5993);
#5992 = CARTESIAN_POINT('',(50.206507940476,-3.608252930537));
#5993 = VECTOR('',#5994,1.);
#5994 = DIRECTION('',(-0.998175783299,6.037471023081E-02));
#5995 = ( GEOMETRIC_REPRESENTATION_CONTEXT(2) 
PARAMETRIC_REPRESENTATION_CONTEXT() REPRESENTATION_CONTEXT('2D SPACE',''
  ) );
#5996 = PCURVE('',#5997,#6002);
#5997 = B_SPLINE_SURFACE_WITH_KNOTS('',1,1,(
    (#5998,#5999)
    ,(#6000,#6001
    )),.UNSPECIFIED.,.F.,.F.,.F.,(2,2),(2,2),(0.,5.614561643981E-03),(0.
    ,1.),.PIECEWISE_BEZIER_KNOTS.);
#5998 = CARTESIAN_POINT('',(135.09844709525,0.,-5.843926846429));
#5999 = CARTESIAN_POINT('',(102.93406825715,-700.,33.179089390272));
#6000 = CARTESIAN_POINT('',(140.70233600418,0.,-5.497904375451));
#6001 = CARTESIAN_POINT('',(106.29640160251,-700.,33.386702872858));
#6002 = DEFINITIONAL_REPRESENTATION('',(#6003),#6006);
#6003 = B_SPLINE_CURVE_WITH_KNOTS('',1,(#6004,#6005),.UNSPECIFIED.,.F.,
  .F.,(2,2),(0.,3.368736986389),.PIECEWISE_BEZIER_KNOTS.);
#6004 = CARTESIAN_POINT('',(0.,1.));
#6005 = CARTESIAN_POINT('',(5.614561643981E-03,1.));
#6006 = ( GEOMETRIC_REPRESENTATION_CONTEXT(2) 
PARAMETRIC_REPRESENTATION_CONTEXT() REPRESENTATION_CONTEXT('2D SPACE',''
  ) );
#6007 = ORIENTED_EDGE('',*,*,#6008,.T.);
#6008 = EDGE_CURVE('',#5982,#6009,#6011,.T.);
#6009 = VERTEX_POINT('',#6010);
#6010 = CARTESIAN_POINT('',(109.60719250983,-700.,33.594468205036));
#6011 = SURFACE_CURVE('',#6012,(#6016,#6023),.PCURVE_S1.);
#6012 = LINE('',#6013,#6014);
#6013 = CARTESIAN_POINT('',(106.29640160251,-700.,33.386702872858));
#6014 = VECTOR('',#6015,1.);
#6015 = DIRECTION('',(0.998036765116,0.,6.26307869733E-02));
#6016 = PCURVE('',#173,#6017);
#6017 = DEFINITIONAL_REPRESENTATION('',(#6018),#6022);
#6018 = LINE('',#6019,#6020);
#6019 = CARTESIAN_POINT('',(46.843916260359,-3.40486641114));
#6020 = VECTOR('',#6021,1.);
#6021 = DIRECTION('',(-0.99811470986,6.137610253093E-02));
#6022 = ( GEOMETRIC_REPRESENTATION_CONTEXT(2) 
PARAMETRIC_REPRESENTATION_CONTEXT() REPRESENTATION_CONTEXT('2D SPACE',''
  ) );
#6023 = PCURVE('',#6024,#6029);
#6024 = B_SPLINE_SURFACE_WITH_KNOTS('',1,1,(
    (#6025,#6026)
    ,(#6027,#6028
    )),.UNSPECIFIED.,.F.,.F.,.F.,(2,2),(2,2),(0.,5.528839255631E-03),(0.
    ,1.),.PIECEWISE_BEZIER_KNOTS.);
#6025 = CARTESIAN_POINT('',(140.70233600418,0.,-5.497904375451));
#6026 = CARTESIAN_POINT('',(106.29640160251,-700.,33.386702872858));
#6027 = CARTESIAN_POINT('',(146.22032084971,0.,-5.151628821822));
#6028 = CARTESIAN_POINT('',(109.60719250983,-700.,33.594468205036));
#6029 = DEFINITIONAL_REPRESENTATION('',(#6030),#6033);
#6030 = B_SPLINE_CURVE_WITH_KNOTS('',1,(#6031,#6032),.UNSPECIFIED.,.F.,
  .F.,(2,2),(0.,3.317303553379),.PIECEWISE_BEZIER_KNOTS.);
#6031 = CARTESIAN_POINT('',(0.,1.));
#6032 = CARTESIAN_POINT('',(5.528839255631E-03,1.));
#6033 = ( GEOMETRIC_REPRESENTATION_CONTEXT(2) 
PARAMETRIC_REPRESENTATION_CONTEXT() REPRESENTATION_CONTEXT('2D SPACE',''
  ) );
#6034 = ORIENTED_EDGE('',*,*,#6035,.T.);
#6035 = EDGE_CURVE('',#6009,#6036,#6038,.T.);
#6036 = VERTEX_POINT('',#6037);
#6037 = CARTESIAN_POINT('',(112.8570369623,-700.,33.801081298175));
#6038 = SURFACE_CURVE('',#6039,(#6043,#6050),.PCURVE_S1.);
#6039 = LINE('',#6040,#6041);
#6040 = CARTESIAN_POINT('',(109.60719250983,-700.,33.594468205036));
#6041 = VECTOR('',#6042,1.);
#6042 = DIRECTION('',(0.997985132832,0.,6.344820443494E-02));
#6043 = PCURVE('',#173,#6044);
#6044 = DEFINITIONAL_REPRESENTATION('',(#6045),#6049);
#6045 = LINE('',#6046,#6047);
#6046 = CARTESIAN_POINT('',(43.532866786662,-3.201263248122));
#6047 = VECTOR('',#6048,1.);
#6048 = DIRECTION('',(-0.998064105194,6.219358425378E-02));
#6049 = ( GEOMETRIC_REPRESENTATION_CONTEXT(2) 
PARAMETRIC_REPRESENTATION_CONTEXT() REPRESENTATION_CONTEXT('2D SPACE',''
  ) );
#6050 = PCURVE('',#6051,#6056);
#6051 = B_SPLINE_SURFACE_WITH_KNOTS('',1,1,(
    (#6052,#6053)
    ,(#6054,#6055
    )),.UNSPECIFIED.,.F.,.F.,.F.,(2,2),(2,2),(0.,5.427342795589E-03),(0.
    ,1.),.PIECEWISE_BEZIER_KNOTS.);
#6052 = CARTESIAN_POINT('',(146.22032084971,0.,-5.151628821822));
#6053 = CARTESIAN_POINT('',(109.60719250983,-700.,33.594468205036));
#6054 = CARTESIAN_POINT('',(151.6367282705,0.,-4.807273666589));
#6055 = CARTESIAN_POINT('',(112.8570369623,-700.,33.801081298175));
#6056 = DEFINITIONAL_REPRESENTATION('',(#6057),#6060);
#6057 = B_SPLINE_CURVE_WITH_KNOTS('',1,(#6058,#6059),.UNSPECIFIED.,.F.,
  .F.,(2,2),(0.,3.256405677353),.PIECEWISE_BEZIER_KNOTS.);
#6058 = CARTESIAN_POINT('',(0.,1.));
#6059 = CARTESIAN_POINT('',(5.427342795589E-03,1.));
#6060 = ( GEOMETRIC_REPRESENTATION_CONTEXT(2) 
PARAMETRIC_REPRESENTATION_CONTEXT() REPRESENTATION_CONTEXT('2D SPACE',''
  ) );
#6061 = ORIENTED_EDGE('',*,*,#6062,.T.);
#6062 = EDGE_CURVE('',#6036,#6063,#6065,.T.);
#6063 = VERTEX_POINT('',#6064);
#6064 = CARTESIAN_POINT('',(116.0366766008,-700.,34.005385011969));
#6065 = SURFACE_CURVE('',#6066,(#6070,#6077),.PCURVE_S1.);
#6066 = LINE('',#6067,#6068);
#6067 = CARTESIAN_POINT('',(112.8570369623,-700.,33.801081298175));
#6068 = VECTOR('',#6069,1.);
#6069 = DIRECTION('',(0.997942098861,0.,6.412150436138E-02));
#6070 = PCURVE('',#173,#6071);
#6071 = DEFINITIONAL_REPRESENTATION('',(#6072),#6076);
#6072 = LINE('',#6073,#6074);
#6073 = CARTESIAN_POINT('',(40.282765168144,-2.998735707263));
#6074 = VECTOR('',#6075,1.);
#6075 = DIRECTION('',(-0.998021917664,6.286693774634E-02));
#6076 = ( GEOMETRIC_REPRESENTATION_CONTEXT(2) 
PARAMETRIC_REPRESENTATION_CONTEXT() REPRESENTATION_CONTEXT('2D SPACE',''
  ) );
#6077 = PCURVE('',#6078,#6083);
#6078 = B_SPLINE_SURFACE_WITH_KNOTS('',1,1,(
    (#6079,#6080)
    ,(#6081,#6082
    )),.UNSPECIFIED.,.F.,.F.,.F.,(2,2),(2,2),(0.,5.310327526571E-03),(0.
    ,1.),.PIECEWISE_BEZIER_KNOTS.);
#6079 = CARTESIAN_POINT('',(151.6367282705,0.,-4.807273666589));
#6080 = CARTESIAN_POINT('',(112.8570369623,-700.,33.801081298175));
#6081 = CARTESIAN_POINT('',(156.936127668,0.,-4.466767476934));
#6082 = CARTESIAN_POINT('',(116.0366766008,-700.,34.005385011969));
#6083 = DEFINITIONAL_REPRESENTATION('',(#6084),#6087);
#6084 = B_SPLINE_CURVE_WITH_KNOTS('',1,(#6085,#6086),.UNSPECIFIED.,.F.,
  .F.,(2,2),(0.,3.186196515943),.PIECEWISE_BEZIER_KNOTS.);
#6085 = CARTESIAN_POINT('',(0.,1.));
#6086 = CARTESIAN_POINT('',(5.310327526571E-03,1.));
#6087 = ( GEOMETRIC_REPRESENTATION_CONTEXT(2) 
PARAMETRIC_REPRESENTATION_CONTEXT() REPRESENTATION_CONTEXT('2D SPACE',''
  ) );
#6088 = ORIENTED_EDGE('',*,*,#6089,.T.);
#6089 = EDGE_CURVE('',#6063,#6090,#6092,.T.);
#6090 = VERTEX_POINT('',#6091);
#6091 = CARTESIAN_POINT('',(119.13702642407,-700.,34.206356621878));
#6092 = SURFACE_CURVE('',#6093,(#6097,#6104),.PCURVE_S1.);
#6093 = LINE('',#6094,#6095);
#6094 = CARTESIAN_POINT('',(116.0366766008,-700.,34.005385011969));
#6095 = VECTOR('',#6096,1.);
#6096 = DIRECTION('',(0.997905636776,0.,6.468647533104E-02));
#6097 = PCURVE('',#173,#6098);
#6098 = DEFINITIONAL_REPRESENTATION('',(#6099),#6103);
#6099 = LINE('',#6100,#6101);
#6100 = CARTESIAN_POINT('',(37.102871211247,-2.798429289248));
#6101 = VECTOR('',#6102,1.);
#6102 = DIRECTION('',(-0.997986165835,6.343195410617E-02));
#6103 = ( GEOMETRIC_REPRESENTATION_CONTEXT(2) 
PARAMETRIC_REPRESENTATION_CONTEXT() REPRESENTATION_CONTEXT('2D SPACE',''
  ) );
#6104 = PCURVE('',#6105,#6110);
#6105 = B_SPLINE_SURFACE_WITH_KNOTS('',1,1,(
    (#6106,#6107)
    ,(#6108,#6109
    )),.UNSPECIFIED.,.F.,.F.,.F.,(2,2),(2,2),(0.,5.178094516176E-03),(0.
    ,1.),.PIECEWISE_BEZIER_KNOTS.);
#6106 = CARTESIAN_POINT('',(156.936127668,0.,-4.466767476934));
#6107 = CARTESIAN_POINT('',(116.0366766008,-700.,34.005385011969));
#6108 = CARTESIAN_POINT('',(162.10337737345,0.,-4.131814793751));
#6109 = CARTESIAN_POINT('',(119.13702642407,-700.,34.206356621878));
#6110 = DEFINITIONAL_REPRESENTATION('',(#6111),#6114);
#6111 = B_SPLINE_CURVE_WITH_KNOTS('',1,(#6112,#6113),.UNSPECIFIED.,.F.,
  .F.,(2,2),(0.,3.106856709706),.PIECEWISE_BEZIER_KNOTS.);
#6112 = CARTESIAN_POINT('',(0.,1.));
#6113 = CARTESIAN_POINT('',(5.178094516176E-03,1.));
#6114 = ( GEOMETRIC_REPRESENTATION_CONTEXT(2) 
PARAMETRIC_REPRESENTATION_CONTEXT() REPRESENTATION_CONTEXT('2D SPACE',''
  ) );
#6115 = ORIENTED_EDGE('',*,*,#6116,.T.);
#6116 = EDGE_CURVE('',#6090,#6117,#6119,.T.);
#6117 = VERTEX_POINT('',#6118);
#6118 = CARTESIAN_POINT('',(122.14920207197,-700.,34.403092337028));
#6119 = SURFACE_CURVE('',#6120,(#6124,#6131),.PCURVE_S1.);
#6120 = LINE('',#6121,#6122);
#6121 = CARTESIAN_POINT('',(119.13702642407,-700.,34.206356621878));
#6122 = VECTOR('',#6123,1.);
#6123 = DIRECTION('',(0.997873873664,0.,6.517462894358E-02));
#6124 = PCURVE('',#173,#6125);
#6125 = DEFINITIONAL_REPRESENTATION('',(#6126),#6130);
#6126 = LINE('',#6127,#6128);
#6127 = CARTESIAN_POINT('',(34.002271195729,-2.601355297023));
#6128 = VECTOR('',#6129,1.);
#6129 = DIRECTION('',(-0.997955016408,6.39201472625E-02));
#6130 = ( GEOMETRIC_REPRESENTATION_CONTEXT(2) 
PARAMETRIC_REPRESENTATION_CONTEXT() REPRESENTATION_CONTEXT('2D SPACE',''
  ) );
#6131 = PCURVE('',#6132,#6137);
#6132 = B_SPLINE_SURFACE_WITH_KNOTS('',1,1,(
    (#6133,#6134)
    ,(#6135,#6136
    )),.UNSPECIFIED.,.F.,.F.,.F.,(2,2),(2,2),(0.,5.030989265277E-03),(0.
    ,1.),.PIECEWISE_BEZIER_KNOTS.);
#6133 = CARTESIAN_POINT('',(162.10337737345,0.,-4.131814793751));
#6134 = CARTESIAN_POINT('',(119.13702642407,-700.,34.206356621878));
#6135 = CARTESIAN_POINT('',(167.12367011996,0.,-3.803921935168));
#6136 = CARTESIAN_POINT('',(122.14920207197,-700.,34.403092337028));
#6137 = DEFINITIONAL_REPRESENTATION('',(#6138),#6141);
#6138 = B_SPLINE_CURVE_WITH_KNOTS('',1,(#6139,#6140),.UNSPECIFIED.,.F.,
  .F.,(2,2),(0.,3.018593559166),.PIECEWISE_BEZIER_KNOTS.);
#6139 = CARTESIAN_POINT('',(0.,1.));
#6140 = CARTESIAN_POINT('',(5.030989265277E-03,1.));
#6141 = ( GEOMETRIC_REPRESENTATION_CONTEXT(2) 
PARAMETRIC_REPRESENTATION_CONTEXT() REPRESENTATION_CONTEXT('2D SPACE',''
  ) );
#6142 = ORIENTED_EDGE('',*,*,#6143,.T.);
#6143 = EDGE_CURVE('',#6117,#6144,#6146,.T.);
#6144 = VERTEX_POINT('',#6145);
#6145 = CARTESIAN_POINT('',(125.0645466033,-700.,34.594789902699));
#6146 = SURFACE_CURVE('',#6147,(#6151,#6158),.PCURVE_S1.);
#6147 = LINE('',#6148,#6149);
#6148 = CARTESIAN_POINT('',(122.14920207197,-700.,34.403092337028));
#6149 = VECTOR('',#6150,1.);
#6150 = DIRECTION('',(0.997845145763,0.,6.561299472646E-02));
#6151 = PCURVE('',#173,#6152);
#6152 = DEFINITIONAL_REPRESENTATION('',(#6153),#6157);
#6153 = LINE('',#6154,#6155);
#6154 = CARTESIAN_POINT('',(30.989850610862,-2.408406352196));
#6155 = VECTOR('',#6156,1.);
#6156 = DIRECTION('',(-0.9979268396,6.435854881294E-02));
#6157 = ( GEOMETRIC_REPRESENTATION_CONTEXT(2) 
PARAMETRIC_REPRESENTATION_CONTEXT() REPRESENTATION_CONTEXT('2D SPACE',''
  ) );
#6158 = PCURVE('',#6159,#6164);
#6159 = B_SPLINE_SURFACE_WITH_KNOTS('',1,1,(
    (#6160,#6161)
    ,(#6162,#6163
    )),.UNSPECIFIED.,.F.,.F.,.F.,(2,2),(2,2),(0.,4.869400400293E-03),(0.
    ,1.),.PIECEWISE_BEZIER_KNOTS.);
#6160 = CARTESIAN_POINT('',(167.12367011996,0.,-3.803921935168));
#6161 = CARTESIAN_POINT('',(122.14920207197,-700.,34.403092337028));
#6162 = CARTESIAN_POINT('',(171.98257767217,0.,-3.484425992382));
#6163 = CARTESIAN_POINT('',(125.0645466033,-700.,34.594789902699));
#6164 = DEFINITIONAL_REPRESENTATION('',(#6165),#6168);
#6165 = B_SPLINE_CURVE_WITH_KNOTS('',1,(#6166,#6167),.UNSPECIFIED.,.F.,
  .F.,(2,2),(0.,2.921640240176),.PIECEWISE_BEZIER_KNOTS.);
#6166 = CARTESIAN_POINT('',(0.,1.));
#6167 = CARTESIAN_POINT('',(4.869400400293E-03,1.));
#6168 = ( GEOMETRIC_REPRESENTATION_CONTEXT(2) 
PARAMETRIC_REPRESENTATION_CONTEXT() REPRESENTATION_CONTEXT('2D SPACE',''
  ) );
#6169 = ORIENTED_EDGE('',*,*,#6170,.T.);
#6170 = EDGE_CURVE('',#6144,#6171,#6173,.T.);
#6171 = VERTEX_POINT('',#6172);
#6172 = CARTESIAN_POINT('',(127.87465670435,-700.,34.780730341717));
#6173 = SURFACE_CURVE('',#6174,(#6178,#6185),.PCURVE_S1.);
#6174 = LINE('',#6175,#6176);
#6175 = CARTESIAN_POINT('',(125.0645466033,-700.,34.594789902699));
#6176 = VECTOR('',#6177,1.);
#6177 = DIRECTION('',(0.997818034894,0.,6.602400503773E-02));
#6178 = PCURVE('',#173,#6179);
#6179 = DEFINITIONAL_REPRESENTATION('',(#6180),#6184);
#6180 = LINE('',#6181,#6182);
#6181 = CARTESIAN_POINT('',(28.074267399534,-2.220373826184));
#6182 = VECTOR('',#6183,1.);
#6183 = DIRECTION('',(-0.997900245434,6.476959288059E-02));
#6184 = ( GEOMETRIC_REPRESENTATION_CONTEXT(2) 
PARAMETRIC_REPRESENTATION_CONTEXT() REPRESENTATION_CONTEXT('2D SPACE',''
  ) );
#6185 = PCURVE('',#6186,#6191);
#6186 = B_SPLINE_SURFACE_WITH_KNOTS('',1,1,(
    (#6187,#6188)
    ,(#6189,#6190
    )),.UNSPECIFIED.,.F.,.F.,.F.,(2,2),(2,2),(0.,4.693758452241E-03),(0.
    ,1.),.PIECEWISE_BEZIER_KNOTS.);
#6187 = CARTESIAN_POINT('',(171.98257767217,0.,-3.484425992382));
#6188 = CARTESIAN_POINT('',(125.0645466033,-700.,34.594789902699));
#6189 = CARTESIAN_POINT('',(176.66609450725,0.,-3.174525260686));
#6190 = CARTESIAN_POINT('',(127.87465670435,-700.,34.780730341717));
#6191 = DEFINITIONAL_REPRESENTATION('',(#6192),#6195);
#6192 = B_SPLINE_CURVE_WITH_KNOTS('',1,(#6193,#6194),.UNSPECIFIED.,.F.,
  .F.,(2,2),(0.,2.816255071344),.PIECEWISE_BEZIER_KNOTS.);
#6193 = CARTESIAN_POINT('',(0.,1.));
#6194 = CARTESIAN_POINT('',(4.693758452241E-03,1.));
#6195 = ( GEOMETRIC_REPRESENTATION_CONTEXT(2) 
PARAMETRIC_REPRESENTATION_CONTEXT() REPRESENTATION_CONTEXT('2D SPACE',''
  ) );
#6196 = ORIENTED_EDGE('',*,*,#6197,.T.);
#6197 = EDGE_CURVE('',#6171,#6198,#6200,.T.);
#6198 = VERTEX_POINT('',#6199);
#6199 = CARTESIAN_POINT('',(130.57140828562,-700.,34.960259858912));
#6200 = SURFACE_CURVE('',#6201,(#6205,#6212),.PCURVE_S1.);
#6201 = LINE('',#6202,#6203);
#6202 = CARTESIAN_POINT('',(127.87465670435,-700.,34.780730341717));
#6203 = VECTOR('',#6204,1.);
#6204 = DIRECTION('',(0.997791389115,0.,6.64254755955E-02));
#6205 = PCURVE('',#173,#6206);
#6206 = DEFINITIONAL_REPRESENTATION('',(#6207),#6211);
#6207 = LINE('',#6208,#6209);
#6208 = CARTESIAN_POINT('',(25.263925772634,-2.037966131765));
#6209 = VECTOR('',#6210,1.);
#6210 = DIRECTION('',(-0.997874104367,6.517109661764E-02));
#6211 = ( GEOMETRIC_REPRESENTATION_CONTEXT(2) 
PARAMETRIC_REPRESENTATION_CONTEXT() REPRESENTATION_CONTEXT('2D SPACE',''
  ) );
#6212 = PCURVE('',#6213,#6218);
#6213 = B_SPLINE_SURFACE_WITH_KNOTS('',1,1,(
    (#6214,#6215)
    ,(#6216,#6217
    )),.UNSPECIFIED.,.F.,.F.,.F.,(2,2),(2,2),(0.,4.504534733228E-03),(0.
    ,1.),.PIECEWISE_BEZIER_KNOTS.);
#6214 = CARTESIAN_POINT('',(176.66609450725,0.,-3.174525260686));
#6215 = CARTESIAN_POINT('',(127.87465670435,-700.,34.780730341717));
#6216 = CARTESIAN_POINT('',(181.16068047603,0.,-2.875309398694));
#6217 = CARTESIAN_POINT('',(130.57140828562,-700.,34.960259858912));
#6218 = DEFINITIONAL_REPRESENTATION('',(#6219),#6222);
#6219 = B_SPLINE_CURVE_WITH_KNOTS('',1,(#6220,#6221),.UNSPECIFIED.,.F.,
  .F.,(2,2),(0.,2.702720839937),.PIECEWISE_BEZIER_KNOTS.);
#6220 = CARTESIAN_POINT('',(0.,1.));
#6221 = CARTESIAN_POINT('',(4.504534733228E-03,1.));
#6222 = ( GEOMETRIC_REPRESENTATION_CONTEXT(2) 
PARAMETRIC_REPRESENTATION_CONTEXT() REPRESENTATION_CONTEXT('2D SPACE',''
  ) );
#6223 = ORIENTED_EDGE('',*,*,#6224,.T.);
#6224 = EDGE_CURVE('',#6198,#6225,#6227,.T.);
#6225 = VERTEX_POINT('',#6226);
#6226 = CARTESIAN_POINT('',(133.14698143925,-700.,35.132772855613));
#6227 = SURFACE_CURVE('',#6228,(#6232,#6239),.PCURVE_S1.);
#6228 = LINE('',#6229,#6230);
#6229 = CARTESIAN_POINT('',(130.57140828562,-700.,34.960259858912));
#6230 = VECTOR('',#6231,1.);
#6231 = DIRECTION('',(0.997764330752,0.,6.683068366999E-02));
#6232 = PCURVE('',#173,#6233);
#6233 = DEFINITIONAL_REPRESENTATION('',(#6234),#6238);
#6234 = LINE('',#6235,#6236);
#6235 = CARTESIAN_POINT('',(22.566950635128,-1.861826850775));
#6236 = VECTOR('',#6237,1.);
#6237 = DIRECTION('',(-0.997847555413,6.557633838709E-02));
#6238 = ( GEOMETRIC_REPRESENTATION_CONTEXT(2) 
PARAMETRIC_REPRESENTATION_CONTEXT() REPRESENTATION_CONTEXT('2D SPACE',''
  ) );
#6239 = PCURVE('',#6240,#6245);
#6240 = B_SPLINE_SURFACE_WITH_KNOTS('',1,1,(
    (#6241,#6242)
    ,(#6243,#6244
    )),.UNSPECIFIED.,.F.,.F.,.F.,(2,2),(2,2),(0.,4.302240309078E-03),(0.
    ,1.),.PIECEWISE_BEZIER_KNOTS.);
#6241 = CARTESIAN_POINT('',(181.16068047603,0.,-2.875309398694));
#6242 = CARTESIAN_POINT('',(130.57140828562,-700.,34.960259858912));
#6243 = CARTESIAN_POINT('',(185.45330239875,0.,-2.587787737526));
#6244 = CARTESIAN_POINT('',(133.14698143925,-700.,35.132772855613));
#6245 = DEFINITIONAL_REPRESENTATION('',(#6246),#6249);
#6246 = B_SPLINE_CURVE_WITH_KNOTS('',1,(#6247,#6248),.UNSPECIFIED.,.F.,
  .F.,(2,2),(0.,2.581344185447),.PIECEWISE_BEZIER_KNOTS.);
#6247 = CARTESIAN_POINT('',(0.,1.));
#6248 = CARTESIAN_POINT('',(4.302240309078E-03,1.));
#6249 = ( GEOMETRIC_REPRESENTATION_CONTEXT(2) 
PARAMETRIC_REPRESENTATION_CONTEXT() REPRESENTATION_CONTEXT('2D SPACE',''
  ) );
#6250 = ORIENTED_EDGE('',*,*,#6251,.T.);
#6251 = EDGE_CURVE('',#6225,#6252,#6254,.T.);
#6252 = VERTEX_POINT('',#6253);
#6253 = CARTESIAN_POINT('',(135.59388473824,-700.,35.297696882118));
#6254 = SURFACE_CURVE('',#6255,(#6259,#6266),.PCURVE_S1.);
#6255 = LINE('',#6256,#6257);
#6256 = CARTESIAN_POINT('',(133.14698143925,-700.,35.132772855613));
#6257 = VECTOR('',#6258,1.);
#6258 = DIRECTION('',(0.997736254494,0.,6.724854249431E-02));
#6259 = PCURVE('',#173,#6260);
#6260 = DEFINITIONAL_REPRESENTATION('',(#6261),#6265);
#6261 = LINE('',#6262,#6263);
#6262 = CARTESIAN_POINT('',(19.991162650001,-1.692551750977));
#6263 = VECTOR('',#6264,1.);
#6264 = DIRECTION('',(-0.997820004469,6.599423217599E-02));
#6265 = ( GEOMETRIC_REPRESENTATION_CONTEXT(2) 
PARAMETRIC_REPRESENTATION_CONTEXT() REPRESENTATION_CONTEXT('2D SPACE',''
  ) );
#6266 = PCURVE('',#6267,#6272);
#6267 = B_SPLINE_SURFACE_WITH_KNOTS('',1,1,(
    (#6268,#6269)
    ,(#6270,#6271
    )),.UNSPECIFIED.,.F.,.F.,.F.,(2,2),(2,2),(0.,4.087425055081E-03),(0.
    ,1.),.PIECEWISE_BEZIER_KNOTS.);
#6268 = CARTESIAN_POINT('',(185.45330239875,0.,-2.587787737526));
#6269 = CARTESIAN_POINT('',(133.14698143925,-700.,35.132772855613));
#6270 = CARTESIAN_POINT('',(189.53147456373,0.,-2.312914360017));
#6271 = CARTESIAN_POINT('',(135.59388473824,-700.,35.297696882118));
#6272 = DEFINITIONAL_REPRESENTATION('',(#6273),#6276);
#6273 = B_SPLINE_CURVE_WITH_KNOTS('',1,(#6274,#6275),.UNSPECIFIED.,.F.,
  .F.,(2,2),(0.,2.452455033048),.PIECEWISE_BEZIER_KNOTS.);
#6274 = CARTESIAN_POINT('',(0.,1.));
#6275 = CARTESIAN_POINT('',(4.087425055081E-03,1.));
#6276 = ( GEOMETRIC_REPRESENTATION_CONTEXT(2) 
PARAMETRIC_REPRESENTATION_CONTEXT() REPRESENTATION_CONTEXT('2D SPACE',''
  ) );
#6277 = ORIENTED_EDGE('',*,*,#6278,.T.);
#6278 = EDGE_CURVE('',#6252,#6279,#6281,.T.);
#6279 = VERTEX_POINT('',#6280);
#6280 = CARTESIAN_POINT('',(137.90497885927,-700.,35.454480202351));
#6281 = SURFACE_CURVE('',#6282,(#6286,#6293),.PCURVE_S1.);
#6282 = LINE('',#6283,#6284);
#6283 = CARTESIAN_POINT('',(135.59388473824,-700.,35.297696882118));
#6284 = VECTOR('',#6285,1.);
#6285 = DIRECTION('',(0.99770681772,0.,6.76838671681E-02));
#6286 = PCURVE('',#173,#6287);
#6287 = DEFINITIONAL_REPRESENTATION('',(#6288),#6292);
#6288 = LINE('',#6289,#6290);
#6289 = CARTESIAN_POINT('',(17.544053957963,-1.530703864125));
#6290 = VECTOR('',#6291,1.);
#6291 = DIRECTION('',(-0.997791114966,6.642959351085E-02));
#6292 = ( GEOMETRIC_REPRESENTATION_CONTEXT(2) 
PARAMETRIC_REPRESENTATION_CONTEXT() REPRESENTATION_CONTEXT('2D SPACE',''
  ) );
#6293 = PCURVE('',#6294,#6299);
#6294 = B_SPLINE_SURFACE_WITH_KNOTS('',1,1,(
    (#6295,#6296)
    ,(#6297,#6298
    )),.UNSPECIFIED.,.F.,.F.,.F.,(2,2),(2,2),(0.,3.860676770606E-03),(0.
    ,1.),.PIECEWISE_BEZIER_KNOTS.);
#6295 = CARTESIAN_POINT('',(189.53147456373,0.,-2.312914360017));
#6296 = CARTESIAN_POINT('',(135.59388473824,-700.,35.297696882118));
#6297 = CARTESIAN_POINT('',(193.38329809878,0.,-2.051608826297));
#6298 = CARTESIAN_POINT('',(137.90497885927,-700.,35.454480202351));
#6299 = DEFINITIONAL_REPRESENTATION('',(#6300),#6303);
#6300 = B_SPLINE_CURVE_WITH_KNOTS('',1,(#6301,#6302),.UNSPECIFIED.,.F.,
  .F.,(2,2),(0.,2.316406062364),.PIECEWISE_BEZIER_KNOTS.);
#6301 = CARTESIAN_POINT('',(0.,1.));
#6302 = CARTESIAN_POINT('',(3.860676770606E-03,1.));
#6303 = ( GEOMETRIC_REPRESENTATION_CONTEXT(2) 
PARAMETRIC_REPRESENTATION_CONTEXT() REPRESENTATION_CONTEXT('2D SPACE',''
  ) );
#6304 = ORIENTED_EDGE('',*,*,#6305,.T.);
#6305 = EDGE_CURVE('',#6279,#6306,#6308,.T.);
#6306 = VERTEX_POINT('',#6307);
#6307 = CARTESIAN_POINT('',(140.07349950419,-700.,35.602582465074));
#6308 = SURFACE_CURVE('',#6309,(#6313,#6320),.PCURVE_S1.);
#6309 = LINE('',#6310,#6311);
#6310 = CARTESIAN_POINT('',(137.90497885927,-700.,35.454480202351));
#6311 = VECTOR('',#6312,1.);
#6312 = DIRECTION('',(0.997675924599,0.,6.813772432553E-02));
#6313 = PCURVE('',#173,#6314);
#6314 = DEFINITIONAL_REPRESENTATION('',(#6315),#6319);
#6315 = LINE('',#6316,#6317);
#6316 = CARTESIAN_POINT('',(15.232764570282,-1.376825950996));
#6317 = VECTOR('',#6318,1.);
#6318 = DIRECTION('',(-0.997760792415,6.68834891455E-02));
#6319 = ( GEOMETRIC_REPRESENTATION_CONTEXT(2) 
PARAMETRIC_REPRESENTATION_CONTEXT() REPRESENTATION_CONTEXT('2D SPACE',''
  ) );
#6320 = PCURVE('',#6321,#6326);
#6321 = B_SPLINE_SURFACE_WITH_KNOTS('',1,1,(
    (#6322,#6323)
    ,(#6324,#6325
    )),.UNSPECIFIED.,.F.,.F.,.F.,(2,2),(2,2),(0.,3.622620317633E-03),(0.
    ,1.),.PIECEWISE_BEZIER_KNOTS.);
#6322 = CARTESIAN_POINT('',(193.38329809878,0.,-2.051608826297));
#6323 = CARTESIAN_POINT('',(137.90497885927,-700.,35.454480202351));
#6324 = CARTESIAN_POINT('',(196.99749917364,0.,-1.804771721758));
#6325 = CARTESIAN_POINT('',(140.07349950419,-700.,35.602582465074));
#6326 = DEFINITIONAL_REPRESENTATION('',(#6327),#6330);
#6327 = B_SPLINE_CURVE_WITH_KNOTS('',1,(#6328,#6329),.UNSPECIFIED.,.F.,
  .F.,(2,2),(0.,2.17357219058),.PIECEWISE_BEZIER_KNOTS.);
#6328 = CARTESIAN_POINT('',(0.,1.));
#6329 = CARTESIAN_POINT('',(3.622620317633E-03,1.));
#6330 = ( GEOMETRIC_REPRESENTATION_CONTEXT(2) 
PARAMETRIC_REPRESENTATION_CONTEXT() REPRESENTATION_CONTEXT('2D SPACE',''
  ) );
#6331 = ORIENTED_EDGE('',*,*,#6332,.T.);
#6332 = EDGE_CURVE('',#6306,#6333,#6335,.T.);
#6333 = VERTEX_POINT('',#6334);
#6334 = CARTESIAN_POINT('',(142.09307958156,-700.,35.741468779706));
#6335 = SURFACE_CURVE('',#6336,(#6340,#6347),.PCURVE_S1.);
#6336 = LINE('',#6337,#6338);
#6337 = CARTESIAN_POINT('',(140.07349950419,-700.,35.602582465074));
#6338 = VECTOR('',#6339,1.);
#6339 = DIRECTION('',(0.99764370504,0.,6.860785519731E-02));
#6340 = PCURVE('',#173,#6341);
#6341 = DEFINITIONAL_REPRESENTATION('',(#6342),#6346);
#6342 = LINE('',#6343,#6344);
#6343 = CARTESIAN_POINT('',(13.064059459039,-1.23144985898));
#6344 = VECTOR('',#6345,1.);
#6345 = DIRECTION('',(-0.997729163884,6.735366014911E-02));
#6346 = ( GEOMETRIC_REPRESENTATION_CONTEXT(2) 
PARAMETRIC_REPRESENTATION_CONTEXT() REPRESENTATION_CONTEXT('2D SPACE',''
  ) );
#6347 = PCURVE('',#6348,#6353);
#6348 = B_SPLINE_SURFACE_WITH_KNOTS('',1,1,(
    (#6349,#6350)
    ,(#6351,#6352
    )),.UNSPECIFIED.,.F.,.F.,.F.,(2,2),(2,2),(0.,3.373916738638E-03),(0.
    ,1.),.PIECEWISE_BEZIER_KNOTS.);
#6349 = CARTESIAN_POINT('',(196.99749917364,0.,-1.804771721758));
#6350 = CARTESIAN_POINT('',(140.07349950419,-700.,35.602582465074));
#6351 = CARTESIAN_POINT('',(200.36346596927,0.,-1.573294530705));
#6352 = CARTESIAN_POINT('',(142.09307958156,-700.,35.741468779706));
#6353 = DEFINITIONAL_REPRESENTATION('',(#6354),#6357);
#6354 = B_SPLINE_CURVE_WITH_KNOTS('',1,(#6355,#6356),.UNSPECIFIED.,.F.,
  .F.,(2,2),(0.,2.024350043183),.PIECEWISE_BEZIER_KNOTS.);
#6355 = CARTESIAN_POINT('',(0.,1.));
#6356 = CARTESIAN_POINT('',(3.373916738638E-03,1.));
#6357 = ( GEOMETRIC_REPRESENTATION_CONTEXT(2) 
PARAMETRIC_REPRESENTATION_CONTEXT() REPRESENTATION_CONTEXT('2D SPACE',''
  ) );
#6358 = ORIENTED_EDGE('',*,*,#6359,.T.);
#6359 = EDGE_CURVE('',#6333,#6360,#6362,.T.);
#6360 = VERTEX_POINT('',#6361);
#6361 = CARTESIAN_POINT('',(143.95777059044,-700.,35.870607292081));
#6362 = SURFACE_CURVE('',#6363,(#6367,#6374),.PCURVE_S1.);
#6363 = LINE('',#6364,#6365);
#6364 = CARTESIAN_POINT('',(142.09307958156,-700.,35.741468779706));
#6365 = VECTOR('',#6366,1.);
#6366 = DIRECTION('',(0.99761048914,0.,6.908915948279E-02));
#6367 = PCURVE('',#173,#6368);
#6368 = DEFINITIONAL_REPRESENTATION('',(#6369),#6373);
#6369 = LINE('',#6370,#6371);
#6370 = CARTESIAN_POINT('',(11.044306383046,-1.095102474149));
#6371 = VECTOR('',#6372,1.);
#6372 = DIRECTION('',(-0.997696553059,6.783500581009E-02));
#6373 = ( GEOMETRIC_REPRESENTATION_CONTEXT(2) 
PARAMETRIC_REPRESENTATION_CONTEXT() REPRESENTATION_CONTEXT('2D SPACE',''
  ) );
#6374 = PCURVE('',#6375,#6380);
#6375 = B_SPLINE_SURFACE_WITH_KNOTS('',1,1,(
    (#6376,#6377)
    ,(#6378,#6379
    )),.UNSPECIFIED.,.F.,.F.,.F.,(2,2),(2,2),(0.,3.115262301222E-03),(0.
    ,1.),.PIECEWISE_BEZIER_KNOTS.);
#6376 = CARTESIAN_POINT('',(200.36346596927,0.,-1.573294530705));
#6377 = CARTESIAN_POINT('',(142.09307958156,-700.,35.741468779706));
#6378 = CARTESIAN_POINT('',(203.4712843174,0.,-1.358063676746));
#6379 = CARTESIAN_POINT('',(143.95777059044,-700.,35.870607292081));
#6380 = DEFINITIONAL_REPRESENTATION('',(#6381),#6384);
#6381 = B_SPLINE_CURVE_WITH_KNOTS('',1,(#6382,#6383),.UNSPECIFIED.,.F.,
  .F.,(2,2),(0.,1.869157380733),.PIECEWISE_BEZIER_KNOTS.);
#6382 = CARTESIAN_POINT('',(0.,1.));
#6383 = CARTESIAN_POINT('',(3.115262301222E-03,1.));
#6384 = ( GEOMETRIC_REPRESENTATION_CONTEXT(2) 
PARAMETRIC_REPRESENTATION_CONTEXT() REPRESENTATION_CONTEXT('2D SPACE',''
  ) );
#6385 = ORIENTED_EDGE('',*,*,#6386,.T.);
#6386 = EDGE_CURVE('',#6360,#6387,#6389,.T.);
#6387 = VERTEX_POINT('',#6388);
#6388 = CARTESIAN_POINT('',(145.66206312531,-700.,35.989470156754));
#6389 = SURFACE_CURVE('',#6390,(#6394,#6401),.PCURVE_S1.);
#6390 = LINE('',#6391,#6392);
#6391 = CARTESIAN_POINT('',(143.95777059044,-700.,35.870607292081));
#6392 = VECTOR('',#6393,1.);
#6393 = DIRECTION('',(0.997576777554,0.,6.957422571815E-02));
#6394 = PCURVE('',#173,#6395);
#6395 = DEFINITIONAL_REPRESENTATION('',(#6396),#6400);
#6396 = LINE('',#6397,#6398);
#6397 = CARTESIAN_POINT('',(9.179454507163,-0.968308172367));
#6398 = VECTOR('',#6399,1.);
#6399 = DIRECTION('',(-0.997663451279,6.83201140411E-02));
#6400 = ( GEOMETRIC_REPRESENTATION_CONTEXT(2) 
PARAMETRIC_REPRESENTATION_CONTEXT() REPRESENTATION_CONTEXT('2D SPACE',''
  ) );
#6401 = PCURVE('',#6402,#6407);
#6402 = B_SPLINE_SURFACE_WITH_KNOTS('',1,1,(
    (#6403,#6404)
    ,(#6405,#6406
    )),.UNSPECIFIED.,.F.,.F.,.F.,(2,2),(2,2),(0.,2.847387411213E-03),(0.
    ,1.),.PIECEWISE_BEZIER_KNOTS.);
#6403 = CARTESIAN_POINT('',(203.4712843174,0.,-1.358063676746));
#6404 = CARTESIAN_POINT('',(143.95777059044,-700.,35.870607292081));
#6405 = CARTESIAN_POINT('',(206.31177187552,0.,-1.159958902291));
#6406 = CARTESIAN_POINT('',(145.66206312531,-700.,35.989470156754));
#6407 = DEFINITIONAL_REPRESENTATION('',(#6408),#6411);
#6408 = B_SPLINE_CURVE_WITH_KNOTS('',1,(#6409,#6410),.UNSPECIFIED.,.F.,
  .F.,(2,2),(0.,1.708432446728),.PIECEWISE_BEZIER_KNOTS.);
#6409 = CARTESIAN_POINT('',(0.,1.));
#6410 = CARTESIAN_POINT('',(2.847387411213E-03,1.));
#6411 = ( GEOMETRIC_REPRESENTATION_CONTEXT(2) 
PARAMETRIC_REPRESENTATION_CONTEXT() REPRESENTATION_CONTEXT('2D SPACE',''
  ) );
#6412 = ORIENTED_EDGE('',*,*,#6413,.T.);
#6413 = EDGE_CURVE('',#6387,#6414,#6416,.T.);
#6414 = VERTEX_POINT('',#6415);
#6415 = CARTESIAN_POINT('',(147.20090639665,-700.,36.097537617291));
#6416 = SURFACE_CURVE('',#6417,(#6421,#6428),.PCURVE_S1.);
#6417 = LINE('',#6418,#6419);
#6418 = CARTESIAN_POINT('',(145.66206312531,-700.,35.989470156754));
#6419 = VECTOR('',#6420,1.);
#6420 = DIRECTION('',(0.997543208152,0.,7.005389261433E-02));
#6421 = PCURVE('',#173,#6422);
#6422 = DEFINITIONAL_REPRESENTATION('',(#6423),#6427);
#6423 = LINE('',#6424,#6425);
#6424 = CARTESIAN_POINT('',(7.475013896084,-0.851587872775));
#6425 = VECTOR('',#6426,1.);
#6426 = DIRECTION('',(-0.997630484893,6.879982275847E-02));
#6427 = ( GEOMETRIC_REPRESENTATION_CONTEXT(2) 
PARAMETRIC_REPRESENTATION_CONTEXT() REPRESENTATION_CONTEXT('2D SPACE',''
  ) );
#6428 = PCURVE('',#6429,#6434);
#6429 = B_SPLINE_SURFACE_WITH_KNOTS('',1,1,(
    (#6430,#6431)
    ,(#6432,#6433
    )),.UNSPECIFIED.,.F.,.F.,.F.,(2,2),(2,2),(0.,2.571055333354E-03),(0.
    ,1.),.PIECEWISE_BEZIER_KNOTS.);
#6430 = CARTESIAN_POINT('',(206.31177187552,0.,-1.159958902291));
#6431 = CARTESIAN_POINT('',(145.66206312531,-700.,35.989470156754));
#6432 = CARTESIAN_POINT('',(208.87651066109,0.,-0.979846468063));
#6433 = CARTESIAN_POINT('',(147.20090639665,-700.,36.097537617291));
#6434 = DEFINITIONAL_REPRESENTATION('',(#6435),#6438);
#6435 = B_SPLINE_CURVE_WITH_KNOTS('',1,(#6436,#6437),.UNSPECIFIED.,.F.,
  .F.,(2,2),(0.,1.542633200013),.PIECEWISE_BEZIER_KNOTS.);
#6436 = CARTESIAN_POINT('',(0.,1.));
#6437 = CARTESIAN_POINT('',(2.571055333354E-03,1.));
#6438 = ( GEOMETRIC_REPRESENTATION_CONTEXT(2) 
PARAMETRIC_REPRESENTATION_CONTEXT() REPRESENTATION_CONTEXT('2D SPACE',''
  ) );
#6439 = ORIENTED_EDGE('',*,*,#6440,.T.);
#6440 = EDGE_CURVE('',#6414,#6441,#6443,.T.);
#6441 = VERTEX_POINT('',#6442);
#6442 = CARTESIAN_POINT('',(148.56972663681,-700.,36.194304743543));
#6443 = SURFACE_CURVE('',#6444,(#6448,#6455),.PCURVE_S1.);
#6444 = LINE('',#6445,#6446);
#6445 = CARTESIAN_POINT('',(147.20090639665,-700.,36.097537617291));
#6446 = VECTOR('',#6447,1.);
#6447 = DIRECTION('',(0.997510519411,0.,7.051782515861E-02));
#6448 = PCURVE('',#173,#6449);
#6449 = DEFINITIONAL_REPRESENTATION('',(#6450),#6454);
#6450 = LINE('',#6451,#6452);
#6451 = CARTESIAN_POINT('',(5.936035988743,-0.745454982033));
#6452 = VECTOR('',#6453,1.);
#6453 = DIRECTION('',(-0.997598379389,6.926379602928E-02));
#6454 = ( GEOMETRIC_REPRESENTATION_CONTEXT(2) 
PARAMETRIC_REPRESENTATION_CONTEXT() REPRESENTATION_CONTEXT('2D SPACE',''
  ) );
#6455 = PCURVE('',#6456,#6461);
#6456 = B_SPLINE_SURFACE_WITH_KNOTS('',1,1,(
    (#6457,#6458)
    ,(#6459,#6460
    )),.UNSPECIFIED.,.F.,.F.,.F.,(2,2),(2,2),(0.,2.287060660044E-03),(0.
    ,1.),.PIECEWISE_BEZIER_KNOTS.);
#6457 = CARTESIAN_POINT('',(208.87651066109,0.,-0.979846468063));
#6458 = CARTESIAN_POINT('',(147.20090639665,-700.,36.097537617291));
#6459 = CARTESIAN_POINT('',(211.15787772802,0.,-0.81856792431));
#6460 = CARTESIAN_POINT('',(148.56972663681,-700.,36.194304743543));
#6461 = DEFINITIONAL_REPRESENTATION('',(#6462),#6465);
#6462 = B_SPLINE_CURVE_WITH_KNOTS('',1,(#6463,#6464),.UNSPECIFIED.,.F.,
  .F.,(2,2),(0.,1.372236396026),.PIECEWISE_BEZIER_KNOTS.);
#6463 = CARTESIAN_POINT('',(0.,1.));
#6464 = CARTESIAN_POINT('',(2.287060660044E-03,1.));
#6465 = ( GEOMETRIC_REPRESENTATION_CONTEXT(2) 
PARAMETRIC_REPRESENTATION_CONTEXT() REPRESENTATION_CONTEXT('2D SPACE',''
  ) );
#6466 = ORIENTED_EDGE('',*,*,#6467,.T.);
#6467 = EDGE_CURVE('',#6441,#6468,#6470,.T.);
#6468 = VERTEX_POINT('',#6469);
#6469 = CARTESIAN_POINT('',(149.76444423994,-700.,36.279290242539));
#6470 = SURFACE_CURVE('',#6471,(#6475,#6482),.PCURVE_S1.);
#6471 = LINE('',#6472,#6473);
#6472 = CARTESIAN_POINT('',(148.56972663681,-700.,36.194304743543));
#6473 = VECTOR('',#6474,1.);
#6474 = DIRECTION('',(0.997479511232,0.,7.095508911734E-02));
#6475 = PCURVE('',#173,#6476);
#6476 = DEFINITIONAL_REPRESENTATION('',(#6477),#6481);
#6477 = LINE('',#6478,#6479);
#6478 = CARTESIAN_POINT('',(4.567095183928,-0.650408680194));
#6479 = VECTOR('',#6480,1.);
#6480 = DIRECTION('',(-0.997567920921,6.970109862298E-02));
#6481 = ( GEOMETRIC_REPRESENTATION_CONTEXT(2) 
PARAMETRIC_REPRESENTATION_CONTEXT() REPRESENTATION_CONTEXT('2D SPACE',''
  ) );
#6482 = PCURVE('',#6483,#6488);
#6483 = B_SPLINE_SURFACE_WITH_KNOTS('',1,1,(
    (#6484,#6485)
    ,(#6486,#6487
    )),.UNSPECIFIED.,.F.,.F.,.F.,(2,2),(2,2),(0.,1.996227474154E-03),(0.
    ,1.),.PIECEWISE_BEZIER_KNOTS.);
#6484 = CARTESIAN_POINT('',(211.15787772802,0.,-0.81856792431));
#6485 = CARTESIAN_POINT('',(148.56972663681,-700.,36.194304743543));
#6486 = CARTESIAN_POINT('',(213.14907373324,0.,-0.676925425983));
#6487 = CARTESIAN_POINT('',(149.76444423994,-700.,36.279290242539));
#6488 = DEFINITIONAL_REPRESENTATION('',(#6489),#6492);
#6489 = B_SPLINE_CURVE_WITH_KNOTS('',1,(#6490,#6491),.UNSPECIFIED.,.F.,
  .F.,(2,2),(0.,1.197736484492),.PIECEWISE_BEZIER_KNOTS.);
#6490 = CARTESIAN_POINT('',(0.,1.));
#6491 = CARTESIAN_POINT('',(1.996227474154E-03,1.));
#6492 = ( GEOMETRIC_REPRESENTATION_CONTEXT(2) 
PARAMETRIC_REPRESENTATION_CONTEXT() REPRESENTATION_CONTEXT('2D SPACE',''
  ) );
#6493 = ORIENTED_EDGE('',*,*,#6494,.T.);
#6494 = EDGE_CURVE('',#6468,#6495,#6497,.T.);
#6495 = VERTEX_POINT('',#6496);
#6496 = CARTESIAN_POINT('',(150.78148946815,-700.,36.352046663554));
#6497 = SURFACE_CURVE('',#6498,(#6502,#6509),.PCURVE_S1.);
#6498 = LINE('',#6499,#6500);
#6499 = CARTESIAN_POINT('',(149.76444423994,-700.,36.279290242539));
#6500 = VECTOR('',#6501,1.);
#6501 = DIRECTION('',(0.997451004139,0.,7.1354707919E-02));
#6502 = PCURVE('',#173,#6503);
#6503 = DEFINITIONAL_REPRESENTATION('',(#6504),#6508);
#6504 = LINE('',#6505,#6506);
#6505 = CARTESIAN_POINT('',(3.372271689282,-0.566925131365));
#6506 = VECTOR('',#6507,1.);
#6507 = DIRECTION('',(-0.997539916212,7.010075294523E-02));
#6508 = ( GEOMETRIC_REPRESENTATION_CONTEXT(2) 
PARAMETRIC_REPRESENTATION_CONTEXT() REPRESENTATION_CONTEXT('2D SPACE',''
  ) );
#6509 = PCURVE('',#6510,#6515);
#6510 = B_SPLINE_SURFACE_WITH_KNOTS('',1,1,(
    (#6511,#6512)
    ,(#6513,#6514
    )),.UNSPECIFIED.,.F.,.F.,.F.,(2,2),(2,2),(0.,1.699407162168E-03),(0.
    ,1.),.PIECEWISE_BEZIER_KNOTS.);
#6511 = CARTESIAN_POINT('',(213.14907373324,0.,-0.676925425983));
#6512 = CARTESIAN_POINT('',(149.76444423994,-700.,36.279290242539));
#6513 = CARTESIAN_POINT('',(214.84414911359,0.,-0.555664724291));
#6514 = CARTESIAN_POINT('',(150.78148946815,-700.,36.352046663554));
#6515 = DEFINITIONAL_REPRESENTATION('',(#6516),#6519);
#6516 = B_SPLINE_CURVE_WITH_KNOTS('',1,(#6517,#6518),.UNSPECIFIED.,.F.,
  .F.,(2,2),(0.,1.019644297301),.PIECEWISE_BEZIER_KNOTS.);
#6517 = CARTESIAN_POINT('',(0.,1.));
#6518 = CARTESIAN_POINT('',(1.699407162168E-03,1.));
#6519 = ( GEOMETRIC_REPRESENTATION_CONTEXT(2) 
PARAMETRIC_REPRESENTATION_CONTEXT() REPRESENTATION_CONTEXT('2D SPACE',''
  ) );
#6520 = ORIENTED_EDGE('',*,*,#6521,.T.);
#6521 = EDGE_CURVE('',#6495,#6522,#6524,.T.);
#6522 = VERTEX_POINT('',#6523);
#6523 = CARTESIAN_POINT('',(151.61781654617,-700.,36.412171261995));
#6524 = SURFACE_CURVE('',#6525,(#6529,#6536),.PCURVE_S1.);
#6525 = LINE('',#6526,#6527);
#6526 = CARTESIAN_POINT('',(150.78148946815,-700.,36.352046663554));
#6527 = VECTOR('',#6528,1.);
#6528 = DIRECTION('',(0.997425798138,0.,7.170618668655E-02));
#6529 = PCURVE('',#173,#6530);
#6530 = DEFINITIONAL_REPRESENTATION('',(#6531),#6535);
#6531 = LINE('',#6532,#6533);
#6532 = CARTESIAN_POINT('',(2.355135802387,-0.495447298387));
#6533 = VECTOR('',#6534,1.);
#6534 = DIRECTION('',(-0.997515152076,7.045226312159E-02));
#6535 = ( GEOMETRIC_REPRESENTATION_CONTEXT(2) 
PARAMETRIC_REPRESENTATION_CONTEXT() REPRESENTATION_CONTEXT('2D SPACE',''
  ) );
#6536 = PCURVE('',#6537,#6542);
#6537 = B_SPLINE_SURFACE_WITH_KNOTS('',1,1,(
    (#6538,#6539)
    ,(#6540,#6541
    )),.UNSPECIFIED.,.F.,.F.,.F.,(2,2),(2,2),(0.,1.397475848302E-03),(0.
    ,1.),.PIECEWISE_BEZIER_KNOTS.);
#6538 = CARTESIAN_POINT('',(214.84414911359,0.,-0.555664724291));
#6539 = CARTESIAN_POINT('',(150.78148946815,-700.,36.352046663554));
#6540 = CARTESIAN_POINT('',(216.23802757696,0.,-0.455457060223));
#6541 = CARTESIAN_POINT('',(151.61781654617,-700.,36.412171261995));
#6542 = DEFINITIONAL_REPRESENTATION('',(#6543),#6546);
#6543 = B_SPLINE_CURVE_WITH_KNOTS('',1,(#6544,#6545),.UNSPECIFIED.,.F.,
  .F.,(2,2),(0.,0.838485508981),.PIECEWISE_BEZIER_KNOTS.);
#6544 = CARTESIAN_POINT('',(0.,1.));
#6545 = CARTESIAN_POINT('',(1.397475848302E-03,1.));
#6546 = ( GEOMETRIC_REPRESENTATION_CONTEXT(2) 
PARAMETRIC_REPRESENTATION_CONTEXT() REPRESENTATION_CONTEXT('2D SPACE',''
  ) );
#6547 = ORIENTED_EDGE('',*,*,#6548,.T.);
#6548 = EDGE_CURVE('',#6522,#6549,#6551,.T.);
#6549 = VERTEX_POINT('',#6550);
#6550 = CARTESIAN_POINT('',(152.2709159657,-700.,36.459316773173));
#6551 = SURFACE_CURVE('',#6552,(#6556,#6563),.PCURVE_S1.);
#6552 = LINE('',#6553,#6554);
#6553 = CARTESIAN_POINT('',(151.61781654617,-700.,36.412171261995));
#6554 = VECTOR('',#6555,1.);
#6555 = DIRECTION('',(0.9974046328,0.,7.1999989372E-02));
#6556 = PCURVE('',#173,#6557);
#6557 = DEFINITIONAL_REPRESENTATION('',(#6558),#6562);
#6558 = LINE('',#6559,#6560);
#6559 = CARTESIAN_POINT('',(1.518733802382,-0.436374096685));
#6560 = VECTOR('',#6561,1.);
#6561 = DIRECTION('',(-0.997494356095,7.074609218191E-02));
#6562 = ( GEOMETRIC_REPRESENTATION_CONTEXT(2) 
PARAMETRIC_REPRESENTATION_CONTEXT() REPRESENTATION_CONTEXT('2D SPACE',''
  ) );
#6563 = PCURVE('',#6564,#6569);
#6564 = B_SPLINE_SURFACE_WITH_KNOTS('',1,1,(
    (#6565,#6566)
    ,(#6567,#6568
    )),.UNSPECIFIED.,.F.,.F.,.F.,(2,2),(2,2),(0.,1.091331438364E-03),(0.
    ,1.),.PIECEWISE_BEZIER_KNOTS.);
#6565 = CARTESIAN_POINT('',(216.23802757696,0.,-0.455457060223));
#6566 = CARTESIAN_POINT('',(151.61781654617,-700.,36.412171261995));
#6567 = CARTESIAN_POINT('',(217.3265266095,0.,-0.37688120826));
#6568 = CARTESIAN_POINT('',(152.2709159657,-700.,36.459316773173));
#6569 = DEFINITIONAL_REPRESENTATION('',(#6570),#6573);
#6570 = B_SPLINE_CURVE_WITH_KNOTS('',1,(#6571,#6572),.UNSPECIFIED.,.F.,
  .F.,(2,2),(0.,0.654798863019),.PIECEWISE_BEZIER_KNOTS.);
#6571 = CARTESIAN_POINT('',(0.,1.));
#6572 = CARTESIAN_POINT('',(1.091331438364E-03,1.));
#6573 = ( GEOMETRIC_REPRESENTATION_CONTEXT(2) 
PARAMETRIC_REPRESENTATION_CONTEXT() REPRESENTATION_CONTEXT('2D SPACE',''
  ) );
#6574 = ORIENTED_EDGE('',*,*,#6575,.T.);
#6575 = EDGE_CURVE('',#6549,#6576,#6578,.T.);
#6576 = VERTEX_POINT('',#6577);
#6577 = CARTESIAN_POINT('',(152.73882482734,-700.,36.493201375546));
#6578 = SURFACE_CURVE('',#6579,(#6583,#6590),.PCURVE_S1.);
#6579 = LINE('',#6580,#6581);
#6580 = CARTESIAN_POINT('',(152.2709159657,-700.,36.459316773173));
#6581 = VECTOR('',#6582,1.);
#6582 = DIRECTION('',(0.997388150274,0.,7.222795645496E-02));
#6583 = PCURVE('',#173,#6584);
#6584 = DEFINITIONAL_REPRESENTATION('',(#6585),#6589);
#6585 = LINE('',#6586,#6587);
#6586 = CARTESIAN_POINT('',(0.865575632143,-0.390049635961));
#6587 = VECTOR('',#6588,1.);
#6588 = DIRECTION('',(-0.99747816016,7.097407980497E-02));
#6589 = ( GEOMETRIC_REPRESENTATION_CONTEXT(2) 
PARAMETRIC_REPRESENTATION_CONTEXT() REPRESENTATION_CONTEXT('2D SPACE',''
  ) );
#6590 = PCURVE('',#6591,#6596);
#6591 = B_SPLINE_SURFACE_WITH_KNOTS('',1,1,(
    (#6592,#6593)
    ,(#6594,#6595
    )),.UNSPECIFIED.,.F.,.F.,.F.,(2,2),(2,2),(0.,7.81890282655E-04),(0.,
    1.),.PIECEWISE_BEZIER_KNOTS.);
#6592 = CARTESIAN_POINT('',(217.3265266095,0.,-0.37688120826));
#6593 = CARTESIAN_POINT('',(152.2709159657,-700.,36.459316773173));
#6594 = CARTESIAN_POINT('',(218.10637471224,0.,-0.320406870971));
#6595 = CARTESIAN_POINT('',(152.73882482734,-700.,36.493201375546));
#6596 = DEFINITIONAL_REPRESENTATION('',(#6597),#6600);
#6597 = B_SPLINE_CURVE_WITH_KNOTS('',1,(#6598,#6599),.UNSPECIFIED.,.F.,
  .F.,(2,2),(0.,0.469134169593),.PIECEWISE_BEZIER_KNOTS.);
#6598 = CARTESIAN_POINT('',(0.,1.));
#6599 = CARTESIAN_POINT('',(7.81890282655E-04,1.));
#6600 = ( GEOMETRIC_REPRESENTATION_CONTEXT(2) 
PARAMETRIC_REPRESENTATION_CONTEXT() REPRESENTATION_CONTEXT('2D SPACE',''
  ) );
#6601 = ORIENTED_EDGE('',*,*,#6602,.T.);
#6602 = EDGE_CURVE('',#6576,#6603,#6605,.T.);
#6603 = VERTEX_POINT('',#6604);
#6604 = CARTESIAN_POINT('',(153.02013506459,-700.,36.513617191467));
#6605 = SURFACE_CURVE('',#6606,(#6610,#6617),.PCURVE_S1.);
#6606 = LINE('',#6607,#6608);
#6607 = CARTESIAN_POINT('',(152.73882482734,-700.,36.493201375546));
#6608 = VECTOR('',#6609,1.);
#6609 = DIRECTION('',(0.997376863006,0.,7.238365243404E-02));
#6610 = PCURVE('',#173,#6611);
#6611 = DEFINITIONAL_REPRESENTATION('',(#6612),#6616);
#6612 = LINE('',#6613,#6614);
#6613 = CARTESIAN_POINT('',(0.39762454379,-0.356753269969));
#6614 = VECTOR('',#6615,1.);
#6615 = DIRECTION('',(-0.997467068627,7.112978985028E-02));
#6616 = ( GEOMETRIC_REPRESENTATION_CONTEXT(2) 
PARAMETRIC_REPRESENTATION_CONTEXT() REPRESENTATION_CONTEXT('2D SPACE',''
  ) );
#6617 = PCURVE('',#6618,#6623);
#6618 = B_SPLINE_SURFACE_WITH_KNOTS('',1,1,(
    (#6619,#6620)
    ,(#6621,#6622
    )),.UNSPECIFIED.,.F.,.F.,.F.,(2,2),(2,2),(0.,4.700834888064E-04),(0.
    ,1.),.PIECEWISE_BEZIER_KNOTS.);
#6619 = CARTESIAN_POINT('',(218.10637471224,0.,-0.320406870971));
#6620 = CARTESIAN_POINT('',(152.73882482734,-700.,36.493201375546));
#6621 = CARTESIAN_POINT('',(218.57522510766,0.,-0.286380511103));
#6622 = CARTESIAN_POINT('',(153.02013506459,-700.,36.513617191467));
#6623 = DEFINITIONAL_REPRESENTATION('',(#6624),#6627);
#6624 = B_SPLINE_CURVE_WITH_KNOTS('',1,(#6625,#6626),.UNSPECIFIED.,.F.,
  .F.,(2,2),(0.,0.282050093284),.PIECEWISE_BEZIER_KNOTS.);
#6625 = CARTESIAN_POINT('',(0.,1.));
#6626 = CARTESIAN_POINT('',(4.700834888064E-04,1.));
#6627 = ( GEOMETRIC_REPRESENTATION_CONTEXT(2) 
PARAMETRIC_REPRESENTATION_CONTEXT() REPRESENTATION_CONTEXT('2D SPACE',''
  ) );
#6628 = ORIENTED_EDGE('',*,*,#6629,.T.);
#6629 = EDGE_CURVE('',#6603,#6630,#6632,.T.);
#6630 = VERTEX_POINT('',#6631);
#6631 = CARTESIAN_POINT('',(153.11399941863,-700.,36.520436777648));
#6632 = SURFACE_CURVE('',#6633,(#6637,#6644),.PCURVE_S1.);
#6633 = LINE('',#6634,#6635);
#6634 = CARTESIAN_POINT('',(153.02013506459,-700.,36.513617191467));
#6635 = VECTOR('',#6636,1.);
#6636 = DIRECTION('',(0.99737112783,0.,7.246263430301E-02));
#6637 = PCURVE('',#173,#6638);
#6638 = DEFINITIONAL_REPRESENTATION('',(#6639),#6643);
#6639 = LINE('',#6640,#6641);
#6640 = CARTESIAN_POINT('',(0.116288864036,-0.336691106107));
#6641 = VECTOR('',#6642,1.);
#6642 = DIRECTION('',(-0.997461432744,7.120877886655E-02));
#6643 = ( GEOMETRIC_REPRESENTATION_CONTEXT(2) 
PARAMETRIC_REPRESENTATION_CONTEXT() REPRESENTATION_CONTEXT('2D SPACE',''
  ) );
#6644 = PCURVE('',#6645,#6650);
#6645 = B_SPLINE_SURFACE_WITH_KNOTS('',1,1,(
    (#6646,#6647)
    ,(#6648,#6649
    )),.UNSPECIFIED.,.F.,.F.,.F.,(2,2),(2,2),(0.,1.568529363836E-04),(0.
    ,1.),.PIECEWISE_BEZIER_KNOTS.);
#6646 = CARTESIAN_POINT('',(218.57522510766,0.,-0.286380511103));
#6647 = CARTESIAN_POINT('',(153.02013506459,-700.,36.513617191467));
#6648 = CARTESIAN_POINT('',(218.73166569772,0.,-0.275014534134));
#6649 = CARTESIAN_POINT('',(153.11399941863,-700.,36.520436777648));
#6650 = DEFINITIONAL_REPRESENTATION('',(#6651),#6654);
#6651 = B_SPLINE_CURVE_WITH_KNOTS('',1,(#6652,#6653),.UNSPECIFIED.,.F.,
  .F.,(2,2),(0.,9.411176183013E-02),.PIECEWISE_BEZIER_KNOTS.);
#6652 = CARTESIAN_POINT('',(0.,1.));
#6653 = CARTESIAN_POINT('',(1.568529363836E-04,1.));
#6654 = ( GEOMETRIC_REPRESENTATION_CONTEXT(2) 
PARAMETRIC_REPRESENTATION_CONTEXT() REPRESENTATION_CONTEXT('2D SPACE',''
  ) );
#6655 = ORIENTED_EDGE('',*,*,#6656,.T.);
#6656 = EDGE_CURVE('',#6630,#159,#6657,.T.);
#6657 = SURFACE_CURVE('',#6658,(#6662,#6669),.PCURVE_S1.);
#6658 = LINE('',#6659,#6660);
#6659 = CARTESIAN_POINT('',(153.11399941863,-700.,36.520436777648));
#6660 = VECTOR('',#6661,1.);
#6661 = DIRECTION('',(6.651901052386E-02,0.,0.997785157857));
#6662 = PCURVE('',#173,#6663);
#6663 = DEFINITIONAL_REPRESENTATION('',(#6664),#6668);
#6664 = LINE('',#6665,#6666);
#6665 = CARTESIAN_POINT('',(2.241601124267E-02,-0.32998952247));
#6666 = VECTOR('',#6667,1.);
#6667 = DIRECTION('',(-6.777327662175E-02,0.997700748209));
#6668 = ( GEOMETRIC_REPRESENTATION_CONTEXT(2) 
PARAMETRIC_REPRESENTATION_CONTEXT() REPRESENTATION_CONTEXT('2D SPACE',''
  ) );
#6669 = PCURVE('',#197,#6670);
#6670 = DEFINITIONAL_REPRESENTATION('',(#6671),#6674);
#6671 = B_SPLINE_CURVE_WITH_KNOTS('',1,(#6672,#6673),.UNSPECIFIED.,.F.,
  .F.,(2,2),(0.,0.33075),.PIECEWISE_BEZIER_KNOTS.);
#6672 = CARTESIAN_POINT('',(0.,1.));
#6673 = CARTESIAN_POINT('',(5.5125E-04,1.));
#6674 = ( GEOMETRIC_REPRESENTATION_CONTEXT(2) 
PARAMETRIC_REPRESENTATION_CONTEXT() REPRESENTATION_CONTEXT('2D SPACE',''
  ) );
#6675 = ADVANCED_FACE('',(#6676),#197,.T.);
#6676 = FACE_BOUND('',#6677,.T.);
#6677 = EDGE_LOOP('',(#6678,#6679,#6680,#6681));
#6678 = ORIENTED_EDGE('',*,*,#3433,.T.);
#6679 = ORIENTED_EDGE('',*,*,#185,.T.);
#6680 = ORIENTED_EDGE('',*,*,#6656,.F.);
#6681 = ORIENTED_EDGE('',*,*,#6682,.F.);
#6682 = EDGE_CURVE('',#3434,#6630,#6683,.T.);
#6683 = SURFACE_CURVE('',#6684,(#6687,#6693),.PCURVE_S1.);
#6684 = B_SPLINE_CURVE_WITH_KNOTS('',1,(#6685,#6686),.UNSPECIFIED.,.F.,
  .F.,(2,2),(0.,1.),.PIECEWISE_BEZIER_KNOTS.);
#6685 = CARTESIAN_POINT('',(218.73166569772,0.,-0.275014534134));
#6686 = CARTESIAN_POINT('',(153.11399941863,-700.,36.520436777648));
#6687 = PCURVE('',#197,#6688);
#6688 = DEFINITIONAL_REPRESENTATION('',(#6689),#6692);
#6689 = B_SPLINE_CURVE_WITH_KNOTS('',1,(#6690,#6691),.UNSPECIFIED.,.F.,
  .F.,(2,2),(0.,1.),.PIECEWISE_BEZIER_KNOTS.);
#6690 = CARTESIAN_POINT('',(0.,0.));
#6691 = CARTESIAN_POINT('',(0.,1.));
#6692 = ( GEOMETRIC_REPRESENTATION_CONTEXT(2) 
PARAMETRIC_REPRESENTATION_CONTEXT() REPRESENTATION_CONTEXT('2D SPACE',''
  ) );
#6693 = PCURVE('',#6645,#6694);
#6694 = DEFINITIONAL_REPRESENTATION('',(#6695),#6698);
#6695 = B_SPLINE_CURVE_WITH_KNOTS('',1,(#6696,#6697),.UNSPECIFIED.,.F.,
  .F.,(2,2),(0.,1.),.PIECEWISE_BEZIER_KNOTS.);
#6696 = CARTESIAN_POINT('',(1.568529363836E-04,0.));
#6697 = CARTESIAN_POINT('',(1.568529363836E-04,1.));
#6698 = ( GEOMETRIC_REPRESENTATION_CONTEXT(2) 
PARAMETRIC_REPRESENTATION_CONTEXT() REPRESENTATION_CONTEXT('2D SPACE',''
  ) );
#6699 = ADVANCED_FACE('',(#6700),#246,.F.);
#6700 = FACE_BOUND('',#6701,.F.);
#6701 = EDGE_LOOP('',(#6702,#6723,#6741,#6742));
#6702 = ORIENTED_EDGE('',*,*,#6703,.T.);
#6703 = EDGE_CURVE('',#212,#6704,#6706,.T.);
#6704 = VERTEX_POINT('',#6705);
#6705 = CARTESIAN_POINT('',(217.38842598578,0.,0.56156608425));
#6706 = SURFACE_CURVE('',#6707,(#6711,#6717),.PCURVE_S1.);
#6707 = LINE('',#6708,#6709);
#6708 = CARTESIAN_POINT('',(218.15436283372,0.,0.402829349313));
#6709 = VECTOR('',#6710,1.);
#6710 = DIRECTION('',(-0.97919263108,0.,0.202932972282));
#6711 = PCURVE('',#246,#6712);
#6712 = DEFINITIONAL_REPRESENTATION('',(#6713),#6716);
#6713 = B_SPLINE_CURVE_WITH_KNOTS('',1,(#6714,#6715),.UNSPECIFIED.,.F.,
  .F.,(2,2),(0.,0.782212634806),.PIECEWISE_BEZIER_KNOTS.);
#6714 = CARTESIAN_POINT('',(0.,0.));
#6715 = CARTESIAN_POINT('',(7.822126348056E-04,0.));
#6716 = ( GEOMETRIC_REPRESENTATION_CONTEXT(2) 
PARAMETRIC_REPRESENTATION_CONTEXT() REPRESENTATION_CONTEXT('2D SPACE',''
  ) );
#6717 = PCURVE('',#3492,#6718);
#6718 = DEFINITIONAL_REPRESENTATION('',(#6719),#6722);
#6719 = B_SPLINE_CURVE_WITH_KNOTS('',1,(#6720,#6721),.UNSPECIFIED.,.F.,
  .F.,(2,2),(0.,0.782212634806),.PIECEWISE_BEZIER_KNOTS.);
#6720 = CARTESIAN_POINT('',(0.,0.));
#6721 = CARTESIAN_POINT('',(7.822126348056E-04,0.));
#6722 = ( GEOMETRIC_REPRESENTATION_CONTEXT(2) 
PARAMETRIC_REPRESENTATION_CONTEXT() REPRESENTATION_CONTEXT('2D SPACE',''
  ) );
#6723 = ORIENTED_EDGE('',*,*,#6724,.T.);
#6724 = EDGE_CURVE('',#6704,#284,#6725,.T.);
#6725 = SURFACE_CURVE('',#6726,(#6729,#6735),.PCURVE_S1.);
#6726 = B_SPLINE_CURVE_WITH_KNOTS('',1,(#6727,#6728),.UNSPECIFIED.,.F.,
  .F.,(2,2),(0.,1.),.PIECEWISE_BEZIER_KNOTS.);
#6727 = CARTESIAN_POINT('',(217.38842598578,0.,0.56156608425));
#6728 = CARTESIAN_POINT('',(152.30805559147,700.,37.022385148679));
#6729 = PCURVE('',#246,#6730);
#6730 = DEFINITIONAL_REPRESENTATION('',(#6731),#6734);
#6731 = B_SPLINE_CURVE_WITH_KNOTS('',1,(#6732,#6733),.UNSPECIFIED.,.F.,
  .F.,(2,2),(0.,1.),.PIECEWISE_BEZIER_KNOTS.);
#6732 = CARTESIAN_POINT('',(7.822126348056E-04,0.));
#6733 = CARTESIAN_POINT('',(7.822126348056E-04,1.));
#6734 = ( GEOMETRIC_REPRESENTATION_CONTEXT(2) 
PARAMETRIC_REPRESENTATION_CONTEXT() REPRESENTATION_CONTEXT('2D SPACE',''
  ) );
#6735 = PCURVE('',#321,#6736);
#6736 = DEFINITIONAL_REPRESENTATION('',(#6737),#6740);
#6737 = B_SPLINE_CURVE_WITH_KNOTS('',1,(#6738,#6739),.UNSPECIFIED.,.F.,
  .F.,(2,2),(0.,1.),.PIECEWISE_BEZIER_KNOTS.);
#6738 = CARTESIAN_POINT('',(0.,0.));
#6739 = CARTESIAN_POINT('',(0.,1.));
#6740 = ( GEOMETRIC_REPRESENTATION_CONTEXT(2) 
PARAMETRIC_REPRESENTATION_CONTEXT() REPRESENTATION_CONTEXT('2D SPACE',''
  ) );
#6741 = ORIENTED_EDGE('',*,*,#283,.F.);
#6742 = ORIENTED_EDGE('',*,*,#232,.F.);
#6743 = ADVANCED_FACE('',(#6744),#321,.F.);
#6744 = FACE_BOUND('',#6745,.F.);
#6745 = EDGE_LOOP('',(#6746,#6767,#6785,#6786));
#6746 = ORIENTED_EDGE('',*,*,#6747,.T.);
#6747 = EDGE_CURVE('',#6704,#6748,#6750,.T.);
#6748 = VERTEX_POINT('',#6749);
#6749 = CARTESIAN_POINT('',(216.31896394569,0.,0.781888313277));
#6750 = SURFACE_CURVE('',#6751,(#6755,#6761),.PCURVE_S1.);
#6751 = LINE('',#6752,#6753);
#6752 = CARTESIAN_POINT('',(217.38842598578,0.,0.56156608425));
#6753 = VECTOR('',#6754,1.);
#6754 = DIRECTION('',(-0.979431916768,0.,0.201774925143));
#6755 = PCURVE('',#321,#6756);
#6756 = DEFINITIONAL_REPRESENTATION('',(#6757),#6760);
#6757 = B_SPLINE_CURVE_WITH_KNOTS('',1,(#6758,#6759),.UNSPECIFIED.,.F.,
  .F.,(2,2),(0.,1.091920757106),.PIECEWISE_BEZIER_KNOTS.);
#6758 = CARTESIAN_POINT('',(0.,0.));
#6759 = CARTESIAN_POINT('',(1.091920757106E-03,0.));
#6760 = ( GEOMETRIC_REPRESENTATION_CONTEXT(2) 
PARAMETRIC_REPRESENTATION_CONTEXT() REPRESENTATION_CONTEXT('2D SPACE',''
  ) );
#6761 = PCURVE('',#3567,#6762);
#6762 = DEFINITIONAL_REPRESENTATION('',(#6763),#6766);
#6763 = B_SPLINE_CURVE_WITH_KNOTS('',1,(#6764,#6765),.UNSPECIFIED.,.F.,
  .F.,(2,2),(0.,1.091920757106),.PIECEWISE_BEZIER_KNOTS.);
#6764 = CARTESIAN_POINT('',(0.,0.));
#6765 = CARTESIAN_POINT('',(1.091920757106E-03,0.));
#6766 = ( GEOMETRIC_REPRESENTATION_CONTEXT(2) 
PARAMETRIC_REPRESENTATION_CONTEXT() REPRESENTATION_CONTEXT('2D SPACE',''
  ) );
#6767 = ORIENTED_EDGE('',*,*,#6768,.T.);
#6768 = EDGE_CURVE('',#6748,#306,#6769,.T.);
#6769 = SURFACE_CURVE('',#6770,(#6773,#6779),.PCURVE_S1.);
#6770 = B_SPLINE_CURVE_WITH_KNOTS('',1,(#6771,#6772),.UNSPECIFIED.,.F.,
  .F.,(2,2),(0.,1.),.PIECEWISE_BEZIER_KNOTS.);
#6771 = CARTESIAN_POINT('',(216.31896394569,0.,0.781888313277));
#6772 = CARTESIAN_POINT('',(151.66637836741,700.,37.154578486095));
#6773 = PCURVE('',#321,#6774);
#6774 = DEFINITIONAL_REPRESENTATION('',(#6775),#6778);
#6775 = B_SPLINE_CURVE_WITH_KNOTS('',1,(#6776,#6777),.UNSPECIFIED.,.F.,
  .F.,(2,2),(0.,1.),.PIECEWISE_BEZIER_KNOTS.);
#6776 = CARTESIAN_POINT('',(1.091920757106E-03,0.));
#6777 = CARTESIAN_POINT('',(1.091920757106E-03,1.));
#6778 = ( GEOMETRIC_REPRESENTATION_CONTEXT(2) 
PARAMETRIC_REPRESENTATION_CONTEXT() REPRESENTATION_CONTEXT('2D SPACE',''
  ) );
#6779 = PCURVE('',#348,#6780);
#6780 = DEFINITIONAL_REPRESENTATION('',(#6781),#6784);
#6781 = B_SPLINE_CURVE_WITH_KNOTS('',1,(#6782,#6783),.UNSPECIFIED.,.F.,
  .F.,(2,2),(0.,1.),.PIECEWISE_BEZIER_KNOTS.);
#6782 = CARTESIAN_POINT('',(0.,0.));
#6783 = CARTESIAN_POINT('',(0.,1.));
#6784 = ( GEOMETRIC_REPRESENTATION_CONTEXT(2) 
PARAMETRIC_REPRESENTATION_CONTEXT() REPRESENTATION_CONTEXT('2D SPACE',''
  ) );
#6785 = ORIENTED_EDGE('',*,*,#305,.F.);
#6786 = ORIENTED_EDGE('',*,*,#6724,.F.);
#6787 = ADVANCED_FACE('',(#6788),#348,.F.);
#6788 = FACE_BOUND('',#6789,.F.);
#6789 = EDGE_LOOP('',(#6790,#6811,#6829,#6830));
#6790 = ORIENTED_EDGE('',*,*,#6791,.T.);
#6791 = EDGE_CURVE('',#6748,#6792,#6794,.T.);
#6792 = VERTEX_POINT('',#6793);
#6793 = CARTESIAN_POINT('',(214.94882218958,0.,1.061923997244));
#6794 = SURFACE_CURVE('',#6795,(#6799,#6805),.PCURVE_S1.);
#6795 = LINE('',#6796,#6797);
#6796 = CARTESIAN_POINT('',(216.31896394569,0.,0.781888313277));
#6797 = VECTOR('',#6798,1.);
#6798 = DIRECTION('',(-0.979745888494,0.,0.200244835087));
#6799 = PCURVE('',#348,#6800);
#6800 = DEFINITIONAL_REPRESENTATION('',(#6801),#6804);
#6801 = B_SPLINE_CURVE_WITH_KNOTS('',1,(#6802,#6803),.UNSPECIFIED.,.F.,
  .F.,(2,2),(0.,1.398466451559),.PIECEWISE_BEZIER_KNOTS.);
#6802 = CARTESIAN_POINT('',(0.,0.));
#6803 = CARTESIAN_POINT('',(1.398466451559E-03,0.));
#6804 = ( GEOMETRIC_REPRESENTATION_CONTEXT(2) 
PARAMETRIC_REPRESENTATION_CONTEXT() REPRESENTATION_CONTEXT('2D SPACE',''
  ) );
#6805 = PCURVE('',#3594,#6806);
#6806 = DEFINITIONAL_REPRESENTATION('',(#6807),#6810);
#6807 = B_SPLINE_CURVE_WITH_KNOTS('',1,(#6808,#6809),.UNSPECIFIED.,.F.,
  .F.,(2,2),(0.,1.398466451559),.PIECEWISE_BEZIER_KNOTS.);
#6808 = CARTESIAN_POINT('',(0.,0.));
#6809 = CARTESIAN_POINT('',(1.398466451559E-03,0.));
#6810 = ( GEOMETRIC_REPRESENTATION_CONTEXT(2) 
PARAMETRIC_REPRESENTATION_CONTEXT() REPRESENTATION_CONTEXT('2D SPACE',''
  ) );
#6811 = ORIENTED_EDGE('',*,*,#6812,.T.);
#6812 = EDGE_CURVE('',#6792,#333,#6813,.T.);
#6813 = SURFACE_CURVE('',#6814,(#6817,#6823),.PCURVE_S1.);
#6814 = B_SPLINE_CURVE_WITH_KNOTS('',1,(#6815,#6816),.UNSPECIFIED.,.F.,
  .F.,(2,2),(0.,1.),.PIECEWISE_BEZIER_KNOTS.);
#6815 = CARTESIAN_POINT('',(214.94882218958,0.,1.061923997244));
#6816 = CARTESIAN_POINT('',(150.84429331374,700.,37.322599896475));
#6817 = PCURVE('',#348,#6818);
#6818 = DEFINITIONAL_REPRESENTATION('',(#6819),#6822);
#6819 = B_SPLINE_CURVE_WITH_KNOTS('',1,(#6820,#6821),.UNSPECIFIED.,.F.,
  .F.,(2,2),(0.,1.),.PIECEWISE_BEZIER_KNOTS.);
#6820 = CARTESIAN_POINT('',(1.398466451559E-03,0.));
#6821 = CARTESIAN_POINT('',(1.398466451559E-03,1.));
#6822 = ( GEOMETRIC_REPRESENTATION_CONTEXT(2) 
PARAMETRIC_REPRESENTATION_CONTEXT() REPRESENTATION_CONTEXT('2D SPACE',''
  ) );
#6823 = PCURVE('',#375,#6824);
#6824 = DEFINITIONAL_REPRESENTATION('',(#6825),#6828);
#6825 = B_SPLINE_CURVE_WITH_KNOTS('',1,(#6826,#6827),.UNSPECIFIED.,.F.,
  .F.,(2,2),(0.,1.),.PIECEWISE_BEZIER_KNOTS.);
#6826 = CARTESIAN_POINT('',(0.,0.));
#6827 = CARTESIAN_POINT('',(0.,1.));
#6828 = ( GEOMETRIC_REPRESENTATION_CONTEXT(2) 
PARAMETRIC_REPRESENTATION_CONTEXT() REPRESENTATION_CONTEXT('2D SPACE',''
  ) );
#6829 = ORIENTED_EDGE('',*,*,#332,.F.);
#6830 = ORIENTED_EDGE('',*,*,#6768,.F.);
#6831 = ADVANCED_FACE('',(#6832),#375,.F.);
#6832 = FACE_BOUND('',#6833,.F.);
#6833 = EDGE_LOOP('',(#6834,#6855,#6873,#6874));
#6834 = ORIENTED_EDGE('',*,*,#6835,.T.);
#6835 = EDGE_CURVE('',#6792,#6836,#6838,.T.);
#6836 = VERTEX_POINT('',#6837);
#6837 = CARTESIAN_POINT('',(213.28165311921,0.,1.399317755437));
#6838 = SURFACE_CURVE('',#6839,(#6843,#6849),.PCURVE_S1.);
#6839 = LINE('',#6840,#6841);
#6840 = CARTESIAN_POINT('',(214.94882218958,0.,1.061923997244));
#6841 = VECTOR('',#6842,1.);
#6842 = DIRECTION('',(-0.980130417666,0.,0.198354138769));
#6843 = PCURVE('',#375,#6844);
#6844 = DEFINITIONAL_REPRESENTATION('',(#6845),#6848);
#6845 = B_SPLINE_CURVE_WITH_KNOTS('',1,(#6846,#6847),.UNSPECIFIED.,.F.,
  .F.,(2,2),(0.,1.700966565595),.PIECEWISE_BEZIER_KNOTS.);
#6846 = CARTESIAN_POINT('',(0.,0.));
#6847 = CARTESIAN_POINT('',(1.700966565595E-03,0.));
#6848 = ( GEOMETRIC_REPRESENTATION_CONTEXT(2) 
PARAMETRIC_REPRESENTATION_CONTEXT() REPRESENTATION_CONTEXT('2D SPACE',''
  ) );
#6849 = PCURVE('',#3621,#6850);
#6850 = DEFINITIONAL_REPRESENTATION('',(#6851),#6854);
#6851 = B_SPLINE_CURVE_WITH_KNOTS('',1,(#6852,#6853),.UNSPECIFIED.,.F.,
  .F.,(2,2),(0.,1.700966565595),.PIECEWISE_BEZIER_KNOTS.);
#6852 = CARTESIAN_POINT('',(0.,0.));
#6853 = CARTESIAN_POINT('',(1.700966565595E-03,0.));
#6854 = ( GEOMETRIC_REPRESENTATION_CONTEXT(2) 
PARAMETRIC_REPRESENTATION_CONTEXT() REPRESENTATION_CONTEXT('2D SPACE',''
  ) );
#6855 = ORIENTED_EDGE('',*,*,#6856,.T.);
#6856 = EDGE_CURVE('',#6836,#360,#6857,.T.);
#6857 = SURFACE_CURVE('',#6858,(#6861,#6867),.PCURVE_S1.);
#6858 = B_SPLINE_CURVE_WITH_KNOTS('',1,(#6859,#6860),.UNSPECIFIED.,.F.,
  .F.,(2,2),(0.,1.),.PIECEWISE_BEZIER_KNOTS.);
#6859 = CARTESIAN_POINT('',(213.28165311921,0.,1.399317755437));
#6860 = CARTESIAN_POINT('',(149.84399187152,700.,37.525036151391));
#6861 = PCURVE('',#375,#6862);
#6862 = DEFINITIONAL_REPRESENTATION('',(#6863),#6866);
#6863 = B_SPLINE_CURVE_WITH_KNOTS('',1,(#6864,#6865),.UNSPECIFIED.,.F.,
  .F.,(2,2),(0.,1.),.PIECEWISE_BEZIER_KNOTS.);
#6864 = CARTESIAN_POINT('',(1.700966565595E-03,0.));
#6865 = CARTESIAN_POINT('',(1.700966565595E-03,1.));
#6866 = ( GEOMETRIC_REPRESENTATION_CONTEXT(2) 
PARAMETRIC_REPRESENTATION_CONTEXT() REPRESENTATION_CONTEXT('2D SPACE',''
  ) );
#6867 = PCURVE('',#402,#6868);
#6868 = DEFINITIONAL_REPRESENTATION('',(#6869),#6872);
#6869 = B_SPLINE_CURVE_WITH_KNOTS('',1,(#6870,#6871),.UNSPECIFIED.,.F.,
  .F.,(2,2),(0.,1.),.PIECEWISE_BEZIER_KNOTS.);
#6870 = CARTESIAN_POINT('',(0.,0.));
#6871 = CARTESIAN_POINT('',(0.,1.));
#6872 = ( GEOMETRIC_REPRESENTATION_CONTEXT(2) 
PARAMETRIC_REPRESENTATION_CONTEXT() REPRESENTATION_CONTEXT('2D SPACE',''
  ) );
#6873 = ORIENTED_EDGE('',*,*,#359,.F.);
#6874 = ORIENTED_EDGE('',*,*,#6812,.F.);
#6875 = ADVANCED_FACE('',(#6876),#402,.F.);
#6876 = FACE_BOUND('',#6877,.F.);
#6877 = EDGE_LOOP('',(#6878,#6899,#6917,#6918));
#6878 = ORIENTED_EDGE('',*,*,#6879,.T.);
#6879 = EDGE_CURVE('',#6836,#6880,#6882,.T.);
#6880 = VERTEX_POINT('',#6881);
#6881 = CARTESIAN_POINT('',(211.32191108967,0.,1.79126686104));
#6882 = SURFACE_CURVE('',#6883,(#6887,#6893),.PCURVE_S1.);
#6883 = LINE('',#6884,#6885);
#6884 = CARTESIAN_POINT('',(213.28165311921,0.,1.399317755437));
#6885 = VECTOR('',#6886,1.);
#6886 = DIRECTION('',(-0.980580608364,0.,0.196116471775));
#6887 = PCURVE('',#402,#6888);
#6888 = DEFINITIONAL_REPRESENTATION('',(#6889),#6892);
#6889 = B_SPLINE_CURVE_WITH_KNOTS('',1,(#6890,#6891),.UNSPECIFIED.,.F.,
  .F.,(2,2),(0.,1.99855270726),.PIECEWISE_BEZIER_KNOTS.);
#6890 = CARTESIAN_POINT('',(0.,0.));
#6891 = CARTESIAN_POINT('',(1.99855270726E-03,0.));
#6892 = ( GEOMETRIC_REPRESENTATION_CONTEXT(2) 
PARAMETRIC_REPRESENTATION_CONTEXT() REPRESENTATION_CONTEXT('2D SPACE',''
  ) );
#6893 = PCURVE('',#3648,#6894);
#6894 = DEFINITIONAL_REPRESENTATION('',(#6895),#6898);
#6895 = B_SPLINE_CURVE_WITH_KNOTS('',1,(#6896,#6897),.UNSPECIFIED.,.F.,
  .F.,(2,2),(0.,1.99855270726),.PIECEWISE_BEZIER_KNOTS.);
#6896 = CARTESIAN_POINT('',(0.,0.));
#6897 = CARTESIAN_POINT('',(1.99855270726E-03,0.));
#6898 = ( GEOMETRIC_REPRESENTATION_CONTEXT(2) 
PARAMETRIC_REPRESENTATION_CONTEXT() REPRESENTATION_CONTEXT('2D SPACE',''
  ) );
#6899 = ORIENTED_EDGE('',*,*,#6900,.T.);
#6900 = EDGE_CURVE('',#6880,#387,#6901,.T.);
#6901 = SURFACE_CURVE('',#6902,(#6905,#6911),.PCURVE_S1.);
#6902 = B_SPLINE_CURVE_WITH_KNOTS('',1,(#6903,#6904),.UNSPECIFIED.,.F.,
  .F.,(2,2),(0.,1.),.PIECEWISE_BEZIER_KNOTS.);
#6903 = CARTESIAN_POINT('',(211.32191108967,0.,1.79126686104));
#6904 = CARTESIAN_POINT('',(148.6681466538,700.,37.760205614753));
#6905 = PCURVE('',#402,#6906);
#6906 = DEFINITIONAL_REPRESENTATION('',(#6907),#6910);
#6907 = B_SPLINE_CURVE_WITH_KNOTS('',1,(#6908,#6909),.UNSPECIFIED.,.F.,
  .F.,(2,2),(0.,1.),.PIECEWISE_BEZIER_KNOTS.);
#6908 = CARTESIAN_POINT('',(1.99855270726E-03,0.));
#6909 = CARTESIAN_POINT('',(1.99855270726E-03,1.));
#6910 = ( GEOMETRIC_REPRESENTATION_CONTEXT(2) 
PARAMETRIC_REPRESENTATION_CONTEXT() REPRESENTATION_CONTEXT('2D SPACE',''
  ) );
#6911 = PCURVE('',#429,#6912);
#6912 = DEFINITIONAL_REPRESENTATION('',(#6913),#6916);
#6913 = B_SPLINE_CURVE_WITH_KNOTS('',1,(#6914,#6915),.UNSPECIFIED.,.F.,
  .F.,(2,2),(0.,1.),.PIECEWISE_BEZIER_KNOTS.);
#6914 = CARTESIAN_POINT('',(0.,0.));
#6915 = CARTESIAN_POINT('',(0.,1.));
#6916 = ( GEOMETRIC_REPRESENTATION_CONTEXT(2) 
PARAMETRIC_REPRESENTATION_CONTEXT() REPRESENTATION_CONTEXT('2D SPACE',''
  ) );
#6917 = ORIENTED_EDGE('',*,*,#386,.F.);
#6918 = ORIENTED_EDGE('',*,*,#6856,.F.);
#6919 = ADVANCED_FACE('',(#6920),#429,.F.);
#6920 = FACE_BOUND('',#6921,.F.);
#6921 = EDGE_LOOP('',(#6922,#6943,#6961,#6962));
#6922 = ORIENTED_EDGE('',*,*,#6923,.T.);
#6923 = EDGE_CURVE('',#6880,#6924,#6926,.T.);
#6924 = VERTEX_POINT('',#6925);
#6925 = CARTESIAN_POINT('',(209.07484590091,0.,2.234562448339));
#6926 = SURFACE_CURVE('',#6927,(#6931,#6937),.PCURVE_S1.);
#6927 = LINE('',#6928,#6929);
#6928 = CARTESIAN_POINT('',(211.32191108967,0.,1.79126686104));
#6929 = VECTOR('',#6930,1.);
#6930 = DIRECTION('',(-0.981090954744,0.,0.193547251389));
#6931 = PCURVE('',#429,#6932);
#6932 = DEFINITIONAL_REPRESENTATION('',(#6933),#6936);
#6933 = B_SPLINE_CURVE_WITH_KNOTS('',1,(#6934,#6935),.UNSPECIFIED.,.F.,
  .F.,(2,2),(0.,2.290373973889),.PIECEWISE_BEZIER_KNOTS.);
#6934 = CARTESIAN_POINT('',(0.,0.));
#6935 = CARTESIAN_POINT('',(2.290373973889E-03,0.));
#6936 = ( GEOMETRIC_REPRESENTATION_CONTEXT(2) 
PARAMETRIC_REPRESENTATION_CONTEXT() REPRESENTATION_CONTEXT('2D SPACE',''
  ) );
#6937 = PCURVE('',#3675,#6938);
#6938 = DEFINITIONAL_REPRESENTATION('',(#6939),#6942);
#6939 = B_SPLINE_CURVE_WITH_KNOTS('',1,(#6940,#6941),.UNSPECIFIED.,.F.,
  .F.,(2,2),(0.,2.290373973889),.PIECEWISE_BEZIER_KNOTS.);
#6940 = CARTESIAN_POINT('',(0.,0.));
#6941 = CARTESIAN_POINT('',(2.290373973889E-03,0.));
#6942 = ( GEOMETRIC_REPRESENTATION_CONTEXT(2) 
PARAMETRIC_REPRESENTATION_CONTEXT() REPRESENTATION_CONTEXT('2D SPACE',''
  ) );
#6943 = ORIENTED_EDGE('',*,*,#6944,.T.);
#6944 = EDGE_CURVE('',#6924,#414,#6945,.T.);
#6945 = SURFACE_CURVE('',#6946,(#6949,#6955),.PCURVE_S1.);
#6946 = B_SPLINE_CURVE_WITH_KNOTS('',1,(#6947,#6948),.UNSPECIFIED.,.F.,
  .F.,(2,2),(0.,1.),.PIECEWISE_BEZIER_KNOTS.);
#6947 = CARTESIAN_POINT('',(209.07484590091,0.,2.234562448339));
#6948 = CARTESIAN_POINT('',(147.31990754054,700.,38.026182967132));
#6949 = PCURVE('',#429,#6950);
#6950 = DEFINITIONAL_REPRESENTATION('',(#6951),#6954);
#6951 = B_SPLINE_CURVE_WITH_KNOTS('',1,(#6952,#6953),.UNSPECIFIED.,.F.,
  .F.,(2,2),(0.,1.),.PIECEWISE_BEZIER_KNOTS.);
#6952 = CARTESIAN_POINT('',(2.290373973889E-03,0.));
#6953 = CARTESIAN_POINT('',(2.290373973889E-03,1.));
#6954 = ( GEOMETRIC_REPRESENTATION_CONTEXT(2) 
PARAMETRIC_REPRESENTATION_CONTEXT() REPRESENTATION_CONTEXT('2D SPACE',''
  ) );
#6955 = PCURVE('',#456,#6956);
#6956 = DEFINITIONAL_REPRESENTATION('',(#6957),#6960);
#6957 = B_SPLINE_CURVE_WITH_KNOTS('',1,(#6958,#6959),.UNSPECIFIED.,.F.,
  .F.,(2,2),(0.,1.),.PIECEWISE_BEZIER_KNOTS.);
#6958 = CARTESIAN_POINT('',(0.,0.));
#6959 = CARTESIAN_POINT('',(0.,1.));
#6960 = ( GEOMETRIC_REPRESENTATION_CONTEXT(2) 
PARAMETRIC_REPRESENTATION_CONTEXT() REPRESENTATION_CONTEXT('2D SPACE',''
  ) );
#6961 = ORIENTED_EDGE('',*,*,#413,.F.);
#6962 = ORIENTED_EDGE('',*,*,#6900,.F.);
#6963 = ADVANCED_FACE('',(#6964),#456,.F.);
#6964 = FACE_BOUND('',#6965,.F.);
#6965 = EDGE_LOOP('',(#6966,#6987,#7005,#7006));
#6966 = ORIENTED_EDGE('',*,*,#6967,.T.);
#6967 = EDGE_CURVE('',#6924,#6968,#6970,.T.);
#6968 = VERTEX_POINT('',#6969);
#6969 = CARTESIAN_POINT('',(206.54649454309,0.,2.725634470078));
#6970 = SURFACE_CURVE('',#6971,(#6975,#6981),.PCURVE_S1.);
#6971 = LINE('',#6972,#6973);
#6972 = CARTESIAN_POINT('',(209.07484590091,0.,2.234562448339));
#6973 = VECTOR('',#6974,1.);
#6974 = DIRECTION('',(-0.981655512236,0.,0.190663198592));
#6975 = PCURVE('',#456,#6976);
#6976 = DEFINITIONAL_REPRESENTATION('',(#6977),#6980);
#6977 = B_SPLINE_CURVE_WITH_KNOTS('',1,(#6978,#6979),.UNSPECIFIED.,.F.,
  .F.,(2,2),(0.,2.575599409674),.PIECEWISE_BEZIER_KNOTS.);
#6978 = CARTESIAN_POINT('',(0.,0.));
#6979 = CARTESIAN_POINT('',(2.575599409674E-03,0.));
#6980 = ( GEOMETRIC_REPRESENTATION_CONTEXT(2) 
PARAMETRIC_REPRESENTATION_CONTEXT() REPRESENTATION_CONTEXT('2D SPACE',''
  ) );
#6981 = PCURVE('',#3702,#6982);
#6982 = DEFINITIONAL_REPRESENTATION('',(#6983),#6986);
#6983 = B_SPLINE_CURVE_WITH_KNOTS('',1,(#6984,#6985),.UNSPECIFIED.,.F.,
  .F.,(2,2),(0.,2.575599409674),.PIECEWISE_BEZIER_KNOTS.);
#6984 = CARTESIAN_POINT('',(0.,0.));
#6985 = CARTESIAN_POINT('',(2.575599409674E-03,0.));
#6986 = ( GEOMETRIC_REPRESENTATION_CONTEXT(2) 
PARAMETRIC_REPRESENTATION_CONTEXT() REPRESENTATION_CONTEXT('2D SPACE',''
  ) );
#6987 = ORIENTED_EDGE('',*,*,#6988,.T.);
#6988 = EDGE_CURVE('',#6968,#441,#6989,.T.);
#6989 = SURFACE_CURVE('',#6990,(#6993,#6999),.PCURVE_S1.);
#6990 = B_SPLINE_CURVE_WITH_KNOTS('',1,(#6991,#6992),.UNSPECIFIED.,.F.,
  .F.,(2,2),(0.,1.),.PIECEWISE_BEZIER_KNOTS.);
#6991 = CARTESIAN_POINT('',(206.54649454309,0.,2.725634470078));
#6992 = CARTESIAN_POINT('',(145.80289672585,700.,38.320826180176));
#6993 = PCURVE('',#456,#6994);
#6994 = DEFINITIONAL_REPRESENTATION('',(#6995),#6998);
#6995 = B_SPLINE_CURVE_WITH_KNOTS('',1,(#6996,#6997),.UNSPECIFIED.,.F.,
  .F.,(2,2),(0.,1.),.PIECEWISE_BEZIER_KNOTS.);
#6996 = CARTESIAN_POINT('',(2.575599409674E-03,0.));
#6997 = CARTESIAN_POINT('',(2.575599409674E-03,1.));
#6998 = ( GEOMETRIC_REPRESENTATION_CONTEXT(2) 
PARAMETRIC_REPRESENTATION_CONTEXT() REPRESENTATION_CONTEXT('2D SPACE',''
  ) );
#6999 = PCURVE('',#483,#7000);
#7000 = DEFINITIONAL_REPRESENTATION('',(#7001),#7004);
#7001 = B_SPLINE_CURVE_WITH_KNOTS('',1,(#7002,#7003),.UNSPECIFIED.,.F.,
  .F.,(2,2),(0.,1.),.PIECEWISE_BEZIER_KNOTS.);
#7002 = CARTESIAN_POINT('',(0.,0.));
#7003 = CARTESIAN_POINT('',(0.,1.));
#7004 = ( GEOMETRIC_REPRESENTATION_CONTEXT(2) 
PARAMETRIC_REPRESENTATION_CONTEXT() REPRESENTATION_CONTEXT('2D SPACE',''
  ) );
#7005 = ORIENTED_EDGE('',*,*,#440,.F.);
#7006 = ORIENTED_EDGE('',*,*,#6944,.F.);
#7007 = ADVANCED_FACE('',(#7008),#483,.F.);
#7008 = FACE_BOUND('',#7009,.F.);
#7009 = EDGE_LOOP('',(#7010,#7031,#7049,#7050));
#7010 = ORIENTED_EDGE('',*,*,#7011,.T.);
#7011 = EDGE_CURVE('',#6968,#7012,#7014,.T.);
#7012 = VERTEX_POINT('',#7013);
#7013 = CARTESIAN_POINT('',(203.74367098749,0.,3.260598855507));
#7014 = SURFACE_CURVE('',#7015,(#7019,#7025),.PCURVE_S1.);
#7015 = LINE('',#7016,#7017);
#7016 = CARTESIAN_POINT('',(206.54649454309,0.,2.725634470078));
#7017 = VECTOR('',#7018,1.);
#7018 = DIRECTION('',(-0.982268074633,0.,0.187481811269));
#7019 = PCURVE('',#483,#7020);
#7020 = DEFINITIONAL_REPRESENTATION('',(#7021),#7024);
#7021 = B_SPLINE_CURVE_WITH_KNOTS('',1,(#7022,#7023),.UNSPECIFIED.,.F.,
  .F.,(2,2),(0.,2.853420189443),.PIECEWISE_BEZIER_KNOTS.);
#7022 = CARTESIAN_POINT('',(0.,0.));
#7023 = CARTESIAN_POINT('',(2.853420189443E-03,0.));
#7024 = ( GEOMETRIC_REPRESENTATION_CONTEXT(2) 
PARAMETRIC_REPRESENTATION_CONTEXT() REPRESENTATION_CONTEXT('2D SPACE',''
  ) );
#7025 = PCURVE('',#3729,#7026);
#7026 = DEFINITIONAL_REPRESENTATION('',(#7027),#7030);
#7027 = B_SPLINE_CURVE_WITH_KNOTS('',1,(#7028,#7029),.UNSPECIFIED.,.F.,
  .F.,(2,2),(0.,2.853420189443),.PIECEWISE_BEZIER_KNOTS.);
#7028 = CARTESIAN_POINT('',(0.,0.));
#7029 = CARTESIAN_POINT('',(2.853420189443E-03,0.));
#7030 = ( GEOMETRIC_REPRESENTATION_CONTEXT(2) 
PARAMETRIC_REPRESENTATION_CONTEXT() REPRESENTATION_CONTEXT('2D SPACE',''
  ) );
#7031 = ORIENTED_EDGE('',*,*,#7032,.T.);
#7032 = EDGE_CURVE('',#7012,#468,#7033,.T.);
#7033 = SURFACE_CURVE('',#7034,(#7037,#7043),.PCURVE_S1.);
#7034 = B_SPLINE_CURVE_WITH_KNOTS('',1,(#7035,#7036),.UNSPECIFIED.,.F.,
  .F.,(2,2),(0.,1.),.PIECEWISE_BEZIER_KNOTS.);
#7035 = CARTESIAN_POINT('',(203.74367098749,0.,3.260598855507));
#7036 = CARTESIAN_POINT('',(144.12120259249,700.,38.641804811433));
#7037 = PCURVE('',#483,#7038);
#7038 = DEFINITIONAL_REPRESENTATION('',(#7039),#7042);
#7039 = B_SPLINE_CURVE_WITH_KNOTS('',1,(#7040,#7041),.UNSPECIFIED.,.F.,
  .F.,(2,2),(0.,1.),.PIECEWISE_BEZIER_KNOTS.);
#7040 = CARTESIAN_POINT('',(2.853420189443E-03,0.));
#7041 = CARTESIAN_POINT('',(2.853420189443E-03,1.));
#7042 = ( GEOMETRIC_REPRESENTATION_CONTEXT(2) 
PARAMETRIC_REPRESENTATION_CONTEXT() REPRESENTATION_CONTEXT('2D SPACE',''
  ) );
#7043 = PCURVE('',#510,#7044);
#7044 = DEFINITIONAL_REPRESENTATION('',(#7045),#7048);
#7045 = B_SPLINE_CURVE_WITH_KNOTS('',1,(#7046,#7047),.UNSPECIFIED.,.F.,
  .F.,(2,2),(0.,1.),.PIECEWISE_BEZIER_KNOTS.);
#7046 = CARTESIAN_POINT('',(0.,0.));
#7047 = CARTESIAN_POINT('',(0.,1.));
#7048 = ( GEOMETRIC_REPRESENTATION_CONTEXT(2) 
PARAMETRIC_REPRESENTATION_CONTEXT() REPRESENTATION_CONTEXT('2D SPACE',''
  ) );
#7049 = ORIENTED_EDGE('',*,*,#467,.F.);
#7050 = ORIENTED_EDGE('',*,*,#6988,.F.);
#7051 = ADVANCED_FACE('',(#7052),#510,.F.);
#7052 = FACE_BOUND('',#7053,.F.);
#7053 = EDGE_LOOP('',(#7054,#7075,#7093,#7094));
#7054 = ORIENTED_EDGE('',*,*,#7055,.T.);
#7055 = EDGE_CURVE('',#7012,#7056,#7058,.T.);
#7056 = VERTEX_POINT('',#7057);
#7057 = CARTESIAN_POINT('',(200.67395383002,0.,3.835305305369));
#7058 = SURFACE_CURVE('',#7059,(#7063,#7069),.PCURVE_S1.);
#7059 = LINE('',#7060,#7061);
#7060 = CARTESIAN_POINT('',(203.74367098749,0.,3.260598855507));
#7061 = VECTOR('',#7062,1.);
#7062 = DIRECTION('',(-0.982922349105,0.,0.184020802167));
#7063 = PCURVE('',#510,#7064);
#7064 = DEFINITIONAL_REPRESENTATION('',(#7065),#7068);
#7065 = B_SPLINE_CURVE_WITH_KNOTS('',1,(#7066,#7067),.UNSPECIFIED.,.F.,
  .F.,(2,2),(0.,3.123051541425),.PIECEWISE_BEZIER_KNOTS.);
#7066 = CARTESIAN_POINT('',(0.,0.));
#7067 = CARTESIAN_POINT('',(3.123051541425E-03,0.));
#7068 = ( GEOMETRIC_REPRESENTATION_CONTEXT(2) 
PARAMETRIC_REPRESENTATION_CONTEXT() REPRESENTATION_CONTEXT('2D SPACE',''
  ) );
#7069 = PCURVE('',#3756,#7070);
#7070 = DEFINITIONAL_REPRESENTATION('',(#7071),#7074);
#7071 = B_SPLINE_CURVE_WITH_KNOTS('',1,(#7072,#7073),.UNSPECIFIED.,.F.,
  .F.,(2,2),(0.,3.123051541425),.PIECEWISE_BEZIER_KNOTS.);
#7072 = CARTESIAN_POINT('',(0.,0.));
#7073 = CARTESIAN_POINT('',(3.123051541425E-03,0.));
#7074 = ( GEOMETRIC_REPRESENTATION_CONTEXT(2) 
PARAMETRIC_REPRESENTATION_CONTEXT() REPRESENTATION_CONTEXT('2D SPACE',''
  ) );
#7075 = ORIENTED_EDGE('',*,*,#7076,.T.);
#7076 = EDGE_CURVE('',#7056,#495,#7077,.T.);
#7077 = SURFACE_CURVE('',#7078,(#7081,#7087),.PCURVE_S1.);
#7078 = B_SPLINE_CURVE_WITH_KNOTS('',1,(#7079,#7080),.UNSPECIFIED.,.F.,
  .F.,(2,2),(0.,1.),.PIECEWISE_BEZIER_KNOTS.);
#7079 = CARTESIAN_POINT('',(200.67395383002,0.,3.835305305369));
#7080 = CARTESIAN_POINT('',(142.27937229801,700.,38.98662868135));
#7081 = PCURVE('',#510,#7082);
#7082 = DEFINITIONAL_REPRESENTATION('',(#7083),#7086);
#7083 = B_SPLINE_CURVE_WITH_KNOTS('',1,(#7084,#7085),.UNSPECIFIED.,.F.,
  .F.,(2,2),(0.,1.),.PIECEWISE_BEZIER_KNOTS.);
#7084 = CARTESIAN_POINT('',(3.123051541425E-03,0.));
#7085 = CARTESIAN_POINT('',(3.123051541425E-03,1.));
#7086 = ( GEOMETRIC_REPRESENTATION_CONTEXT(2) 
PARAMETRIC_REPRESENTATION_CONTEXT() REPRESENTATION_CONTEXT('2D SPACE',''
  ) );
#7087 = PCURVE('',#537,#7088);
#7088 = DEFINITIONAL_REPRESENTATION('',(#7089),#7092);
#7089 = B_SPLINE_CURVE_WITH_KNOTS('',1,(#7090,#7091),.UNSPECIFIED.,.F.,
  .F.,(2,2),(0.,1.),.PIECEWISE_BEZIER_KNOTS.);
#7090 = CARTESIAN_POINT('',(0.,0.));
#7091 = CARTESIAN_POINT('',(0.,1.));
#7092 = ( GEOMETRIC_REPRESENTATION_CONTEXT(2) 
PARAMETRIC_REPRESENTATION_CONTEXT() REPRESENTATION_CONTEXT('2D SPACE',''
  ) );
#7093 = ORIENTED_EDGE('',*,*,#494,.F.);
#7094 = ORIENTED_EDGE('',*,*,#7032,.F.);
#7095 = ADVANCED_FACE('',(#7096),#537,.F.);
#7096 = FACE_BOUND('',#7097,.F.);
#7097 = EDGE_LOOP('',(#7098,#7119,#7137,#7138));
#7098 = ORIENTED_EDGE('',*,*,#7099,.T.);
#7099 = EDGE_CURVE('',#7056,#7100,#7102,.T.);
#7100 = VERTEX_POINT('',#7101);
#7101 = CARTESIAN_POINT('',(197.34567162374,0.,4.445384220112));
#7102 = SURFACE_CURVE('',#7103,(#7107,#7113),.PCURVE_S1.);
#7103 = LINE('',#7104,#7105);
#7104 = CARTESIAN_POINT('',(200.67395383002,0.,3.835305305369));
#7105 = VECTOR('',#7106,1.);
#7106 = DIRECTION('',(-0.983612121512,0.,0.180297516385));
#7107 = PCURVE('',#537,#7108);
#7108 = DEFINITIONAL_REPRESENTATION('',(#7109),#7112);
#7109 = B_SPLINE_CURVE_WITH_KNOTS('',1,(#7110,#7111),.UNSPECIFIED.,.F.,
  .F.,(2,2),(0.,3.383734435029),.PIECEWISE_BEZIER_KNOTS.);
#7110 = CARTESIAN_POINT('',(0.,0.));
#7111 = CARTESIAN_POINT('',(3.383734435029E-03,0.));
#7112 = ( GEOMETRIC_REPRESENTATION_CONTEXT(2) 
PARAMETRIC_REPRESENTATION_CONTEXT() REPRESENTATION_CONTEXT('2D SPACE',''
  ) );
#7113 = PCURVE('',#3783,#7114);
#7114 = DEFINITIONAL_REPRESENTATION('',(#7115),#7118);
#7115 = B_SPLINE_CURVE_WITH_KNOTS('',1,(#7116,#7117),.UNSPECIFIED.,.F.,
  .F.,(2,2),(0.,3.383734435029),.PIECEWISE_BEZIER_KNOTS.);
#7116 = CARTESIAN_POINT('',(0.,0.));
#7117 = CARTESIAN_POINT('',(3.383734435029E-03,0.));
#7118 = ( GEOMETRIC_REPRESENTATION_CONTEXT(2) 
PARAMETRIC_REPRESENTATION_CONTEXT() REPRESENTATION_CONTEXT('2D SPACE',''
  ) );
#7119 = ORIENTED_EDGE('',*,*,#7120,.T.);
#7120 = EDGE_CURVE('',#7100,#522,#7121,.T.);
#7121 = SURFACE_CURVE('',#7122,(#7125,#7131),.PCURVE_S1.);
#7122 = B_SPLINE_CURVE_WITH_KNOTS('',1,(#7123,#7124),.UNSPECIFIED.,.F.,
  .F.,(2,2),(0.,1.),.PIECEWISE_BEZIER_KNOTS.);
#7123 = CARTESIAN_POINT('',(197.34567162374,0.,4.445384220112));
#7124 = CARTESIAN_POINT('',(140.28240297424,700.,39.352676030196));
#7125 = PCURVE('',#537,#7126);
#7126 = DEFINITIONAL_REPRESENTATION('',(#7127),#7130);
#7127 = B_SPLINE_CURVE_WITH_KNOTS('',1,(#7128,#7129),.UNSPECIFIED.,.F.,
  .F.,(2,2),(0.,1.),.PIECEWISE_BEZIER_KNOTS.);
#7128 = CARTESIAN_POINT('',(3.383734435029E-03,0.));
#7129 = CARTESIAN_POINT('',(3.383734435029E-03,1.));
#7130 = ( GEOMETRIC_REPRESENTATION_CONTEXT(2) 
PARAMETRIC_REPRESENTATION_CONTEXT() REPRESENTATION_CONTEXT('2D SPACE',''
  ) );
#7131 = PCURVE('',#564,#7132);
#7132 = DEFINITIONAL_REPRESENTATION('',(#7133),#7136);
#7133 = B_SPLINE_CURVE_WITH_KNOTS('',1,(#7134,#7135),.UNSPECIFIED.,.F.,
  .F.,(2,2),(0.,1.),.PIECEWISE_BEZIER_KNOTS.);
#7134 = CARTESIAN_POINT('',(0.,0.));
#7135 = CARTESIAN_POINT('',(0.,1.));
#7136 = ( GEOMETRIC_REPRESENTATION_CONTEXT(2) 
PARAMETRIC_REPRESENTATION_CONTEXT() REPRESENTATION_CONTEXT('2D SPACE',''
  ) );
#7137 = ORIENTED_EDGE('',*,*,#521,.F.);
#7138 = ORIENTED_EDGE('',*,*,#7076,.F.);
#7139 = ADVANCED_FACE('',(#7140),#564,.F.);
#7140 = FACE_BOUND('',#7141,.F.);
#7141 = EDGE_LOOP('',(#7142,#7163,#7181,#7182));
#7142 = ORIENTED_EDGE('',*,*,#7143,.T.);
#7143 = EDGE_CURVE('',#7100,#7144,#7146,.T.);
#7144 = VERTEX_POINT('',#7145);
#7145 = CARTESIAN_POINT('',(193.7678857765,0.,5.086291388876));
#7146 = SURFACE_CURVE('',#7147,(#7151,#7157),.PCURVE_S1.);
#7147 = LINE('',#7148,#7149);
#7148 = CARTESIAN_POINT('',(197.34567162374,0.,4.445384220112));
#7149 = VECTOR('',#7150,1.);
#7150 = DIRECTION('',(-0.984331405101,0.,0.176328344094));
#7151 = PCURVE('',#564,#7152);
#7152 = DEFINITIONAL_REPRESENTATION('',(#7153),#7156);
#7153 = B_SPLINE_CURVE_WITH_KNOTS('',1,(#7154,#7155),.UNSPECIFIED.,.F.,
  .F.,(2,2),(0.,3.634737069954),.PIECEWISE_BEZIER_KNOTS.);
#7154 = CARTESIAN_POINT('',(0.,0.));
#7155 = CARTESIAN_POINT('',(3.634737069954E-03,0.));
#7156 = ( GEOMETRIC_REPRESENTATION_CONTEXT(2) 
PARAMETRIC_REPRESENTATION_CONTEXT() REPRESENTATION_CONTEXT('2D SPACE',''
  ) );
#7157 = PCURVE('',#3810,#7158);
#7158 = DEFINITIONAL_REPRESENTATION('',(#7159),#7162);
#7159 = B_SPLINE_CURVE_WITH_KNOTS('',1,(#7160,#7161),.UNSPECIFIED.,.F.,
  .F.,(2,2),(0.,3.634737069954),.PIECEWISE_BEZIER_KNOTS.);
#7160 = CARTESIAN_POINT('',(0.,0.));
#7161 = CARTESIAN_POINT('',(3.634737069954E-03,0.));
#7162 = ( GEOMETRIC_REPRESENTATION_CONTEXT(2) 
PARAMETRIC_REPRESENTATION_CONTEXT() REPRESENTATION_CONTEXT('2D SPACE',''
  ) );
#7163 = ORIENTED_EDGE('',*,*,#7164,.T.);
#7164 = EDGE_CURVE('',#7144,#549,#7165,.T.);
#7165 = SURFACE_CURVE('',#7166,(#7169,#7175),.PCURVE_S1.);
#7166 = B_SPLINE_CURVE_WITH_KNOTS('',1,(#7167,#7168),.UNSPECIFIED.,.F.,
  .F.,(2,2),(0.,1.),.PIECEWISE_BEZIER_KNOTS.);
#7167 = CARTESIAN_POINT('',(193.7678857765,0.,5.086291388876));
#7168 = CARTESIAN_POINT('',(138.1357314659,700.,39.737220331454));
#7169 = PCURVE('',#564,#7170);
#7170 = DEFINITIONAL_REPRESENTATION('',(#7171),#7174);
#7171 = B_SPLINE_CURVE_WITH_KNOTS('',1,(#7172,#7173),.UNSPECIFIED.,.F.,
  .F.,(2,2),(0.,1.),.PIECEWISE_BEZIER_KNOTS.);
#7172 = CARTESIAN_POINT('',(3.634737069954E-03,0.));
#7173 = CARTESIAN_POINT('',(3.634737069954E-03,1.));
#7174 = ( GEOMETRIC_REPRESENTATION_CONTEXT(2) 
PARAMETRIC_REPRESENTATION_CONTEXT() REPRESENTATION_CONTEXT('2D SPACE',''
  ) );
#7175 = PCURVE('',#591,#7176);
#7176 = DEFINITIONAL_REPRESENTATION('',(#7177),#7180);
#7177 = B_SPLINE_CURVE_WITH_KNOTS('',1,(#7178,#7179),.UNSPECIFIED.,.F.,
  .F.,(2,2),(0.,1.),.PIECEWISE_BEZIER_KNOTS.);
#7178 = CARTESIAN_POINT('',(0.,0.));
#7179 = CARTESIAN_POINT('',(0.,1.));
#7180 = ( GEOMETRIC_REPRESENTATION_CONTEXT(2) 
PARAMETRIC_REPRESENTATION_CONTEXT() REPRESENTATION_CONTEXT('2D SPACE',''
  ) );
#7181 = ORIENTED_EDGE('',*,*,#548,.F.);
#7182 = ORIENTED_EDGE('',*,*,#7120,.F.);
#7183 = ADVANCED_FACE('',(#7184),#591,.F.);
#7184 = FACE_BOUND('',#7185,.F.);
#7185 = EDGE_LOOP('',(#7186,#7207,#7225,#7226));
#7186 = ORIENTED_EDGE('',*,*,#7187,.T.);
#7187 = EDGE_CURVE('',#7144,#7188,#7190,.T.);
#7188 = VERTEX_POINT('',#7189);
#7189 = CARTESIAN_POINT('',(189.95037093755,0.,5.753349262923));
#7190 = SURFACE_CURVE('',#7191,(#7195,#7201),.PCURVE_S1.);
#7191 = LINE('',#7192,#7193);
#7192 = CARTESIAN_POINT('',(193.7678857765,0.,5.086291388876));
#7193 = VECTOR('',#7194,1.);
#7194 = DIRECTION('',(-0.985074566638,0.,0.172128144597));
#7195 = PCURVE('',#591,#7196);
#7196 = DEFINITIONAL_REPRESENTATION('',(#7197),#7200);
#7197 = B_SPLINE_CURVE_WITH_KNOTS('',1,(#7198,#7199),.UNSPECIFIED.,.F.,
  .F.,(2,2),(0.,3.875356209811),.PIECEWISE_BEZIER_KNOTS.);
#7198 = CARTESIAN_POINT('',(0.,0.));
#7199 = CARTESIAN_POINT('',(3.875356209811E-03,0.));
#7200 = ( GEOMETRIC_REPRESENTATION_CONTEXT(2) 
PARAMETRIC_REPRESENTATION_CONTEXT() REPRESENTATION_CONTEXT('2D SPACE',''
  ) );
#7201 = PCURVE('',#3837,#7202);
#7202 = DEFINITIONAL_REPRESENTATION('',(#7203),#7206);
#7203 = B_SPLINE_CURVE_WITH_KNOTS('',1,(#7204,#7205),.UNSPECIFIED.,.F.,
  .F.,(2,2),(0.,3.875356209811),.PIECEWISE_BEZIER_KNOTS.);
#7204 = CARTESIAN_POINT('',(0.,0.));
#7205 = CARTESIAN_POINT('',(3.875356209811E-03,0.));
#7206 = ( GEOMETRIC_REPRESENTATION_CONTEXT(2) 
PARAMETRIC_REPRESENTATION_CONTEXT() REPRESENTATION_CONTEXT('2D SPACE',''
  ) );
#7207 = ORIENTED_EDGE('',*,*,#7208,.T.);
#7208 = EDGE_CURVE('',#7188,#576,#7209,.T.);
#7209 = SURFACE_CURVE('',#7210,(#7213,#7219),.PCURVE_S1.);
#7210 = B_SPLINE_CURVE_WITH_KNOTS('',1,(#7211,#7212),.UNSPECIFIED.,.F.,
  .F.,(2,2),(0.,1.),.PIECEWISE_BEZIER_KNOTS.);
#7211 = CARTESIAN_POINT('',(189.95037093755,0.,5.753349262923));
#7212 = CARTESIAN_POINT('',(135.84522256253,700.,40.137455055883));
#7213 = PCURVE('',#591,#7214);
#7214 = DEFINITIONAL_REPRESENTATION('',(#7215),#7218);
#7215 = B_SPLINE_CURVE_WITH_KNOTS('',1,(#7216,#7217),.UNSPECIFIED.,.F.,
  .F.,(2,2),(0.,1.),.PIECEWISE_BEZIER_KNOTS.);
#7216 = CARTESIAN_POINT('',(3.875356209811E-03,0.));
#7217 = CARTESIAN_POINT('',(3.875356209811E-03,1.));
#7218 = ( GEOMETRIC_REPRESENTATION_CONTEXT(2) 
PARAMETRIC_REPRESENTATION_CONTEXT() REPRESENTATION_CONTEXT('2D SPACE',''
  ) );
#7219 = PCURVE('',#618,#7220);
#7220 = DEFINITIONAL_REPRESENTATION('',(#7221),#7224);
#7221 = B_SPLINE_CURVE_WITH_KNOTS('',1,(#7222,#7223),.UNSPECIFIED.,.F.,
  .F.,(2,2),(0.,1.),.PIECEWISE_BEZIER_KNOTS.);
#7222 = CARTESIAN_POINT('',(0.,0.));
#7223 = CARTESIAN_POINT('',(0.,1.));
#7224 = ( GEOMETRIC_REPRESENTATION_CONTEXT(2) 
PARAMETRIC_REPRESENTATION_CONTEXT() REPRESENTATION_CONTEXT('2D SPACE',''
  ) );
#7225 = ORIENTED_EDGE('',*,*,#575,.F.);
#7226 = ORIENTED_EDGE('',*,*,#7164,.F.);
#7227 = ADVANCED_FACE('',(#7228),#618,.F.);
#7228 = FACE_BOUND('',#7229,.F.);
#7229 = EDGE_LOOP('',(#7230,#7251,#7269,#7270));
#7230 = ORIENTED_EDGE('',*,*,#7231,.T.);
#7231 = EDGE_CURVE('',#7188,#7232,#7234,.T.);
#7232 = VERTEX_POINT('',#7233);
#7233 = CARTESIAN_POINT('',(185.90359284952,0.,6.441783888441));
#7234 = SURFACE_CURVE('',#7235,(#7239,#7245),.PCURVE_S1.);
#7235 = LINE('',#7236,#7237);
#7236 = CARTESIAN_POINT('',(189.95037093755,0.,5.753349262923));
#7237 = VECTOR('',#7238,1.);
#7238 = DIRECTION('',(-0.985836425206,0.,0.1677096978));
#7239 = PCURVE('',#618,#7240);
#7240 = DEFINITIONAL_REPRESENTATION('',(#7241),#7244);
#7241 = B_SPLINE_CURVE_WITH_KNOTS('',1,(#7242,#7243),.UNSPECIFIED.,.F.,
  .F.,(2,2),(0.,4.104918406914),.PIECEWISE_BEZIER_KNOTS.);
#7242 = CARTESIAN_POINT('',(0.,0.));
#7243 = CARTESIAN_POINT('',(4.104918406914E-03,0.));
#7244 = ( GEOMETRIC_REPRESENTATION_CONTEXT(2) 
PARAMETRIC_REPRESENTATION_CONTEXT() REPRESENTATION_CONTEXT('2D SPACE',''
  ) );
#7245 = PCURVE('',#3864,#7246);
#7246 = DEFINITIONAL_REPRESENTATION('',(#7247),#7250);
#7247 = B_SPLINE_CURVE_WITH_KNOTS('',1,(#7248,#7249),.UNSPECIFIED.,.F.,
  .F.,(2,2),(0.,4.104918406914),.PIECEWISE_BEZIER_KNOTS.);
#7248 = CARTESIAN_POINT('',(0.,0.));
#7249 = CARTESIAN_POINT('',(4.104918406914E-03,0.));
#7250 = ( GEOMETRIC_REPRESENTATION_CONTEXT(2) 
PARAMETRIC_REPRESENTATION_CONTEXT() REPRESENTATION_CONTEXT('2D SPACE',''
  ) );
#7251 = ORIENTED_EDGE('',*,*,#7252,.T.);
#7252 = EDGE_CURVE('',#7232,#603,#7253,.T.);
#7253 = SURFACE_CURVE('',#7254,(#7257,#7263),.PCURVE_S1.);
#7254 = B_SPLINE_CURVE_WITH_KNOTS('',1,(#7255,#7256),.UNSPECIFIED.,.F.,
  .F.,(2,2),(0.,1.),.PIECEWISE_BEZIER_KNOTS.);
#7255 = CARTESIAN_POINT('',(185.90359284952,0.,6.441783888441));
#7256 = CARTESIAN_POINT('',(133.41715570971,700.,40.550515831194));
#7257 = PCURVE('',#618,#7258);
#7258 = DEFINITIONAL_REPRESENTATION('',(#7259),#7262);
#7259 = B_SPLINE_CURVE_WITH_KNOTS('',1,(#7260,#7261),.UNSPECIFIED.,.F.,
  .F.,(2,2),(0.,1.),.PIECEWISE_BEZIER_KNOTS.);
#7260 = CARTESIAN_POINT('',(4.104918406914E-03,0.));
#7261 = CARTESIAN_POINT('',(4.104918406914E-03,1.));
#7262 = ( GEOMETRIC_REPRESENTATION_CONTEXT(2) 
PARAMETRIC_REPRESENTATION_CONTEXT() REPRESENTATION_CONTEXT('2D SPACE',''
  ) );
#7263 = PCURVE('',#645,#7264);
#7264 = DEFINITIONAL_REPRESENTATION('',(#7265),#7268);
#7265 = B_SPLINE_CURVE_WITH_KNOTS('',1,(#7266,#7267),.UNSPECIFIED.,.F.,
  .F.,(2,2),(0.,1.),.PIECEWISE_BEZIER_KNOTS.);
#7266 = CARTESIAN_POINT('',(0.,0.));
#7267 = CARTESIAN_POINT('',(0.,1.));
#7268 = ( GEOMETRIC_REPRESENTATION_CONTEXT(2) 
PARAMETRIC_REPRESENTATION_CONTEXT() REPRESENTATION_CONTEXT('2D SPACE',''
  ) );
#7269 = ORIENTED_EDGE('',*,*,#602,.F.);
#7270 = ORIENTED_EDGE('',*,*,#7208,.F.);
#7271 = ADVANCED_FACE('',(#7272),#645,.F.);
#7272 = FACE_BOUND('',#7273,.F.);
#7273 = EDGE_LOOP('',(#7274,#7295,#7313,#7314));
#7274 = ORIENTED_EDGE('',*,*,#7275,.T.);
#7275 = EDGE_CURVE('',#7232,#7276,#7278,.T.);
#7276 = VERTEX_POINT('',#7277);
#7277 = CARTESIAN_POINT('',(181.63868369444,0.,7.146756867541));
#7278 = SURFACE_CURVE('',#7279,(#7283,#7289),.PCURVE_S1.);
#7279 = LINE('',#7280,#7281);
#7280 = CARTESIAN_POINT('',(185.90359284952,0.,6.441783888441));
#7281 = VECTOR('',#7282,1.);
#7282 = DIRECTION('',(-0.986612320188,0.,0.16308319856));
#7283 = PCURVE('',#645,#7284);
#7284 = DEFINITIONAL_REPRESENTATION('',(#7285),#7288);
#7285 = B_SPLINE_CURVE_WITH_KNOTS('',1,(#7286,#7287),.UNSPECIFIED.,.F.,
  .F.,(2,2),(0.,4.322781165217),.PIECEWISE_BEZIER_KNOTS.);
#7286 = CARTESIAN_POINT('',(0.,0.));
#7287 = CARTESIAN_POINT('',(4.322781165217E-03,0.));
#7288 = ( GEOMETRIC_REPRESENTATION_CONTEXT(2) 
PARAMETRIC_REPRESENTATION_CONTEXT() REPRESENTATION_CONTEXT('2D SPACE',''
  ) );
#7289 = PCURVE('',#3891,#7290);
#7290 = DEFINITIONAL_REPRESENTATION('',(#7291),#7294);
#7291 = B_SPLINE_CURVE_WITH_KNOTS('',1,(#7292,#7293),.UNSPECIFIED.,.F.,
  .F.,(2,2),(0.,4.322781165217),.PIECEWISE_BEZIER_KNOTS.);
#7292 = CARTESIAN_POINT('',(0.,0.));
#7293 = CARTESIAN_POINT('',(4.322781165217E-03,0.));
#7294 = ( GEOMETRIC_REPRESENTATION_CONTEXT(2) 
PARAMETRIC_REPRESENTATION_CONTEXT() REPRESENTATION_CONTEXT('2D SPACE',''
  ) );
#7295 = ORIENTED_EDGE('',*,*,#7296,.T.);
#7296 = EDGE_CURVE('',#7276,#630,#7297,.T.);
#7297 = SURFACE_CURVE('',#7298,(#7301,#7307),.PCURVE_S1.);
#7298 = B_SPLINE_CURVE_WITH_KNOTS('',1,(#7299,#7300),.UNSPECIFIED.,.F.,
  .F.,(2,2),(0.,1.),.PIECEWISE_BEZIER_KNOTS.);
#7299 = CARTESIAN_POINT('',(181.63868369444,0.,7.146756867541));
#7300 = CARTESIAN_POINT('',(130.85821021666,700.,40.973499618653));
#7301 = PCURVE('',#645,#7302);
#7302 = DEFINITIONAL_REPRESENTATION('',(#7303),#7306);
#7303 = B_SPLINE_CURVE_WITH_KNOTS('',1,(#7304,#7305),.UNSPECIFIED.,.F.,
  .F.,(2,2),(0.,1.),.PIECEWISE_BEZIER_KNOTS.);
#7304 = CARTESIAN_POINT('',(4.322781165217E-03,0.));
#7305 = CARTESIAN_POINT('',(4.322781165217E-03,1.));
#7306 = ( GEOMETRIC_REPRESENTATION_CONTEXT(2) 
PARAMETRIC_REPRESENTATION_CONTEXT() REPRESENTATION_CONTEXT('2D SPACE',''
  ) );
#7307 = PCURVE('',#672,#7308);
#7308 = DEFINITIONAL_REPRESENTATION('',(#7309),#7312);
#7309 = B_SPLINE_CURVE_WITH_KNOTS('',1,(#7310,#7311),.UNSPECIFIED.,.F.,
  .F.,(2,2),(0.,1.),.PIECEWISE_BEZIER_KNOTS.);
#7310 = CARTESIAN_POINT('',(0.,0.));
#7311 = CARTESIAN_POINT('',(0.,1.));
#7312 = ( GEOMETRIC_REPRESENTATION_CONTEXT(2) 
PARAMETRIC_REPRESENTATION_CONTEXT() REPRESENTATION_CONTEXT('2D SPACE',''
  ) );
#7313 = ORIENTED_EDGE('',*,*,#629,.F.);
#7314 = ORIENTED_EDGE('',*,*,#7252,.F.);
#7315 = ADVANCED_FACE('',(#7316),#672,.F.);
#7316 = FACE_BOUND('',#7317,.F.);
#7317 = EDGE_LOOP('',(#7318,#7339,#7357,#7358));
#7318 = ORIENTED_EDGE('',*,*,#7319,.T.);
#7319 = EDGE_CURVE('',#7276,#7320,#7322,.T.);
#7320 = VERTEX_POINT('',#7321);
#7321 = CARTESIAN_POINT('',(177.16741501222,0.,7.863392038203));
#7322 = SURFACE_CURVE('',#7323,(#7327,#7333),.PCURVE_S1.);
#7323 = LINE('',#7324,#7325);
#7324 = CARTESIAN_POINT('',(181.63868369444,0.,7.146756867541));
#7325 = VECTOR('',#7326,1.);
#7326 = DIRECTION('',(-0.987398146225,0.,0.158255808211));
#7327 = PCURVE('',#672,#7328);
#7328 = DEFINITIONAL_REPRESENTATION('',(#7329),#7332);
#7329 = B_SPLINE_CURVE_WITH_KNOTS('',1,(#7330,#7331),.UNSPECIFIED.,.F.,
  .F.,(2,2),(0.,4.528334086215),.PIECEWISE_BEZIER_KNOTS.);
#7330 = CARTESIAN_POINT('',(0.,0.));
#7331 = CARTESIAN_POINT('',(4.528334086215E-03,0.));
#7332 = ( GEOMETRIC_REPRESENTATION_CONTEXT(2) 
PARAMETRIC_REPRESENTATION_CONTEXT() REPRESENTATION_CONTEXT('2D SPACE',''
  ) );
#7333 = PCURVE('',#3918,#7334);
#7334 = DEFINITIONAL_REPRESENTATION('',(#7335),#7338);
#7335 = B_SPLINE_CURVE_WITH_KNOTS('',1,(#7336,#7337),.UNSPECIFIED.,.F.,
  .F.,(2,2),(0.,4.528334086215),.PIECEWISE_BEZIER_KNOTS.);
#7336 = CARTESIAN_POINT('',(0.,0.));
#7337 = CARTESIAN_POINT('',(4.528334086215E-03,0.));
#7338 = ( GEOMETRIC_REPRESENTATION_CONTEXT(2) 
PARAMETRIC_REPRESENTATION_CONTEXT() REPRESENTATION_CONTEXT('2D SPACE',''
  ) );
#7339 = ORIENTED_EDGE('',*,*,#7340,.T.);
#7340 = EDGE_CURVE('',#7320,#657,#7341,.T.);
#7341 = SURFACE_CURVE('',#7342,(#7345,#7351),.PCURVE_S1.);
#7342 = B_SPLINE_CURVE_WITH_KNOTS('',1,(#7343,#7344),.UNSPECIFIED.,.F.,
  .F.,(2,2),(0.,1.),.PIECEWISE_BEZIER_KNOTS.);
#7343 = CARTESIAN_POINT('',(177.16741501222,0.,7.863392038203));
#7344 = CARTESIAN_POINT('',(128.17544900733,700.,41.40348072105));
#7345 = PCURVE('',#672,#7346);
#7346 = DEFINITIONAL_REPRESENTATION('',(#7347),#7350);
#7347 = B_SPLINE_CURVE_WITH_KNOTS('',1,(#7348,#7349),.UNSPECIFIED.,.F.,
  .F.,(2,2),(0.,1.),.PIECEWISE_BEZIER_KNOTS.);
#7348 = CARTESIAN_POINT('',(4.528334086215E-03,0.));
#7349 = CARTESIAN_POINT('',(4.528334086215E-03,1.));
#7350 = ( GEOMETRIC_REPRESENTATION_CONTEXT(2) 
PARAMETRIC_REPRESENTATION_CONTEXT() REPRESENTATION_CONTEXT('2D SPACE',''
  ) );
#7351 = PCURVE('',#699,#7352);
#7352 = DEFINITIONAL_REPRESENTATION('',(#7353),#7356);
#7353 = B_SPLINE_CURVE_WITH_KNOTS('',1,(#7354,#7355),.UNSPECIFIED.,.F.,
  .F.,(2,2),(0.,1.),.PIECEWISE_BEZIER_KNOTS.);
#7354 = CARTESIAN_POINT('',(0.,0.));
#7355 = CARTESIAN_POINT('',(0.,1.));
#7356 = ( GEOMETRIC_REPRESENTATION_CONTEXT(2) 
PARAMETRIC_REPRESENTATION_CONTEXT() REPRESENTATION_CONTEXT('2D SPACE',''
  ) );
#7357 = ORIENTED_EDGE('',*,*,#656,.F.);
#7358 = ORIENTED_EDGE('',*,*,#7296,.F.);
#7359 = ADVANCED_FACE('',(#7360),#699,.F.);
#7360 = FACE_BOUND('',#7361,.F.);
#7361 = EDGE_LOOP('',(#7362,#7383,#7401,#7402));
#7362 = ORIENTED_EDGE('',*,*,#7363,.T.);
#7363 = EDGE_CURVE('',#7320,#7364,#7366,.T.);
#7364 = VERTEX_POINT('',#7365);
#7365 = CARTESIAN_POINT('',(172.50216831223,0.,8.586796897602));
#7366 = SURFACE_CURVE('',#7367,(#7371,#7377),.PCURVE_S1.);
#7367 = LINE('',#7368,#7369);
#7368 = CARTESIAN_POINT('',(177.16741501222,0.,7.863392038203));
#7369 = VECTOR('',#7370,1.);
#7370 = DIRECTION('',(-0.988190354176,0.,0.153231275899));
#7371 = PCURVE('',#699,#7372);
#7372 = DEFINITIONAL_REPRESENTATION('',(#7373),#7376);
#7373 = B_SPLINE_CURVE_WITH_KNOTS('',1,(#7374,#7375),.UNSPECIFIED.,.F.,
  .F.,(2,2),(0.,4.721000038387),.PIECEWISE_BEZIER_KNOTS.);
#7374 = CARTESIAN_POINT('',(0.,0.));
#7375 = CARTESIAN_POINT('',(4.721000038387E-03,0.));
#7376 = ( GEOMETRIC_REPRESENTATION_CONTEXT(2) 
PARAMETRIC_REPRESENTATION_CONTEXT() REPRESENTATION_CONTEXT('2D SPACE',''
  ) );
#7377 = PCURVE('',#3945,#7378);
#7378 = DEFINITIONAL_REPRESENTATION('',(#7379),#7382);
#7379 = B_SPLINE_CURVE_WITH_KNOTS('',1,(#7380,#7381),.UNSPECIFIED.,.F.,
  .F.,(2,2),(0.,4.721000038387),.PIECEWISE_BEZIER_KNOTS.);
#7380 = CARTESIAN_POINT('',(0.,0.));
#7381 = CARTESIAN_POINT('',(4.721000038387E-03,0.));
#7382 = ( GEOMETRIC_REPRESENTATION_CONTEXT(2) 
PARAMETRIC_REPRESENTATION_CONTEXT() REPRESENTATION_CONTEXT('2D SPACE',''
  ) );
#7383 = ORIENTED_EDGE('',*,*,#7384,.T.);
#7384 = EDGE_CURVE('',#7364,#684,#7385,.T.);
#7385 = SURFACE_CURVE('',#7386,(#7389,#7395),.PCURVE_S1.);
#7386 = B_SPLINE_CURVE_WITH_KNOTS('',1,(#7387,#7388),.UNSPECIFIED.,.F.,
  .F.,(2,2),(0.,1.),.PIECEWISE_BEZIER_KNOTS.);
#7387 = CARTESIAN_POINT('',(172.50216831223,0.,8.586796897602));
#7388 = CARTESIAN_POINT('',(125.37630098733,700.,41.83752363669));
#7389 = PCURVE('',#699,#7390);
#7390 = DEFINITIONAL_REPRESENTATION('',(#7391),#7394);
#7391 = B_SPLINE_CURVE_WITH_KNOTS('',1,(#7392,#7393),.UNSPECIFIED.,.F.,
  .F.,(2,2),(0.,1.),.PIECEWISE_BEZIER_KNOTS.);
#7392 = CARTESIAN_POINT('',(4.721000038387E-03,0.));
#7393 = CARTESIAN_POINT('',(4.721000038387E-03,1.));
#7394 = ( GEOMETRIC_REPRESENTATION_CONTEXT(2) 
PARAMETRIC_REPRESENTATION_CONTEXT() REPRESENTATION_CONTEXT('2D SPACE',''
  ) );
#7395 = PCURVE('',#726,#7396);
#7396 = DEFINITIONAL_REPRESENTATION('',(#7397),#7400);
#7397 = B_SPLINE_CURVE_WITH_KNOTS('',1,(#7398,#7399),.UNSPECIFIED.,.F.,
  .F.,(2,2),(0.,1.),.PIECEWISE_BEZIER_KNOTS.);
#7398 = CARTESIAN_POINT('',(0.,0.));
#7399 = CARTESIAN_POINT('',(0.,1.));
#7400 = ( GEOMETRIC_REPRESENTATION_CONTEXT(2) 
PARAMETRIC_REPRESENTATION_CONTEXT() REPRESENTATION_CONTEXT('2D SPACE',''
  ) );
#7401 = ORIENTED_EDGE('',*,*,#683,.F.);
#7402 = ORIENTED_EDGE('',*,*,#7340,.F.);
#7403 = ADVANCED_FACE('',(#7404),#726,.F.);
#7404 = FACE_BOUND('',#7405,.F.);
#7405 = EDGE_LOOP('',(#7406,#7427,#7445,#7446));
#7406 = ORIENTED_EDGE('',*,*,#7407,.T.);
#7407 = EDGE_CURVE('',#7364,#7408,#7410,.T.);
#7408 = VERTEX_POINT('',#7409);
#7409 = CARTESIAN_POINT('',(167.65590353123,0.,9.312079121687));
#7410 = SURFACE_CURVE('',#7411,(#7415,#7421),.PCURVE_S1.);
#7411 = LINE('',#7412,#7413);
#7412 = CARTESIAN_POINT('',(172.50216831223,0.,8.586796897602));
#7413 = VECTOR('',#7414,1.);
#7414 = DIRECTION('',(-0.988985918211,0.,0.148009640159));
#7415 = PCURVE('',#726,#7416);
#7416 = DEFINITIONAL_REPRESENTATION('',(#7417),#7420);
#7417 = B_SPLINE_CURVE_WITH_KNOTS('',1,(#7418,#7419),.UNSPECIFIED.,.F.,
  .F.,(2,2),(0.,4.900236385331),.PIECEWISE_BEZIER_KNOTS.);
#7418 = CARTESIAN_POINT('',(0.,0.));
#7419 = CARTESIAN_POINT('',(4.900236385331E-03,0.));
#7420 = ( GEOMETRIC_REPRESENTATION_CONTEXT(2) 
PARAMETRIC_REPRESENTATION_CONTEXT() REPRESENTATION_CONTEXT('2D SPACE',''
  ) );
#7421 = PCURVE('',#3972,#7422);
#7422 = DEFINITIONAL_REPRESENTATION('',(#7423),#7426);
#7423 = B_SPLINE_CURVE_WITH_KNOTS('',1,(#7424,#7425),.UNSPECIFIED.,.F.,
  .F.,(2,2),(0.,4.900236385331),.PIECEWISE_BEZIER_KNOTS.);
#7424 = CARTESIAN_POINT('',(0.,0.));
#7425 = CARTESIAN_POINT('',(4.900236385331E-03,0.));
#7426 = ( GEOMETRIC_REPRESENTATION_CONTEXT(2) 
PARAMETRIC_REPRESENTATION_CONTEXT() REPRESENTATION_CONTEXT('2D SPACE',''
  ) );
#7427 = ORIENTED_EDGE('',*,*,#7428,.T.);
#7428 = EDGE_CURVE('',#7408,#711,#7429,.T.);
#7429 = SURFACE_CURVE('',#7430,(#7433,#7439),.PCURVE_S1.);
#7430 = B_SPLINE_CURVE_WITH_KNOTS('',1,(#7431,#7432),.UNSPECIFIED.,.F.,
  .F.,(2,2),(0.,1.),.PIECEWISE_BEZIER_KNOTS.);
#7431 = CARTESIAN_POINT('',(167.65590353123,0.,9.312079121687));
#7432 = CARTESIAN_POINT('',(122.46854211873,700.,42.272692971141));
#7433 = PCURVE('',#726,#7434);
#7434 = DEFINITIONAL_REPRESENTATION('',(#7435),#7438);
#7435 = B_SPLINE_CURVE_WITH_KNOTS('',1,(#7436,#7437),.UNSPECIFIED.,.F.,
  .F.,(2,2),(0.,1.),.PIECEWISE_BEZIER_KNOTS.);
#7436 = CARTESIAN_POINT('',(4.900236385331E-03,0.));
#7437 = CARTESIAN_POINT('',(4.900236385331E-03,1.));
#7438 = ( GEOMETRIC_REPRESENTATION_CONTEXT(2) 
PARAMETRIC_REPRESENTATION_CONTEXT() REPRESENTATION_CONTEXT('2D SPACE',''
  ) );
#7439 = PCURVE('',#753,#7440);
#7440 = DEFINITIONAL_REPRESENTATION('',(#7441),#7444);
#7441 = B_SPLINE_CURVE_WITH_KNOTS('',1,(#7442,#7443),.UNSPECIFIED.,.F.,
  .F.,(2,2),(0.,1.),.PIECEWISE_BEZIER_KNOTS.);
#7442 = CARTESIAN_POINT('',(0.,0.));
#7443 = CARTESIAN_POINT('',(0.,1.));
#7444 = ( GEOMETRIC_REPRESENTATION_CONTEXT(2) 
PARAMETRIC_REPRESENTATION_CONTEXT() REPRESENTATION_CONTEXT('2D SPACE',''
  ) );
#7445 = ORIENTED_EDGE('',*,*,#710,.F.);
#7446 = ORIENTED_EDGE('',*,*,#7384,.F.);
#7447 = ADVANCED_FACE('',(#7448),#753,.F.);
#7448 = FACE_BOUND('',#7449,.F.);
#7449 = EDGE_LOOP('',(#7450,#7471,#7489,#7490));
#7450 = ORIENTED_EDGE('',*,*,#7451,.T.);
#7451 = EDGE_CURVE('',#7408,#7452,#7454,.T.);
#7452 = VERTEX_POINT('',#7453);
#7453 = CARTESIAN_POINT('',(162.64212551181,0.,10.034358840182));
#7454 = SURFACE_CURVE('',#7455,(#7459,#7465),.PCURVE_S1.);
#7455 = LINE('',#7456,#7457);
#7456 = CARTESIAN_POINT('',(167.65590353123,0.,9.312079121687));
#7457 = VECTOR('',#7458,1.);
#7458 = DIRECTION('',(-0.98978227007,0.,0.142587018537));
#7459 = PCURVE('',#753,#7460);
#7460 = DEFINITIONAL_REPRESENTATION('',(#7461),#7464);
#7461 = B_SPLINE_CURVE_WITH_KNOTS('',1,(#7462,#7463),.UNSPECIFIED.,.F.,
  .F.,(2,2),(0.,5.065536301298),.PIECEWISE_BEZIER_KNOTS.);
#7462 = CARTESIAN_POINT('',(0.,0.));
#7463 = CARTESIAN_POINT('',(5.065536301298E-03,0.));
#7464 = ( GEOMETRIC_REPRESENTATION_CONTEXT(2) 
PARAMETRIC_REPRESENTATION_CONTEXT() REPRESENTATION_CONTEXT('2D SPACE',''
  ) );
#7465 = PCURVE('',#3999,#7466);
#7466 = DEFINITIONAL_REPRESENTATION('',(#7467),#7470);
#7467 = B_SPLINE_CURVE_WITH_KNOTS('',1,(#7468,#7469),.UNSPECIFIED.,.F.,
  .F.,(2,2),(0.,5.065536301298),.PIECEWISE_BEZIER_KNOTS.);
#7468 = CARTESIAN_POINT('',(0.,0.));
#7469 = CARTESIAN_POINT('',(5.065536301298E-03,0.));
#7470 = ( GEOMETRIC_REPRESENTATION_CONTEXT(2) 
PARAMETRIC_REPRESENTATION_CONTEXT() REPRESENTATION_CONTEXT('2D SPACE',''
  ) );
#7471 = ORIENTED_EDGE('',*,*,#7472,.T.);
#7472 = EDGE_CURVE('',#7452,#738,#7473,.T.);
#7473 = SURFACE_CURVE('',#7474,(#7477,#7483),.PCURVE_S1.);
#7474 = B_SPLINE_CURVE_WITH_KNOTS('',1,(#7475,#7476),.UNSPECIFIED.,.F.,
  .F.,(2,2),(0.,1.),.PIECEWISE_BEZIER_KNOTS.);
#7475 = CARTESIAN_POINT('',(162.64212551181,0.,10.034358840182));
#7476 = CARTESIAN_POINT('',(119.46027530708,700.,42.706060802238));
#7477 = PCURVE('',#753,#7478);
#7478 = DEFINITIONAL_REPRESENTATION('',(#7479),#7482);
#7479 = B_SPLINE_CURVE_WITH_KNOTS('',1,(#7480,#7481),.UNSPECIFIED.,.F.,
  .F.,(2,2),(0.,1.),.PIECEWISE_BEZIER_KNOTS.);
#7480 = CARTESIAN_POINT('',(5.065536301298E-03,0.));
#7481 = CARTESIAN_POINT('',(5.065536301298E-03,1.));
#7482 = ( GEOMETRIC_REPRESENTATION_CONTEXT(2) 
PARAMETRIC_REPRESENTATION_CONTEXT() REPRESENTATION_CONTEXT('2D SPACE',''
  ) );
#7483 = PCURVE('',#780,#7484);
#7484 = DEFINITIONAL_REPRESENTATION('',(#7485),#7488);
#7485 = B_SPLINE_CURVE_WITH_KNOTS('',1,(#7486,#7487),.UNSPECIFIED.,.F.,
  .F.,(2,2),(0.,1.),.PIECEWISE_BEZIER_KNOTS.);
#7486 = CARTESIAN_POINT('',(0.,0.));
#7487 = CARTESIAN_POINT('',(0.,1.));
#7488 = ( GEOMETRIC_REPRESENTATION_CONTEXT(2) 
PARAMETRIC_REPRESENTATION_CONTEXT() REPRESENTATION_CONTEXT('2D SPACE',''
  ) );
#7489 = ORIENTED_EDGE('',*,*,#737,.F.);
#7490 = ORIENTED_EDGE('',*,*,#7428,.F.);
#7491 = ADVANCED_FACE('',(#7492),#780,.F.);
#7492 = FACE_BOUND('',#7493,.F.);
#7493 = EDGE_LOOP('',(#7494,#7515,#7533,#7534));
#7494 = ORIENTED_EDGE('',*,*,#7495,.T.);
#7495 = EDGE_CURVE('',#7452,#7496,#7498,.T.);
#7496 = VERTEX_POINT('',#7497);
#7497 = CARTESIAN_POINT('',(157.47484868237,0.,10.748777594145));
#7498 = SURFACE_CURVE('',#7499,(#7503,#7509),.PCURVE_S1.);
#7499 = LINE('',#7500,#7501);
#7500 = CARTESIAN_POINT('',(162.64212551181,0.,10.034358840182));
#7501 = VECTOR('',#7502,1.);
#7502 = DIRECTION('',(-0.99057720231,0.,0.136955490084));
#7503 = PCURVE('',#780,#7504);
#7504 = DEFINITIONAL_REPRESENTATION('',(#7505),#7508);
#7505 = B_SPLINE_CURVE_WITH_KNOTS('',1,(#7506,#7507),.UNSPECIFIED.,.F.,
  .F.,(2,2),(0.,5.216430195842),.PIECEWISE_BEZIER_KNOTS.);
#7506 = CARTESIAN_POINT('',(0.,0.));
#7507 = CARTESIAN_POINT('',(5.216430195842E-03,0.));
#7508 = ( GEOMETRIC_REPRESENTATION_CONTEXT(2) 
PARAMETRIC_REPRESENTATION_CONTEXT() REPRESENTATION_CONTEXT('2D SPACE',''
  ) );
#7509 = PCURVE('',#4026,#7510);
#7510 = DEFINITIONAL_REPRESENTATION('',(#7511),#7514);
#7511 = B_SPLINE_CURVE_WITH_KNOTS('',1,(#7512,#7513),.UNSPECIFIED.,.F.,
  .F.,(2,2),(0.,5.216430195842),.PIECEWISE_BEZIER_KNOTS.);
#7512 = CARTESIAN_POINT('',(0.,0.));
#7513 = CARTESIAN_POINT('',(5.216430195842E-03,0.));
#7514 = ( GEOMETRIC_REPRESENTATION_CONTEXT(2) 
PARAMETRIC_REPRESENTATION_CONTEXT() REPRESENTATION_CONTEXT('2D SPACE',''
  ) );
#7515 = ORIENTED_EDGE('',*,*,#7516,.T.);
#7516 = EDGE_CURVE('',#7496,#765,#7517,.T.);
#7517 = SURFACE_CURVE('',#7518,(#7521,#7527),.PCURVE_S1.);
#7518 = B_SPLINE_CURVE_WITH_KNOTS('',1,(#7519,#7520),.UNSPECIFIED.,.F.,
  .F.,(2,2),(0.,1.),.PIECEWISE_BEZIER_KNOTS.);
#7519 = CARTESIAN_POINT('',(157.47484868237,0.,10.748777594145));
#7520 = CARTESIAN_POINT('',(116.35990920942,700.,43.134712054616));
#7521 = PCURVE('',#780,#7522);
#7522 = DEFINITIONAL_REPRESENTATION('',(#7523),#7526);
#7523 = B_SPLINE_CURVE_WITH_KNOTS('',1,(#7524,#7525),.UNSPECIFIED.,.F.,
  .F.,(2,2),(0.,1.),.PIECEWISE_BEZIER_KNOTS.);
#7524 = CARTESIAN_POINT('',(5.216430195842E-03,0.));
#7525 = CARTESIAN_POINT('',(5.216430195842E-03,1.));
#7526 = ( GEOMETRIC_REPRESENTATION_CONTEXT(2) 
PARAMETRIC_REPRESENTATION_CONTEXT() REPRESENTATION_CONTEXT('2D SPACE',''
  ) );
#7527 = PCURVE('',#807,#7528);
#7528 = DEFINITIONAL_REPRESENTATION('',(#7529),#7532);
#7529 = B_SPLINE_CURVE_WITH_KNOTS('',1,(#7530,#7531),.UNSPECIFIED.,.F.,
  .F.,(2,2),(0.,1.),.PIECEWISE_BEZIER_KNOTS.);
#7530 = CARTESIAN_POINT('',(0.,0.));
#7531 = CARTESIAN_POINT('',(0.,1.));
#7532 = ( GEOMETRIC_REPRESENTATION_CONTEXT(2) 
PARAMETRIC_REPRESENTATION_CONTEXT() REPRESENTATION_CONTEXT('2D SPACE',''
  ) );
#7533 = ORIENTED_EDGE('',*,*,#764,.F.);
#7534 = ORIENTED_EDGE('',*,*,#7472,.F.);
#7535 = ADVANCED_FACE('',(#7536),#807,.F.);
#7536 = FACE_BOUND('',#7537,.F.);
#7537 = EDGE_LOOP('',(#7538,#7559,#7577,#7578));
#7538 = ORIENTED_EDGE('',*,*,#7539,.T.);
#7539 = EDGE_CURVE('',#7496,#7540,#7542,.T.);
#7540 = VERTEX_POINT('',#7541);
#7541 = CARTESIAN_POINT('',(152.16856011428,0.,11.45050511854));
#7542 = SURFACE_CURVE('',#7543,(#7547,#7553),.PCURVE_S1.);
#7543 = LINE('',#7544,#7545);
#7544 = CARTESIAN_POINT('',(157.47484868237,0.,10.748777594145));
#7545 = VECTOR('',#7546,1.);
#7546 = DIRECTION('',(-0.991368742919,0.,0.13110307229));
#7547 = PCURVE('',#807,#7548);
#7548 = DEFINITIONAL_REPRESENTATION('',(#7549),#7552);
#7549 = B_SPLINE_CURVE_WITH_KNOTS('',1,(#7550,#7551),.UNSPECIFIED.,.F.,
  .F.,(2,2),(0.,5.352487261661),.PIECEWISE_BEZIER_KNOTS.);
#7550 = CARTESIAN_POINT('',(0.,0.));
#7551 = CARTESIAN_POINT('',(5.352487261661E-03,0.));
#7552 = ( GEOMETRIC_REPRESENTATION_CONTEXT(2) 
PARAMETRIC_REPRESENTATION_CONTEXT() REPRESENTATION_CONTEXT('2D SPACE',''
  ) );
#7553 = PCURVE('',#4053,#7554);
#7554 = DEFINITIONAL_REPRESENTATION('',(#7555),#7558);
#7555 = B_SPLINE_CURVE_WITH_KNOTS('',1,(#7556,#7557),.UNSPECIFIED.,.F.,
  .F.,(2,2),(0.,5.352487261661),.PIECEWISE_BEZIER_KNOTS.);
#7556 = CARTESIAN_POINT('',(0.,0.));
#7557 = CARTESIAN_POINT('',(5.352487261661E-03,0.));
#7558 = ( GEOMETRIC_REPRESENTATION_CONTEXT(2) 
PARAMETRIC_REPRESENTATION_CONTEXT() REPRESENTATION_CONTEXT('2D SPACE',''
  ) );
#7559 = ORIENTED_EDGE('',*,*,#7560,.T.);
#7560 = EDGE_CURVE('',#7540,#792,#7561,.T.);
#7561 = SURFACE_CURVE('',#7562,(#7565,#7571),.PCURVE_S1.);
#7562 = B_SPLINE_CURVE_WITH_KNOTS('',1,(#7563,#7564),.UNSPECIFIED.,.F.,
  .F.,(2,2),(0.,1.),.PIECEWISE_BEZIER_KNOTS.);
#7563 = CARTESIAN_POINT('',(152.16856011428,0.,11.45050511854));
#7564 = CARTESIAN_POINT('',(113.17613606857,700.,43.555748569253));
#7565 = PCURVE('',#807,#7566);
#7566 = DEFINITIONAL_REPRESENTATION('',(#7567),#7570);
#7567 = B_SPLINE_CURVE_WITH_KNOTS('',1,(#7568,#7569),.UNSPECIFIED.,.F.,
  .F.,(2,2),(0.,1.),.PIECEWISE_BEZIER_KNOTS.);
#7568 = CARTESIAN_POINT('',(5.352487261661E-03,0.));
#7569 = CARTESIAN_POINT('',(5.352487261661E-03,1.));
#7570 = ( GEOMETRIC_REPRESENTATION_CONTEXT(2) 
PARAMETRIC_REPRESENTATION_CONTEXT() REPRESENTATION_CONTEXT('2D SPACE',''
  ) );
#7571 = PCURVE('',#834,#7572);
#7572 = DEFINITIONAL_REPRESENTATION('',(#7573),#7576);
#7573 = B_SPLINE_CURVE_WITH_KNOTS('',1,(#7574,#7575),.UNSPECIFIED.,.F.,
  .F.,(2,2),(0.,1.),.PIECEWISE_BEZIER_KNOTS.);
#7574 = CARTESIAN_POINT('',(0.,0.));
#7575 = CARTESIAN_POINT('',(0.,1.));
#7576 = ( GEOMETRIC_REPRESENTATION_CONTEXT(2) 
PARAMETRIC_REPRESENTATION_CONTEXT() REPRESENTATION_CONTEXT('2D SPACE',''
  ) );
#7577 = ORIENTED_EDGE('',*,*,#791,.F.);
#7578 = ORIENTED_EDGE('',*,*,#7516,.F.);
#7579 = ADVANCED_FACE('',(#7580),#834,.F.);
#7580 = FACE_BOUND('',#7581,.F.);
#7581 = EDGE_LOOP('',(#7582,#7603,#7621,#7622));
#7582 = ORIENTED_EDGE('',*,*,#7583,.T.);
#7583 = EDGE_CURVE('',#7540,#7584,#7586,.T.);
#7584 = VERTEX_POINT('',#7585);
#7585 = CARTESIAN_POINT('',(146.7381811136,0.,12.13474524272));
#7586 = SURFACE_CURVE('',#7587,(#7591,#7597),.PCURVE_S1.);
#7587 = LINE('',#7588,#7589);
#7588 = CARTESIAN_POINT('',(152.16856011428,0.,11.45050511854));
#7589 = VECTOR('',#7590,1.);
#7590 = DIRECTION('',(-0.992155004101,0.,0.125013790589));
#7591 = PCURVE('',#834,#7592);
#7592 = DEFINITIONAL_REPRESENTATION('',(#7593),#7596);
#7593 = B_SPLINE_CURVE_WITH_KNOTS('',1,(#7594,#7595),.UNSPECIFIED.,.F.,
  .F.,(2,2),(0.,5.473317151295),.PIECEWISE_BEZIER_KNOTS.);
#7594 = CARTESIAN_POINT('',(0.,0.));
#7595 = CARTESIAN_POINT('',(5.473317151295E-03,0.));
#7596 = ( GEOMETRIC_REPRESENTATION_CONTEXT(2) 
PARAMETRIC_REPRESENTATION_CONTEXT() REPRESENTATION_CONTEXT('2D SPACE',''
  ) );
#7597 = PCURVE('',#4080,#7598);
#7598 = DEFINITIONAL_REPRESENTATION('',(#7599),#7602);
#7599 = B_SPLINE_CURVE_WITH_KNOTS('',1,(#7600,#7601),.UNSPECIFIED.,.F.,
  .F.,(2,2),(0.,5.473317151295),.PIECEWISE_BEZIER_KNOTS.);
#7600 = CARTESIAN_POINT('',(0.,0.));
#7601 = CARTESIAN_POINT('',(5.473317151295E-03,0.));
#7602 = ( GEOMETRIC_REPRESENTATION_CONTEXT(2) 
PARAMETRIC_REPRESENTATION_CONTEXT() REPRESENTATION_CONTEXT('2D SPACE',''
  ) );
#7603 = ORIENTED_EDGE('',*,*,#7604,.T.);
#7604 = EDGE_CURVE('',#7584,#819,#7605,.T.);
#7605 = SURFACE_CURVE('',#7606,(#7609,#7615),.PCURVE_S1.);
#7606 = B_SPLINE_CURVE_WITH_KNOTS('',1,(#7607,#7608),.UNSPECIFIED.,.F.,
  .F.,(2,2),(0.,1.),.PIECEWISE_BEZIER_KNOTS.);
#7607 = CARTESIAN_POINT('',(146.7381811136,0.,12.13474524272));
#7608 = CARTESIAN_POINT('',(109.91790866816,700.,43.966292643761));
#7609 = PCURVE('',#834,#7610);
#7610 = DEFINITIONAL_REPRESENTATION('',(#7611),#7614);
#7611 = B_SPLINE_CURVE_WITH_KNOTS('',1,(#7612,#7613),.UNSPECIFIED.,.F.,
  .F.,(2,2),(0.,1.),.PIECEWISE_BEZIER_KNOTS.);
#7612 = CARTESIAN_POINT('',(5.473317151295E-03,0.));
#7613 = CARTESIAN_POINT('',(5.473317151295E-03,1.));
#7614 = ( GEOMETRIC_REPRESENTATION_CONTEXT(2) 
PARAMETRIC_REPRESENTATION_CONTEXT() REPRESENTATION_CONTEXT('2D SPACE',''
  ) );
#7615 = PCURVE('',#861,#7616);
#7616 = DEFINITIONAL_REPRESENTATION('',(#7617),#7620);
#7617 = B_SPLINE_CURVE_WITH_KNOTS('',1,(#7618,#7619),.UNSPECIFIED.,.F.,
  .F.,(2,2),(0.,1.),.PIECEWISE_BEZIER_KNOTS.);
#7618 = CARTESIAN_POINT('',(0.,0.));
#7619 = CARTESIAN_POINT('',(0.,1.));
#7620 = ( GEOMETRIC_REPRESENTATION_CONTEXT(2) 
PARAMETRIC_REPRESENTATION_CONTEXT() REPRESENTATION_CONTEXT('2D SPACE',''
  ) );
#7621 = ORIENTED_EDGE('',*,*,#818,.F.);
#7622 = ORIENTED_EDGE('',*,*,#7560,.F.);
#7623 = ADVANCED_FACE('',(#7624),#861,.F.);
#7624 = FACE_BOUND('',#7625,.F.);
#7625 = EDGE_LOOP('',(#7626,#7647,#7665,#7666));
#7626 = ORIENTED_EDGE('',*,*,#7627,.T.);
#7627 = EDGE_CURVE('',#7584,#7628,#7630,.T.);
#7628 = VERTEX_POINT('',#7629);
#7629 = CARTESIAN_POINT('',(141.19902747635,0.,12.796742278435));
#7630 = SURFACE_CURVE('',#7631,(#7635,#7641),.PCURVE_S1.);
#7631 = LINE('',#7632,#7633);
#7632 = CARTESIAN_POINT('',(146.7381811136,0.,12.13474524272));
#7633 = VECTOR('',#7634,1.);
#7634 = DIRECTION('',(-0.992934008342,0.,0.118667835058));
#7635 = PCURVE('',#861,#7636);
#7636 = DEFINITIONAL_REPRESENTATION('',(#7637),#7640);
#7637 = B_SPLINE_CURVE_WITH_KNOTS('',1,(#7638,#7639),.UNSPECIFIED.,.F.,
  .F.,(2,2),(0.,5.578571778892),.PIECEWISE_BEZIER_KNOTS.);
#7638 = CARTESIAN_POINT('',(0.,0.));
#7639 = CARTESIAN_POINT('',(5.578571778892E-03,0.));
#7640 = ( GEOMETRIC_REPRESENTATION_CONTEXT(2) 
PARAMETRIC_REPRESENTATION_CONTEXT() REPRESENTATION_CONTEXT('2D SPACE',''
  ) );
#7641 = PCURVE('',#4107,#7642);
#7642 = DEFINITIONAL_REPRESENTATION('',(#7643),#7646);
#7643 = B_SPLINE_CURVE_WITH_KNOTS('',1,(#7644,#7645),.UNSPECIFIED.,.F.,
  .F.,(2,2),(0.,5.578571778892),.PIECEWISE_BEZIER_KNOTS.);
#7644 = CARTESIAN_POINT('',(0.,0.));
#7645 = CARTESIAN_POINT('',(5.578571778892E-03,0.));
#7646 = ( GEOMETRIC_REPRESENTATION_CONTEXT(2) 
PARAMETRIC_REPRESENTATION_CONTEXT() REPRESENTATION_CONTEXT('2D SPACE',''
  ) );
#7647 = ORIENTED_EDGE('',*,*,#7648,.T.);
#7648 = EDGE_CURVE('',#7628,#846,#7649,.T.);
#7649 = SURFACE_CURVE('',#7650,(#7653,#7659),.PCURVE_S1.);
#7650 = B_SPLINE_CURVE_WITH_KNOTS('',1,(#7651,#7652),.UNSPECIFIED.,.F.,
  .F.,(2,2),(0.,1.),.PIECEWISE_BEZIER_KNOTS.);
#7651 = CARTESIAN_POINT('',(141.19902747635,0.,12.796742278435));
#7652 = CARTESIAN_POINT('',(106.59441648581,700.,44.36349086519));
#7653 = PCURVE('',#861,#7654);
#7654 = DEFINITIONAL_REPRESENTATION('',(#7655),#7658);
#7655 = B_SPLINE_CURVE_WITH_KNOTS('',1,(#7656,#7657),.UNSPECIFIED.,.F.,
  .F.,(2,2),(0.,1.),.PIECEWISE_BEZIER_KNOTS.);
#7656 = CARTESIAN_POINT('',(5.578571778892E-03,0.));
#7657 = CARTESIAN_POINT('',(5.578571778892E-03,1.));
#7658 = ( GEOMETRIC_REPRESENTATION_CONTEXT(2) 
PARAMETRIC_REPRESENTATION_CONTEXT() REPRESENTATION_CONTEXT('2D SPACE',''
  ) );
#7659 = PCURVE('',#888,#7660);
#7660 = DEFINITIONAL_REPRESENTATION('',(#7661),#7664);
#7661 = B_SPLINE_CURVE_WITH_KNOTS('',1,(#7662,#7663),.UNSPECIFIED.,.F.,
  .F.,(2,2),(0.,1.),.PIECEWISE_BEZIER_KNOTS.);
#7662 = CARTESIAN_POINT('',(0.,0.));
#7663 = CARTESIAN_POINT('',(0.,1.));
#7664 = ( GEOMETRIC_REPRESENTATION_CONTEXT(2) 
PARAMETRIC_REPRESENTATION_CONTEXT() REPRESENTATION_CONTEXT('2D SPACE',''
  ) );
#7665 = ORIENTED_EDGE('',*,*,#845,.F.);
#7666 = ORIENTED_EDGE('',*,*,#7604,.F.);
#7667 = ADVANCED_FACE('',(#7668),#888,.F.);
#7668 = FACE_BOUND('',#7669,.F.);
#7669 = EDGE_LOOP('',(#7670,#7691,#7709,#7710));
#7670 = ORIENTED_EDGE('',*,*,#7671,.T.);
#7671 = EDGE_CURVE('',#7628,#7672,#7674,.T.);
#7672 = VERTEX_POINT('',#7673);
#7673 = CARTESIAN_POINT('',(135.56676850155,0.,13.431789262279));
#7674 = SURFACE_CURVE('',#7675,(#7679,#7685),.PCURVE_S1.);
#7675 = LINE('',#7676,#7677);
#7676 = CARTESIAN_POINT('',(141.19902747635,0.,12.796742278435));
#7677 = VECTOR('',#7678,1.);
#7678 = DIRECTION('',(-0.993703495061,0.,0.112041795343));
#7679 = PCURVE('',#888,#7680);
#7680 = DEFINITIONAL_REPRESENTATION('',(#7681),#7684);
#7681 = B_SPLINE_CURVE_WITH_KNOTS('',1,(#7682,#7683),.UNSPECIFIED.,.F.,
  .F.,(2,2),(0.,5.667947232548),.PIECEWISE_BEZIER_KNOTS.);
#7682 = CARTESIAN_POINT('',(0.,0.));
#7683 = CARTESIAN_POINT('',(5.667947232548E-03,0.));
#7684 = ( GEOMETRIC_REPRESENTATION_CONTEXT(2) 
PARAMETRIC_REPRESENTATION_CONTEXT() REPRESENTATION_CONTEXT('2D SPACE',''
  ) );
#7685 = PCURVE('',#4134,#7686);
#7686 = DEFINITIONAL_REPRESENTATION('',(#7687),#7690);
#7687 = B_SPLINE_CURVE_WITH_KNOTS('',1,(#7688,#7689),.UNSPECIFIED.,.F.,
  .F.,(2,2),(0.,5.667947232548),.PIECEWISE_BEZIER_KNOTS.);
#7688 = CARTESIAN_POINT('',(0.,0.));
#7689 = CARTESIAN_POINT('',(5.667947232548E-03,0.));
#7690 = ( GEOMETRIC_REPRESENTATION_CONTEXT(2) 
PARAMETRIC_REPRESENTATION_CONTEXT() REPRESENTATION_CONTEXT('2D SPACE',''
  ) );
#7691 = ORIENTED_EDGE('',*,*,#7692,.T.);
#7692 = EDGE_CURVE('',#7672,#873,#7693,.T.);
#7693 = SURFACE_CURVE('',#7694,(#7697,#7703),.PCURVE_S1.);
#7694 = B_SPLINE_CURVE_WITH_KNOTS('',1,(#7695,#7696),.UNSPECIFIED.,.F.,
  .F.,(2,2),(0.,1.),.PIECEWISE_BEZIER_KNOTS.);
#7695 = CARTESIAN_POINT('',(135.56676850155,0.,13.431789262279));
#7696 = CARTESIAN_POINT('',(103.21506110093,700.,44.744519055496));
#7697 = PCURVE('',#888,#7698);
#7698 = DEFINITIONAL_REPRESENTATION('',(#7699),#7702);
#7699 = B_SPLINE_CURVE_WITH_KNOTS('',1,(#7700,#7701),.UNSPECIFIED.,.F.,
  .F.,(2,2),(0.,1.),.PIECEWISE_BEZIER_KNOTS.);
#7700 = CARTESIAN_POINT('',(5.667947232548E-03,0.));
#7701 = CARTESIAN_POINT('',(5.667947232548E-03,1.));
#7702 = ( GEOMETRIC_REPRESENTATION_CONTEXT(2) 
PARAMETRIC_REPRESENTATION_CONTEXT() REPRESENTATION_CONTEXT('2D SPACE',''
  ) );
#7703 = PCURVE('',#915,#7704);
#7704 = DEFINITIONAL_REPRESENTATION('',(#7705),#7708);
#7705 = B_SPLINE_CURVE_WITH_KNOTS('',1,(#7706,#7707),.UNSPECIFIED.,.F.,
  .F.,(2,2),(0.,1.),.PIECEWISE_BEZIER_KNOTS.);
#7706 = CARTESIAN_POINT('',(0.,0.));
#7707 = CARTESIAN_POINT('',(0.,1.));
#7708 = ( GEOMETRIC_REPRESENTATION_CONTEXT(2) 
PARAMETRIC_REPRESENTATION_CONTEXT() REPRESENTATION_CONTEXT('2D SPACE',''
  ) );
#7709 = ORIENTED_EDGE('',*,*,#872,.F.);
#7710 = ORIENTED_EDGE('',*,*,#7648,.F.);
#7711 = ADVANCED_FACE('',(#7712),#915,.F.);
#7712 = FACE_BOUND('',#7713,.F.);
#7713 = EDGE_LOOP('',(#7714,#7735,#7753,#7754));
#7714 = ORIENTED_EDGE('',*,*,#7715,.T.);
#7715 = EDGE_CURVE('',#7672,#7716,#7718,.T.);
#7716 = VERTEX_POINT('',#7717);
#7717 = CARTESIAN_POINT('',(129.85738481661,0.,14.035239335723));
#7718 = SURFACE_CURVE('',#7719,(#7723,#7729),.PCURVE_S1.);
#7719 = LINE('',#7720,#7721);
#7720 = CARTESIAN_POINT('',(135.56676850155,0.,13.431789262279));
#7721 = VECTOR('',#7722,1.);
#7722 = DIRECTION('',(-0.994460711259,0.,0.10510896138));
#7723 = PCURVE('',#915,#7724);
#7724 = DEFINITIONAL_REPRESENTATION('',(#7725),#7728);
#7725 = B_SPLINE_CURVE_WITH_KNOTS('',1,(#7726,#7727),.UNSPECIFIED.,.F.,
  .F.,(2,2),(0.,5.741185770641),.PIECEWISE_BEZIER_KNOTS.);
#7726 = CARTESIAN_POINT('',(0.,0.));
#7727 = CARTESIAN_POINT('',(5.741185770641E-03,0.));
#7728 = ( GEOMETRIC_REPRESENTATION_CONTEXT(2) 
PARAMETRIC_REPRESENTATION_CONTEXT() REPRESENTATION_CONTEXT('2D SPACE',''
  ) );
#7729 = PCURVE('',#4161,#7730);
#7730 = DEFINITIONAL_REPRESENTATION('',(#7731),#7734);
#7731 = B_SPLINE_CURVE_WITH_KNOTS('',1,(#7732,#7733),.UNSPECIFIED.,.F.,
  .F.,(2,2),(0.,5.741185770641),.PIECEWISE_BEZIER_KNOTS.);
#7732 = CARTESIAN_POINT('',(0.,0.));
#7733 = CARTESIAN_POINT('',(5.741185770641E-03,0.));
#7734 = ( GEOMETRIC_REPRESENTATION_CONTEXT(2) 
PARAMETRIC_REPRESENTATION_CONTEXT() REPRESENTATION_CONTEXT('2D SPACE',''
  ) );
#7735 = ORIENTED_EDGE('',*,*,#7736,.T.);
#7736 = EDGE_CURVE('',#7716,#900,#7737,.T.);
#7737 = SURFACE_CURVE('',#7738,(#7741,#7747),.PCURVE_S1.);
#7738 = B_SPLINE_CURVE_WITH_KNOTS('',1,(#7739,#7740),.UNSPECIFIED.,.F.,
  .F.,(2,2),(0.,1.),.PIECEWISE_BEZIER_KNOTS.);
#7739 = CARTESIAN_POINT('',(129.85738481661,0.,14.035239335723));
#7740 = CARTESIAN_POINT('',(99.789430889968,700.,45.106589099563));
#7741 = PCURVE('',#915,#7742);
#7742 = DEFINITIONAL_REPRESENTATION('',(#7743),#7746);
#7743 = B_SPLINE_CURVE_WITH_KNOTS('',1,(#7744,#7745),.UNSPECIFIED.,.F.,
  .F.,(2,2),(0.,1.),.PIECEWISE_BEZIER_KNOTS.);
#7744 = CARTESIAN_POINT('',(5.741185770641E-03,0.));
#7745 = CARTESIAN_POINT('',(5.741185770641E-03,1.));
#7746 = ( GEOMETRIC_REPRESENTATION_CONTEXT(2) 
PARAMETRIC_REPRESENTATION_CONTEXT() REPRESENTATION_CONTEXT('2D SPACE',''
  ) );
#7747 = PCURVE('',#942,#7748);
#7748 = DEFINITIONAL_REPRESENTATION('',(#7749),#7752);
#7749 = B_SPLINE_CURVE_WITH_KNOTS('',1,(#7750,#7751),.UNSPECIFIED.,.F.,
  .F.,(2,2),(0.,1.),.PIECEWISE_BEZIER_KNOTS.);
#7750 = CARTESIAN_POINT('',(0.,0.));
#7751 = CARTESIAN_POINT('',(0.,1.));
#7752 = ( GEOMETRIC_REPRESENTATION_CONTEXT(2) 
PARAMETRIC_REPRESENTATION_CONTEXT() REPRESENTATION_CONTEXT('2D SPACE',''
  ) );
#7753 = ORIENTED_EDGE('',*,*,#899,.F.);
#7754 = ORIENTED_EDGE('',*,*,#7692,.F.);
#7755 = ADVANCED_FACE('',(#7756),#942,.F.);
#7756 = FACE_BOUND('',#7757,.F.);
#7757 = EDGE_LOOP('',(#7758,#7779,#7797,#7798));
#7758 = ORIENTED_EDGE('',*,*,#7759,.T.);
#7759 = EDGE_CURVE('',#7716,#7760,#7762,.T.);
#7760 = VERTEX_POINT('',#7761);
#7761 = CARTESIAN_POINT('',(124.08712503236,0.,14.602521383394));
#7762 = SURFACE_CURVE('',#7763,(#7767,#7773),.PCURVE_S1.);
#7763 = LINE('',#7764,#7765);
#7764 = CARTESIAN_POINT('',(129.85738481661,0.,14.035239335723));
#7765 = VECTOR('',#7766,1.);
#7766 = DIRECTION('',(-0.995202189607,0.,9.783967396196E-02));
#7767 = PCURVE('',#942,#7768);
#7768 = DEFINITIONAL_REPRESENTATION('',(#7769),#7772);
#7769 = B_SPLINE_CURVE_WITH_KNOTS('',1,(#7770,#7771),.UNSPECIFIED.,.F.,
  .F.,(2,2),(0.,5.798077862481),.PIECEWISE_BEZIER_KNOTS.);
#7770 = CARTESIAN_POINT('',(0.,0.));
#7771 = CARTESIAN_POINT('',(5.798077862481E-03,0.));
#7772 = ( GEOMETRIC_REPRESENTATION_CONTEXT(2) 
PARAMETRIC_REPRESENTATION_CONTEXT() REPRESENTATION_CONTEXT('2D SPACE',''
  ) );
#7773 = PCURVE('',#4188,#7774);
#7774 = DEFINITIONAL_REPRESENTATION('',(#7775),#7778);
#7775 = B_SPLINE_CURVE_WITH_KNOTS('',1,(#7776,#7777),.UNSPECIFIED.,.F.,
  .F.,(2,2),(0.,5.798077862481),.PIECEWISE_BEZIER_KNOTS.);
#7776 = CARTESIAN_POINT('',(0.,0.));
#7777 = CARTESIAN_POINT('',(5.798077862481E-03,0.));
#7778 = ( GEOMETRIC_REPRESENTATION_CONTEXT(2) 
PARAMETRIC_REPRESENTATION_CONTEXT() REPRESENTATION_CONTEXT('2D SPACE',''
  ) );
#7779 = ORIENTED_EDGE('',*,*,#7780,.T.);
#7780 = EDGE_CURVE('',#7760,#927,#7781,.T.);
#7781 = SURFACE_CURVE('',#7782,(#7785,#7791),.PCURVE_S1.);
#7782 = B_SPLINE_CURVE_WITH_KNOTS('',1,(#7783,#7784),.UNSPECIFIED.,.F.,
  .F.,(2,2),(0.,1.),.PIECEWISE_BEZIER_KNOTS.);
#7783 = CARTESIAN_POINT('',(124.08712503236,0.,14.602521383394));
#7784 = CARTESIAN_POINT('',(96.327275019416,700.,45.446958328165));
#7785 = PCURVE('',#942,#7786);
#7786 = DEFINITIONAL_REPRESENTATION('',(#7787),#7790);
#7787 = B_SPLINE_CURVE_WITH_KNOTS('',1,(#7788,#7789),.UNSPECIFIED.,.F.,
  .F.,(2,2),(0.,1.),.PIECEWISE_BEZIER_KNOTS.);
#7788 = CARTESIAN_POINT('',(5.798077862481E-03,0.));
#7789 = CARTESIAN_POINT('',(5.798077862481E-03,1.));
#7790 = ( GEOMETRIC_REPRESENTATION_CONTEXT(2) 
PARAMETRIC_REPRESENTATION_CONTEXT() REPRESENTATION_CONTEXT('2D SPACE',''
  ) );
#7791 = PCURVE('',#969,#7792);
#7792 = DEFINITIONAL_REPRESENTATION('',(#7793),#7796);
#7793 = B_SPLINE_CURVE_WITH_KNOTS('',1,(#7794,#7795),.UNSPECIFIED.,.F.,
  .F.,(2,2),(0.,1.),.PIECEWISE_BEZIER_KNOTS.);
#7794 = CARTESIAN_POINT('',(0.,0.));
#7795 = CARTESIAN_POINT('',(0.,1.));
#7796 = ( GEOMETRIC_REPRESENTATION_CONTEXT(2) 
PARAMETRIC_REPRESENTATION_CONTEXT() REPRESENTATION_CONTEXT('2D SPACE',''
  ) );
#7797 = ORIENTED_EDGE('',*,*,#926,.F.);
#7798 = ORIENTED_EDGE('',*,*,#7736,.F.);
#7799 = ADVANCED_FACE('',(#7800),#969,.F.);
#7800 = FACE_BOUND('',#7801,.F.);
#7801 = EDGE_LOOP('',(#7802,#7823,#7841,#7842));
#7802 = ORIENTED_EDGE('',*,*,#7803,.T.);
#7803 = EDGE_CURVE('',#7760,#7804,#7806,.T.);
#7804 = VERTEX_POINT('',#7805);
#7805 = CARTESIAN_POINT('',(118.2724612109,0.,15.129160815147));
#7806 = SURFACE_CURVE('',#7807,(#7811,#7817),.PCURVE_S1.);
#7807 = LINE('',#7808,#7809);
#7808 = CARTESIAN_POINT('',(124.08712503236,0.,14.602521383394));
#7809 = VECTOR('',#7810,1.);
#7810 = DIRECTION('',(-0.995923517282,0.,9.020170577623E-02));
#7811 = PCURVE('',#969,#7812);
#7812 = DEFINITIONAL_REPRESENTATION('',(#7813),#7816);
#7813 = B_SPLINE_CURVE_WITH_KNOTS('',1,(#7814,#7815),.UNSPECIFIED.,.F.,
  .F.,(2,2),(0.,5.838464219944),.PIECEWISE_BEZIER_KNOTS.);
#7814 = CARTESIAN_POINT('',(0.,0.));
#7815 = CARTESIAN_POINT('',(5.838464219944E-03,0.));
#7816 = ( GEOMETRIC_REPRESENTATION_CONTEXT(2) 
PARAMETRIC_REPRESENTATION_CONTEXT() REPRESENTATION_CONTEXT('2D SPACE',''
  ) );
#7817 = PCURVE('',#4215,#7818);
#7818 = DEFINITIONAL_REPRESENTATION('',(#7819),#7822);
#7819 = B_SPLINE_CURVE_WITH_KNOTS('',1,(#7820,#7821),.UNSPECIFIED.,.F.,
  .F.,(2,2),(0.,5.838464219944),.PIECEWISE_BEZIER_KNOTS.);
#7820 = CARTESIAN_POINT('',(0.,0.));
#7821 = CARTESIAN_POINT('',(5.838464219944E-03,0.));
#7822 = ( GEOMETRIC_REPRESENTATION_CONTEXT(2) 
PARAMETRIC_REPRESENTATION_CONTEXT() REPRESENTATION_CONTEXT('2D SPACE',''
  ) );
#7823 = ORIENTED_EDGE('',*,*,#7824,.T.);
#7824 = EDGE_CURVE('',#7804,#954,#7825,.T.);
#7825 = SURFACE_CURVE('',#7826,(#7829,#7835),.PCURVE_S1.);
#7826 = B_SPLINE_CURVE_WITH_KNOTS('',1,(#7827,#7828),.UNSPECIFIED.,.F.,
  .F.,(2,2),(0.,1.),.PIECEWISE_BEZIER_KNOTS.);
#7827 = CARTESIAN_POINT('',(118.2724612109,0.,15.129160815147));
#7828 = CARTESIAN_POINT('',(92.838476726545,700.,45.762941987217));
#7829 = PCURVE('',#969,#7830);
#7830 = DEFINITIONAL_REPRESENTATION('',(#7831),#7834);
#7831 = B_SPLINE_CURVE_WITH_KNOTS('',1,(#7832,#7833),.UNSPECIFIED.,.F.,
  .F.,(2,2),(0.,1.),.PIECEWISE_BEZIER_KNOTS.);
#7832 = CARTESIAN_POINT('',(5.838464219944E-03,0.));
#7833 = CARTESIAN_POINT('',(5.838464219944E-03,1.));
#7834 = ( GEOMETRIC_REPRESENTATION_CONTEXT(2) 
PARAMETRIC_REPRESENTATION_CONTEXT() REPRESENTATION_CONTEXT('2D SPACE',''
  ) );
#7835 = PCURVE('',#996,#7836);
#7836 = DEFINITIONAL_REPRESENTATION('',(#7837),#7840);
#7837 = B_SPLINE_CURVE_WITH_KNOTS('',1,(#7838,#7839),.UNSPECIFIED.,.F.,
  .F.,(2,2),(0.,1.),.PIECEWISE_BEZIER_KNOTS.);
#7838 = CARTESIAN_POINT('',(0.,0.));
#7839 = CARTESIAN_POINT('',(0.,1.));
#7840 = ( GEOMETRIC_REPRESENTATION_CONTEXT(2) 
PARAMETRIC_REPRESENTATION_CONTEXT() REPRESENTATION_CONTEXT('2D SPACE',''
  ) );
#7841 = ORIENTED_EDGE('',*,*,#953,.F.);
#7842 = ORIENTED_EDGE('',*,*,#7780,.F.);
#7843 = ADVANCED_FACE('',(#7844),#996,.F.);
#7844 = FACE_BOUND('',#7845,.F.);
#7845 = EDGE_LOOP('',(#7846,#7867,#7885,#7886));
#7846 = ORIENTED_EDGE('',*,*,#7847,.T.);
#7847 = EDGE_CURVE('',#7804,#7848,#7850,.T.);
#7848 = VERTEX_POINT('',#7849);
#7849 = CARTESIAN_POINT('',(112.43004310531,0.,15.610806079894));
#7850 = SURFACE_CURVE('',#7851,(#7855,#7861),.PCURVE_S1.);
#7851 = LINE('',#7852,#7853);
#7852 = CARTESIAN_POINT('',(118.2724612109,0.,15.129160815147));
#7853 = VECTOR('',#7854,1.);
#7854 = DIRECTION('',(-0.996619098542,0.,8.216065007562E-02));
#7855 = PCURVE('',#996,#7856);
#7856 = DEFINITIONAL_REPRESENTATION('',(#7857),#7860);
#7857 = B_SPLINE_CURVE_WITH_KNOTS('',1,(#7858,#7859),.UNSPECIFIED.,.F.,
  .F.,(2,2),(0.,5.862237753763),.PIECEWISE_BEZIER_KNOTS.);
#7858 = CARTESIAN_POINT('',(0.,0.));
#7859 = CARTESIAN_POINT('',(5.862237753763E-03,0.));
#7860 = ( GEOMETRIC_REPRESENTATION_CONTEXT(2) 
PARAMETRIC_REPRESENTATION_CONTEXT() REPRESENTATION_CONTEXT('2D SPACE',''
  ) );
#7861 = PCURVE('',#4242,#7862);
#7862 = DEFINITIONAL_REPRESENTATION('',(#7863),#7866);
#7863 = B_SPLINE_CURVE_WITH_KNOTS('',1,(#7864,#7865),.UNSPECIFIED.,.F.,
  .F.,(2,2),(0.,5.862237753763),.PIECEWISE_BEZIER_KNOTS.);
#7864 = CARTESIAN_POINT('',(0.,0.));
#7865 = CARTESIAN_POINT('',(5.862237753763E-03,0.));
#7866 = ( GEOMETRIC_REPRESENTATION_CONTEXT(2) 
PARAMETRIC_REPRESENTATION_CONTEXT() REPRESENTATION_CONTEXT('2D SPACE',''
  ) );
#7867 = ORIENTED_EDGE('',*,*,#7868,.T.);
#7868 = EDGE_CURVE('',#7848,#981,#7869,.T.);
#7869 = SURFACE_CURVE('',#7870,(#7873,#7879),.PCURVE_S1.);
#7870 = B_SPLINE_CURVE_WITH_KNOTS('',1,(#7871,#7872),.UNSPECIFIED.,.F.,
  .F.,(2,2),(0.,1.),.PIECEWISE_BEZIER_KNOTS.);
#7871 = CARTESIAN_POINT('',(112.43004310531,0.,15.610806079894));
#7872 = CARTESIAN_POINT('',(89.333025863188,700.,46.051929146065));
#7873 = PCURVE('',#996,#7874);
#7874 = DEFINITIONAL_REPRESENTATION('',(#7875),#7878);
#7875 = B_SPLINE_CURVE_WITH_KNOTS('',1,(#7876,#7877),.UNSPECIFIED.,.F.,
  .F.,(2,2),(0.,1.),.PIECEWISE_BEZIER_KNOTS.);
#7876 = CARTESIAN_POINT('',(5.862237753763E-03,0.));
#7877 = CARTESIAN_POINT('',(5.862237753763E-03,1.));
#7878 = ( GEOMETRIC_REPRESENTATION_CONTEXT(2) 
PARAMETRIC_REPRESENTATION_CONTEXT() REPRESENTATION_CONTEXT('2D SPACE',''
  ) );
#7879 = PCURVE('',#1023,#7880);
#7880 = DEFINITIONAL_REPRESENTATION('',(#7881),#7884);
#7881 = B_SPLINE_CURVE_WITH_KNOTS('',1,(#7882,#7883),.UNSPECIFIED.,.F.,
  .F.,(2,2),(0.,1.),.PIECEWISE_BEZIER_KNOTS.);
#7882 = CARTESIAN_POINT('',(0.,0.));
#7883 = CARTESIAN_POINT('',(0.,1.));
#7884 = ( GEOMETRIC_REPRESENTATION_CONTEXT(2) 
PARAMETRIC_REPRESENTATION_CONTEXT() REPRESENTATION_CONTEXT('2D SPACE',''
  ) );
#7885 = ORIENTED_EDGE('',*,*,#980,.F.);
#7886 = ORIENTED_EDGE('',*,*,#7824,.F.);
#7887 = ADVANCED_FACE('',(#7888),#1023,.F.);
#7888 = FACE_BOUND('',#7889,.F.);
#7889 = EDGE_LOOP('',(#7890,#7911,#7929,#7930));
#7890 = ORIENTED_EDGE('',*,*,#7891,.T.);
#7891 = EDGE_CURVE('',#7848,#7892,#7894,.T.);
#7892 = VERTEX_POINT('',#7893);
#7893 = CARTESIAN_POINT('',(106.57665111722,0.,16.043261152226));
#7894 = SURFACE_CURVE('',#7895,(#7899,#7905),.PCURVE_S1.);
#7895 = LINE('',#7896,#7897);
#7896 = CARTESIAN_POINT('',(112.43004310531,0.,15.610806079894));
#7897 = VECTOR('',#7898,1.);
#7898 = DIRECTION('',(-0.9972819134,0.,7.368029048336E-02));
#7899 = PCURVE('',#1023,#7900);
#7900 = DEFINITIONAL_REPRESENTATION('',(#7901),#7904);
#7901 = B_SPLINE_CURVE_WITH_KNOTS('',1,(#7902,#7903),.UNSPECIFIED.,.F.,
  .F.,(2,2),(0.,5.869345377111),.PIECEWISE_BEZIER_KNOTS.);
#7902 = CARTESIAN_POINT('',(0.,0.));
#7903 = CARTESIAN_POINT('',(5.869345377111E-03,0.));
#7904 = ( GEOMETRIC_REPRESENTATION_CONTEXT(2) 
PARAMETRIC_REPRESENTATION_CONTEXT() REPRESENTATION_CONTEXT('2D SPACE',''
  ) );
#7905 = PCURVE('',#4269,#7906);
#7906 = DEFINITIONAL_REPRESENTATION('',(#7907),#7910);
#7907 = B_SPLINE_CURVE_WITH_KNOTS('',1,(#7908,#7909),.UNSPECIFIED.,.F.,
  .F.,(2,2),(0.,5.869345377111),.PIECEWISE_BEZIER_KNOTS.);
#7908 = CARTESIAN_POINT('',(0.,0.));
#7909 = CARTESIAN_POINT('',(5.869345377111E-03,0.));
#7910 = ( GEOMETRIC_REPRESENTATION_CONTEXT(2) 
PARAMETRIC_REPRESENTATION_CONTEXT() REPRESENTATION_CONTEXT('2D SPACE',''
  ) );
#7911 = ORIENTED_EDGE('',*,*,#7912,.T.);
#7912 = EDGE_CURVE('',#7892,#1008,#7913,.T.);
#7913 = SURFACE_CURVE('',#7914,(#7917,#7923),.PCURVE_S1.);
#7914 = B_SPLINE_CURVE_WITH_KNOTS('',1,(#7915,#7916),.UNSPECIFIED.,.F.,
  .F.,(2,2),(0.,1.),.PIECEWISE_BEZIER_KNOTS.);
#7915 = CARTESIAN_POINT('',(106.57665111722,0.,16.043261152226));
#7916 = CARTESIAN_POINT('',(85.820990670335,700.,46.311402189465));
#7917 = PCURVE('',#1023,#7918);
#7918 = DEFINITIONAL_REPRESENTATION('',(#7919),#7922);
#7919 = B_SPLINE_CURVE_WITH_KNOTS('',1,(#7920,#7921),.UNSPECIFIED.,.F.,
  .F.,(2,2),(0.,1.),.PIECEWISE_BEZIER_KNOTS.);
#7920 = CARTESIAN_POINT('',(5.869345377111E-03,0.));
#7921 = CARTESIAN_POINT('',(5.869345377111E-03,1.));
#7922 = ( GEOMETRIC_REPRESENTATION_CONTEXT(2) 
PARAMETRIC_REPRESENTATION_CONTEXT() REPRESENTATION_CONTEXT('2D SPACE',''
  ) );
#7923 = PCURVE('',#1050,#7924);
#7924 = DEFINITIONAL_REPRESENTATION('',(#7925),#7928);
#7925 = B_SPLINE_CURVE_WITH_KNOTS('',1,(#7926,#7927),.UNSPECIFIED.,.F.,
  .F.,(2,2),(0.,1.),.PIECEWISE_BEZIER_KNOTS.);
#7926 = CARTESIAN_POINT('',(0.,0.));
#7927 = CARTESIAN_POINT('',(0.,1.));
#7928 = ( GEOMETRIC_REPRESENTATION_CONTEXT(2) 
PARAMETRIC_REPRESENTATION_CONTEXT() REPRESENTATION_CONTEXT('2D SPACE',''
  ) );
#7929 = ORIENTED_EDGE('',*,*,#1007,.F.);
#7930 = ORIENTED_EDGE('',*,*,#7868,.F.);
#7931 = ADVANCED_FACE('',(#7932),#1050,.F.);
#7932 = FACE_BOUND('',#7933,.F.);
#7933 = EDGE_LOOP('',(#7934,#7955,#7973,#7974));
#7934 = ORIENTED_EDGE('',*,*,#7935,.T.);
#7935 = EDGE_CURVE('',#7892,#7936,#7938,.T.);
#7936 = VERTEX_POINT('',#7937);
#7937 = CARTESIAN_POINT('',(100.72914792093,0.,16.42252385267));
#7938 = SURFACE_CURVE('',#7939,(#7943,#7949),.PCURVE_S1.);
#7939 = LINE('',#7940,#7941);
#7940 = CARTESIAN_POINT('',(106.57665111722,0.,16.043261152226));
#7941 = VECTOR('',#7942,1.);
#7942 = DIRECTION('',(-0.997903273586,0.,6.472292149622E-02));
#7943 = PCURVE('',#1050,#7944);
#7944 = DEFINITIONAL_REPRESENTATION('',(#7945),#7948);
#7945 = B_SPLINE_CURVE_WITH_KNOTS('',1,(#7946,#7947),.UNSPECIFIED.,.F.,
  .F.,(2,2),(0.,5.859789571866),.PIECEWISE_BEZIER_KNOTS.);
#7946 = CARTESIAN_POINT('',(0.,0.));
#7947 = CARTESIAN_POINT('',(5.859789571866E-03,0.));
#7948 = ( GEOMETRIC_REPRESENTATION_CONTEXT(2) 
PARAMETRIC_REPRESENTATION_CONTEXT() REPRESENTATION_CONTEXT('2D SPACE',''
  ) );
#7949 = PCURVE('',#4296,#7950);
#7950 = DEFINITIONAL_REPRESENTATION('',(#7951),#7954);
#7951 = B_SPLINE_CURVE_WITH_KNOTS('',1,(#7952,#7953),.UNSPECIFIED.,.F.,
  .F.,(2,2),(0.,5.859789571866),.PIECEWISE_BEZIER_KNOTS.);
#7952 = CARTESIAN_POINT('',(0.,0.));
#7953 = CARTESIAN_POINT('',(5.859789571866E-03,0.));
#7954 = ( GEOMETRIC_REPRESENTATION_CONTEXT(2) 
PARAMETRIC_REPRESENTATION_CONTEXT() REPRESENTATION_CONTEXT('2D SPACE',''
  ) );
#7955 = ORIENTED_EDGE('',*,*,#7956,.T.);
#7956 = EDGE_CURVE('',#7936,#1035,#7957,.T.);
#7957 = SURFACE_CURVE('',#7958,(#7961,#7967),.PCURVE_S1.);
#7958 = B_SPLINE_CURVE_WITH_KNOTS('',1,(#7959,#7960),.UNSPECIFIED.,.F.,
  .F.,(2,2),(0.,1.),.PIECEWISE_BEZIER_KNOTS.);
#7959 = CARTESIAN_POINT('',(100.72914792093,0.,16.42252385267));
#7960 = CARTESIAN_POINT('',(82.312488752562,700.,46.538959809731));
#7961 = PCURVE('',#1050,#7962);
#7962 = DEFINITIONAL_REPRESENTATION('',(#7963),#7966);
#7963 = B_SPLINE_CURVE_WITH_KNOTS('',1,(#7964,#7965),.UNSPECIFIED.,.F.,
  .F.,(2,2),(0.,1.),.PIECEWISE_BEZIER_KNOTS.);
#7964 = CARTESIAN_POINT('',(5.859789571866E-03,0.));
#7965 = CARTESIAN_POINT('',(5.859789571866E-03,1.));
#7966 = ( GEOMETRIC_REPRESENTATION_CONTEXT(2) 
PARAMETRIC_REPRESENTATION_CONTEXT() REPRESENTATION_CONTEXT('2D SPACE',''
  ) );
#7967 = PCURVE('',#1077,#7968);
#7968 = DEFINITIONAL_REPRESENTATION('',(#7969),#7972);
#7969 = B_SPLINE_CURVE_WITH_KNOTS('',1,(#7970,#7971),.UNSPECIFIED.,.F.,
  .F.,(2,2),(0.,1.),.PIECEWISE_BEZIER_KNOTS.);
#7970 = CARTESIAN_POINT('',(0.,0.));
#7971 = CARTESIAN_POINT('',(0.,1.));
#7972 = ( GEOMETRIC_REPRESENTATION_CONTEXT(2) 
PARAMETRIC_REPRESENTATION_CONTEXT() REPRESENTATION_CONTEXT('2D SPACE',''
  ) );
#7973 = ORIENTED_EDGE('',*,*,#1034,.F.);
#7974 = ORIENTED_EDGE('',*,*,#7912,.F.);
#7975 = ADVANCED_FACE('',(#7976),#1077,.F.);
#7976 = FACE_BOUND('',#7977,.F.);
#7977 = EDGE_LOOP('',(#7978,#7999,#8017,#8018));
#7978 = ORIENTED_EDGE('',*,*,#7979,.T.);
#7979 = EDGE_CURVE('',#7936,#7980,#7982,.T.);
#7980 = VERTEX_POINT('',#7981);
#7981 = CARTESIAN_POINT('',(94.904428720436,0.,16.744829467002));
#7982 = SURFACE_CURVE('',#7983,(#7987,#7993),.PCURVE_S1.);
#7983 = LINE('',#7984,#7985);
#7984 = CARTESIAN_POINT('',(100.72914792093,0.,16.42252385267));
#7985 = VECTOR('',#7986,1.);
#7986 = DIRECTION('',(-0.998472575183,0.,5.524958468545E-02));
#7987 = PCURVE('',#1077,#7988);
#7988 = DEFINITIONAL_REPRESENTATION('',(#7989),#7992);
#7989 = B_SPLINE_CURVE_WITH_KNOTS('',1,(#7990,#7991),.UNSPECIFIED.,.F.,
  .F.,(2,2),(0.,5.833629631174),.PIECEWISE_BEZIER_KNOTS.);
#7990 = CARTESIAN_POINT('',(0.,0.));
#7991 = CARTESIAN_POINT('',(5.833629631174E-03,0.));
#7992 = ( GEOMETRIC_REPRESENTATION_CONTEXT(2) 
PARAMETRIC_REPRESENTATION_CONTEXT() REPRESENTATION_CONTEXT('2D SPACE',''
  ) );
#7993 = PCURVE('',#4323,#7994);
#7994 = DEFINITIONAL_REPRESENTATION('',(#7995),#7998);
#7995 = B_SPLINE_CURVE_WITH_KNOTS('',1,(#7996,#7997),.UNSPECIFIED.,.F.,
  .F.,(2,2),(0.,5.833629631174),.PIECEWISE_BEZIER_KNOTS.);
#7996 = CARTESIAN_POINT('',(0.,0.));
#7997 = CARTESIAN_POINT('',(5.833629631174E-03,0.));
#7998 = ( GEOMETRIC_REPRESENTATION_CONTEXT(2) 
PARAMETRIC_REPRESENTATION_CONTEXT() REPRESENTATION_CONTEXT('2D SPACE',''
  ) );
#7999 = ORIENTED_EDGE('',*,*,#8000,.T.);
#8000 = EDGE_CURVE('',#7980,#1062,#8001,.T.);
#8001 = SURFACE_CURVE('',#8002,(#8005,#8011),.PCURVE_S1.);
#8002 = B_SPLINE_CURVE_WITH_KNOTS('',1,(#8003,#8004),.UNSPECIFIED.,.F.,
  .F.,(2,2),(0.,1.),.PIECEWISE_BEZIER_KNOTS.);
#8003 = CARTESIAN_POINT('',(94.904428720436,0.,16.744829467002));
#8004 = CARTESIAN_POINT('',(78.817657232262,700.,46.73234317833));
#8005 = PCURVE('',#1077,#8006);
#8006 = DEFINITIONAL_REPRESENTATION('',(#8007),#8010);
#8007 = B_SPLINE_CURVE_WITH_KNOTS('',1,(#8008,#8009),.UNSPECIFIED.,.F.,
  .F.,(2,2),(0.,1.),.PIECEWISE_BEZIER_KNOTS.);
#8008 = CARTESIAN_POINT('',(5.833629631174E-03,0.));
#8009 = CARTESIAN_POINT('',(5.833629631174E-03,1.));
#8010 = ( GEOMETRIC_REPRESENTATION_CONTEXT(2) 
PARAMETRIC_REPRESENTATION_CONTEXT() REPRESENTATION_CONTEXT('2D SPACE',''
  ) );
#8011 = PCURVE('',#1104,#8012);
#8012 = DEFINITIONAL_REPRESENTATION('',(#8013),#8016);
#8013 = B_SPLINE_CURVE_WITH_KNOTS('',1,(#8014,#8015),.UNSPECIFIED.,.F.,
  .F.,(2,2),(0.,1.),.PIECEWISE_BEZIER_KNOTS.);
#8014 = CARTESIAN_POINT('',(0.,0.));
#8015 = CARTESIAN_POINT('',(0.,1.));
#8016 = ( GEOMETRIC_REPRESENTATION_CONTEXT(2) 
PARAMETRIC_REPRESENTATION_CONTEXT() REPRESENTATION_CONTEXT('2D SPACE',''
  ) );
#8017 = ORIENTED_EDGE('',*,*,#1061,.F.);
#8018 = ORIENTED_EDGE('',*,*,#7956,.F.);
#8019 = ADVANCED_FACE('',(#8020),#1104,.F.);
#8020 = FACE_BOUND('',#8021,.F.);
#8021 = EDGE_LOOP('',(#8022,#8043,#8061,#8062));
#8022 = ORIENTED_EDGE('',*,*,#8023,.T.);
#8023 = EDGE_CURVE('',#7980,#8024,#8026,.T.);
#8024 = VERTEX_POINT('',#8025);
#8025 = CARTESIAN_POINT('',(89.119370140667,0.,17.006698738582));
#8026 = SURFACE_CURVE('',#8027,(#8031,#8037),.PCURVE_S1.);
#8027 = LINE('',#8028,#8029);
#8028 = CARTESIAN_POINT('',(94.904428720436,0.,16.744829467002));
#8029 = VECTOR('',#8030,1.);
#8030 = DIRECTION('',(-0.998977044436,0.,4.522018011491E-02));
#8031 = PCURVE('',#1104,#8032);
#8032 = DEFINITIONAL_REPRESENTATION('',(#8033),#8036);
#8033 = B_SPLINE_CURVE_WITH_KNOTS('',1,(#8034,#8035),.UNSPECIFIED.,.F.,
  .F.,(2,2),(0.,5.790982497535),.PIECEWISE_BEZIER_KNOTS.);
#8034 = CARTESIAN_POINT('',(0.,0.));
#8035 = CARTESIAN_POINT('',(5.790982497535E-03,0.));
#8036 = ( GEOMETRIC_REPRESENTATION_CONTEXT(2) 
PARAMETRIC_REPRESENTATION_CONTEXT() REPRESENTATION_CONTEXT('2D SPACE',''
  ) );
#8037 = PCURVE('',#4350,#8038);
#8038 = DEFINITIONAL_REPRESENTATION('',(#8039),#8042);
#8039 = B_SPLINE_CURVE_WITH_KNOTS('',1,(#8040,#8041),.UNSPECIFIED.,.F.,
  .F.,(2,2),(0.,5.790982497535),.PIECEWISE_BEZIER_KNOTS.);
#8040 = CARTESIAN_POINT('',(0.,0.));
#8041 = CARTESIAN_POINT('',(5.790982497535E-03,0.));
#8042 = ( GEOMETRIC_REPRESENTATION_CONTEXT(2) 
PARAMETRIC_REPRESENTATION_CONTEXT() REPRESENTATION_CONTEXT('2D SPACE',''
  ) );
#8043 = ORIENTED_EDGE('',*,*,#8044,.T.);
#8044 = EDGE_CURVE('',#8024,#1089,#8045,.T.);
#8045 = SURFACE_CURVE('',#8046,(#8049,#8055),.PCURVE_S1.);
#8046 = B_SPLINE_CURVE_WITH_KNOTS('',1,(#8047,#8048),.UNSPECIFIED.,.F.,
  .F.,(2,2),(0.,1.),.PIECEWISE_BEZIER_KNOTS.);
#8047 = CARTESIAN_POINT('',(89.119370140667,0.,17.006698738582));
#8048 = CARTESIAN_POINT('',(75.3466220844,700.,46.889464741278));
#8049 = PCURVE('',#1104,#8050);
#8050 = DEFINITIONAL_REPRESENTATION('',(#8051),#8054);
#8051 = B_SPLINE_CURVE_WITH_KNOTS('',1,(#8052,#8053),.UNSPECIFIED.,.F.,
  .F.,(2,2),(0.,1.),.PIECEWISE_BEZIER_KNOTS.);
#8052 = CARTESIAN_POINT('',(5.790982497535E-03,0.));
#8053 = CARTESIAN_POINT('',(5.790982497535E-03,1.));
#8054 = ( GEOMETRIC_REPRESENTATION_CONTEXT(2) 
PARAMETRIC_REPRESENTATION_CONTEXT() REPRESENTATION_CONTEXT('2D SPACE',''
  ) );
#8055 = PCURVE('',#1131,#8056);
#8056 = DEFINITIONAL_REPRESENTATION('',(#8057),#8060);
#8057 = B_SPLINE_CURVE_WITH_KNOTS('',1,(#8058,#8059),.UNSPECIFIED.,.F.,
  .F.,(2,2),(0.,1.),.PIECEWISE_BEZIER_KNOTS.);
#8058 = CARTESIAN_POINT('',(0.,0.));
#8059 = CARTESIAN_POINT('',(0.,1.));
#8060 = ( GEOMETRIC_REPRESENTATION_CONTEXT(2) 
PARAMETRIC_REPRESENTATION_CONTEXT() REPRESENTATION_CONTEXT('2D SPACE',''
  ) );
#8061 = ORIENTED_EDGE('',*,*,#1088,.F.);
#8062 = ORIENTED_EDGE('',*,*,#8000,.F.);
#8063 = ADVANCED_FACE('',(#8064),#1131,.F.);
#8064 = FACE_BOUND('',#8065,.F.);
#8065 = EDGE_LOOP('',(#8066,#8087,#8105,#8106));
#8066 = ORIENTED_EDGE('',*,*,#8067,.T.);
#8067 = EDGE_CURVE('',#8024,#8068,#8070,.T.);
#8068 = VERTEX_POINT('',#8069);
#8069 = CARTESIAN_POINT('',(83.357510330556,0.,17.199585507099));
#8070 = SURFACE_CURVE('',#8071,(#8075,#8081),.PCURVE_S1.);
#8071 = LINE('',#8072,#8073);
#8072 = CARTESIAN_POINT('',(89.119370140667,0.,17.006698738582));
#8073 = VECTOR('',#8074,1.);
#8074 = DIRECTION('',(-0.999440133265,0.,3.345773482604E-02));
#8075 = PCURVE('',#1131,#8076);
#8076 = DEFINITIONAL_REPRESENTATION('',(#8077),#8080);
#8077 = B_SPLINE_CURVE_WITH_KNOTS('',1,(#8078,#8079),.UNSPECIFIED.,.F.,
  .F.,(2,2),(0.,5.765087490823),.PIECEWISE_BEZIER_KNOTS.);
#8078 = CARTESIAN_POINT('',(0.,0.));
#8079 = CARTESIAN_POINT('',(5.765087490823E-03,0.));
#8080 = ( GEOMETRIC_REPRESENTATION_CONTEXT(2) 
PARAMETRIC_REPRESENTATION_CONTEXT() REPRESENTATION_CONTEXT('2D SPACE',''
  ) );
#8081 = PCURVE('',#4377,#8082);
#8082 = DEFINITIONAL_REPRESENTATION('',(#8083),#8086);
#8083 = B_SPLINE_CURVE_WITH_KNOTS('',1,(#8084,#8085),.UNSPECIFIED.,.F.,
  .F.,(2,2),(0.,5.765087490823),.PIECEWISE_BEZIER_KNOTS.);
#8084 = CARTESIAN_POINT('',(0.,0.));
#8085 = CARTESIAN_POINT('',(5.765087490823E-03,0.));
#8086 = ( GEOMETRIC_REPRESENTATION_CONTEXT(2) 
PARAMETRIC_REPRESENTATION_CONTEXT() REPRESENTATION_CONTEXT('2D SPACE',''
  ) );
#8087 = ORIENTED_EDGE('',*,*,#8088,.T.);
#8088 = EDGE_CURVE('',#8068,#1116,#8089,.T.);
#8089 = SURFACE_CURVE('',#8090,(#8093,#8099),.PCURVE_S1.);
#8090 = B_SPLINE_CURVE_WITH_KNOTS('',1,(#8091,#8092),.UNSPECIFIED.,.F.,
  .F.,(2,2),(0.,1.),.PIECEWISE_BEZIER_KNOTS.);
#8091 = CARTESIAN_POINT('',(83.357510330556,0.,17.199585507099));
#8092 = CARTESIAN_POINT('',(71.889506198334,700.,47.005196802388));
#8093 = PCURVE('',#1131,#8094);
#8094 = DEFINITIONAL_REPRESENTATION('',(#8095),#8098);
#8095 = B_SPLINE_CURVE_WITH_KNOTS('',1,(#8096,#8097),.UNSPECIFIED.,.F.,
  .F.,(2,2),(0.,1.),.PIECEWISE_BEZIER_KNOTS.);
#8096 = CARTESIAN_POINT('',(5.765087490823E-03,0.));
#8097 = CARTESIAN_POINT('',(5.765087490823E-03,1.));
#8098 = ( GEOMETRIC_REPRESENTATION_CONTEXT(2) 
PARAMETRIC_REPRESENTATION_CONTEXT() REPRESENTATION_CONTEXT('2D SPACE',''
  ) );
#8099 = PCURVE('',#1158,#8100);
#8100 = DEFINITIONAL_REPRESENTATION('',(#8101),#8104);
#8101 = B_SPLINE_CURVE_WITH_KNOTS('',1,(#8102,#8103),.UNSPECIFIED.,.F.,
  .F.,(2,2),(0.,1.),.PIECEWISE_BEZIER_KNOTS.);
#8102 = CARTESIAN_POINT('',(0.,0.));
#8103 = CARTESIAN_POINT('',(0.,1.));
#8104 = ( GEOMETRIC_REPRESENTATION_CONTEXT(2) 
PARAMETRIC_REPRESENTATION_CONTEXT() REPRESENTATION_CONTEXT('2D SPACE',''
  ) );
#8105 = ORIENTED_EDGE('',*,*,#1115,.F.);
#8106 = ORIENTED_EDGE('',*,*,#8044,.F.);
#8107 = ADVANCED_FACE('',(#8108),#1158,.F.);
#8108 = FACE_BOUND('',#8109,.F.);
#8109 = EDGE_LOOP('',(#8110,#8131,#8149,#8150));
#8110 = ORIENTED_EDGE('',*,*,#8111,.T.);
#8111 = EDGE_CURVE('',#8068,#8112,#8114,.T.);
#8112 = VERTEX_POINT('',#8113);
#8113 = CARTESIAN_POINT('',(77.655357866767,0.,17.30643201696));
#8114 = SURFACE_CURVE('',#8115,(#8119,#8125),.PCURVE_S1.);
#8115 = LINE('',#8116,#8117);
#8116 = CARTESIAN_POINT('',(83.357510330556,0.,17.199585507099));
#8117 = VECTOR('',#8118,1.);
#8118 = DIRECTION('',(-0.999824491284,0.,1.873463714713E-02));
#8119 = PCURVE('',#1158,#8120);
#8120 = DEFINITIONAL_REPRESENTATION('',(#8121),#8124);
#8121 = B_SPLINE_CURVE_WITH_KNOTS('',1,(#8122,#8123),.UNSPECIFIED.,.F.,
  .F.,(2,2),(0.,5.703153416923),.PIECEWISE_BEZIER_KNOTS.);
#8122 = CARTESIAN_POINT('',(0.,0.));
#8123 = CARTESIAN_POINT('',(5.703153416923E-03,0.));
#8124 = ( GEOMETRIC_REPRESENTATION_CONTEXT(2) 
PARAMETRIC_REPRESENTATION_CONTEXT() REPRESENTATION_CONTEXT('2D SPACE',''
  ) );
#8125 = PCURVE('',#4404,#8126);
#8126 = DEFINITIONAL_REPRESENTATION('',(#8127),#8130);
#8127 = B_SPLINE_CURVE_WITH_KNOTS('',1,(#8128,#8129),.UNSPECIFIED.,.F.,
  .F.,(2,2),(0.,5.703153416923),.PIECEWISE_BEZIER_KNOTS.);
#8128 = CARTESIAN_POINT('',(0.,0.));
#8129 = CARTESIAN_POINT('',(5.703153416923E-03,0.));
#8130 = ( GEOMETRIC_REPRESENTATION_CONTEXT(2) 
PARAMETRIC_REPRESENTATION_CONTEXT() REPRESENTATION_CONTEXT('2D SPACE',''
  ) );
#8131 = ORIENTED_EDGE('',*,*,#8132,.T.);
#8132 = EDGE_CURVE('',#8112,#1143,#8133,.T.);
#8133 = SURFACE_CURVE('',#8134,(#8137,#8143),.PCURVE_S1.);
#8134 = B_SPLINE_CURVE_WITH_KNOTS('',1,(#8135,#8136),.UNSPECIFIED.,.F.,
  .F.,(2,2),(0.,1.),.PIECEWISE_BEZIER_KNOTS.);
#8135 = CARTESIAN_POINT('',(77.655357866767,0.,17.30643201696));
#8136 = CARTESIAN_POINT('',(68.46821472006,700.,47.069304708305));
#8137 = PCURVE('',#1158,#8138);
#8138 = DEFINITIONAL_REPRESENTATION('',(#8139),#8142);
#8139 = B_SPLINE_CURVE_WITH_KNOTS('',1,(#8140,#8141),.UNSPECIFIED.,.F.,
  .F.,(2,2),(0.,1.),.PIECEWISE_BEZIER_KNOTS.);
#8140 = CARTESIAN_POINT('',(5.703153416923E-03,0.));
#8141 = CARTESIAN_POINT('',(5.703153416923E-03,1.));
#8142 = ( GEOMETRIC_REPRESENTATION_CONTEXT(2) 
PARAMETRIC_REPRESENTATION_CONTEXT() REPRESENTATION_CONTEXT('2D SPACE',''
  ) );
#8143 = PCURVE('',#1185,#8144);
#8144 = DEFINITIONAL_REPRESENTATION('',(#8145),#8148);
#8145 = B_SPLINE_CURVE_WITH_KNOTS('',1,(#8146,#8147),.UNSPECIFIED.,.F.,
  .F.,(2,2),(0.,1.),.PIECEWISE_BEZIER_KNOTS.);
#8146 = CARTESIAN_POINT('',(0.,0.));
#8147 = CARTESIAN_POINT('',(0.,1.));
#8148 = ( GEOMETRIC_REPRESENTATION_CONTEXT(2) 
PARAMETRIC_REPRESENTATION_CONTEXT() REPRESENTATION_CONTEXT('2D SPACE',''
  ) );
#8149 = ORIENTED_EDGE('',*,*,#1142,.F.);
#8150 = ORIENTED_EDGE('',*,*,#8088,.F.);
#8151 = ADVANCED_FACE('',(#8152),#1185,.F.);
#8152 = FACE_BOUND('',#8153,.F.);
#8153 = EDGE_LOOP('',(#8154,#8175,#8193,#8194));
#8154 = ORIENTED_EDGE('',*,*,#8155,.T.);
#8155 = EDGE_CURVE('',#8112,#8156,#8158,.T.);
#8156 = VERTEX_POINT('',#8157);
#8157 = CARTESIAN_POINT('',(72.04304871452,0.,17.325040087206));
#8158 = SURFACE_CURVE('',#8159,(#8163,#8169),.PCURVE_S1.);
#8159 = LINE('',#8160,#8161);
#8160 = CARTESIAN_POINT('',(77.655357866767,0.,17.30643201696));
#8161 = VECTOR('',#8162,1.);
#8162 = DIRECTION('',(-0.999994503504,0.,3.315563605309E-03));
#8163 = PCURVE('',#1185,#8164);
#8164 = DEFINITIONAL_REPRESENTATION('',(#8165),#8168);
#8165 = B_SPLINE_CURVE_WITH_KNOTS('',1,(#8166,#8167),.UNSPECIFIED.,.F.,
  .F.,(2,2),(0.,5.612340000452),.PIECEWISE_BEZIER_KNOTS.);
#8166 = CARTESIAN_POINT('',(0.,0.));
#8167 = CARTESIAN_POINT('',(5.612340000452E-03,0.));
#8168 = ( GEOMETRIC_REPRESENTATION_CONTEXT(2) 
PARAMETRIC_REPRESENTATION_CONTEXT() REPRESENTATION_CONTEXT('2D SPACE',''
  ) );
#8169 = PCURVE('',#4431,#8170);
#8170 = DEFINITIONAL_REPRESENTATION('',(#8171),#8174);
#8171 = B_SPLINE_CURVE_WITH_KNOTS('',1,(#8172,#8173),.UNSPECIFIED.,.F.,
  .F.,(2,2),(0.,5.612340000452),.PIECEWISE_BEZIER_KNOTS.);
#8172 = CARTESIAN_POINT('',(0.,0.));
#8173 = CARTESIAN_POINT('',(5.612340000452E-03,0.));
#8174 = ( GEOMETRIC_REPRESENTATION_CONTEXT(2) 
PARAMETRIC_REPRESENTATION_CONTEXT() REPRESENTATION_CONTEXT('2D SPACE',''
  ) );
#8175 = ORIENTED_EDGE('',*,*,#8176,.T.);
#8176 = EDGE_CURVE('',#8156,#1170,#8177,.T.);
#8177 = SURFACE_CURVE('',#8178,(#8181,#8187),.PCURVE_S1.);
#8178 = B_SPLINE_CURVE_WITH_KNOTS('',1,(#8179,#8180),.UNSPECIFIED.,.F.,
  .F.,(2,2),(0.,1.),.PIECEWISE_BEZIER_KNOTS.);
#8179 = CARTESIAN_POINT('',(72.04304871452,0.,17.325040087206));
#8180 = CARTESIAN_POINT('',(65.100829228712,700.,47.080469550452));
#8181 = PCURVE('',#1185,#8182);
#8182 = DEFINITIONAL_REPRESENTATION('',(#8183),#8186);
#8183 = B_SPLINE_CURVE_WITH_KNOTS('',1,(#8184,#8185),.UNSPECIFIED.,.F.,
  .F.,(2,2),(0.,1.),.PIECEWISE_BEZIER_KNOTS.);
#8184 = CARTESIAN_POINT('',(5.612340000452E-03,0.));
#8185 = CARTESIAN_POINT('',(5.612340000452E-03,1.));
#8186 = ( GEOMETRIC_REPRESENTATION_CONTEXT(2) 
PARAMETRIC_REPRESENTATION_CONTEXT() REPRESENTATION_CONTEXT('2D SPACE',''
  ) );
#8187 = PCURVE('',#1212,#8188);
#8188 = DEFINITIONAL_REPRESENTATION('',(#8189),#8192);
#8189 = B_SPLINE_CURVE_WITH_KNOTS('',1,(#8190,#8191),.UNSPECIFIED.,.F.,
  .F.,(2,2),(0.,1.),.PIECEWISE_BEZIER_KNOTS.);
#8190 = CARTESIAN_POINT('',(0.,0.));
#8191 = CARTESIAN_POINT('',(0.,1.));
#8192 = ( GEOMETRIC_REPRESENTATION_CONTEXT(2) 
PARAMETRIC_REPRESENTATION_CONTEXT() REPRESENTATION_CONTEXT('2D SPACE',''
  ) );
#8193 = ORIENTED_EDGE('',*,*,#1169,.F.);
#8194 = ORIENTED_EDGE('',*,*,#8132,.F.);
#8195 = ADVANCED_FACE('',(#8196),#1212,.F.);
#8196 = FACE_BOUND('',#8197,.F.);
#8197 = EDGE_LOOP('',(#8198,#8219,#8237,#8238));
#8198 = ORIENTED_EDGE('',*,*,#8199,.T.);
#8199 = EDGE_CURVE('',#8156,#8200,#8202,.T.);
#8200 = VERTEX_POINT('',#8201);
#8201 = CARTESIAN_POINT('',(66.537601630681,0.,17.254764143137));
#8202 = SURFACE_CURVE('',#8203,(#8207,#8213),.PCURVE_S1.);
#8203 = LINE('',#8204,#8205);
#8204 = CARTESIAN_POINT('',(72.04304871452,0.,17.325040087206));
#8205 = VECTOR('',#8206,1.);
#8206 = DIRECTION('',(-0.999918539865,0.,-1.2763762563E-02));
#8207 = PCURVE('',#1212,#8208);
#8208 = DEFINITIONAL_REPRESENTATION('',(#8209),#8212);
#8209 = B_SPLINE_CURVE_WITH_KNOTS('',1,(#8210,#8211),.UNSPECIFIED.,.F.,
  .F.,(2,2),(0.,5.505895594838),.PIECEWISE_BEZIER_KNOTS.);
#8210 = CARTESIAN_POINT('',(0.,0.));
#8211 = CARTESIAN_POINT('',(5.505895594838E-03,0.));
#8212 = ( GEOMETRIC_REPRESENTATION_CONTEXT(2) 
PARAMETRIC_REPRESENTATION_CONTEXT() REPRESENTATION_CONTEXT('2D SPACE',''
  ) );
#8213 = PCURVE('',#4458,#8214);
#8214 = DEFINITIONAL_REPRESENTATION('',(#8215),#8218);
#8215 = B_SPLINE_CURVE_WITH_KNOTS('',1,(#8216,#8217),.UNSPECIFIED.,.F.,
  .F.,(2,2),(0.,5.505895594838),.PIECEWISE_BEZIER_KNOTS.);
#8216 = CARTESIAN_POINT('',(0.,0.));
#8217 = CARTESIAN_POINT('',(5.505895594838E-03,0.));
#8218 = ( GEOMETRIC_REPRESENTATION_CONTEXT(2) 
PARAMETRIC_REPRESENTATION_CONTEXT() REPRESENTATION_CONTEXT('2D SPACE',''
  ) );
#8219 = ORIENTED_EDGE('',*,*,#8220,.T.);
#8220 = EDGE_CURVE('',#8200,#1197,#8221,.T.);
#8221 = SURFACE_CURVE('',#8222,(#8225,#8231),.PCURVE_S1.);
#8222 = B_SPLINE_CURVE_WITH_KNOTS('',1,(#8223,#8224),.UNSPECIFIED.,.F.,
  .F.,(2,2),(0.,1.),.PIECEWISE_BEZIER_KNOTS.);
#8223 = CARTESIAN_POINT('',(66.537601630681,0.,17.254764143137));
#8224 = CARTESIAN_POINT('',(61.797560978409,700.,47.038303984011));
#8225 = PCURVE('',#1212,#8226);
#8226 = DEFINITIONAL_REPRESENTATION('',(#8227),#8230);
#8227 = B_SPLINE_CURVE_WITH_KNOTS('',1,(#8228,#8229),.UNSPECIFIED.,.F.,
  .F.,(2,2),(0.,1.),.PIECEWISE_BEZIER_KNOTS.);
#8228 = CARTESIAN_POINT('',(5.505895594838E-03,0.));
#8229 = CARTESIAN_POINT('',(5.505895594838E-03,1.));
#8230 = ( GEOMETRIC_REPRESENTATION_CONTEXT(2) 
PARAMETRIC_REPRESENTATION_CONTEXT() REPRESENTATION_CONTEXT('2D SPACE',''
  ) );
#8231 = PCURVE('',#1239,#8232);
#8232 = DEFINITIONAL_REPRESENTATION('',(#8233),#8236);
#8233 = B_SPLINE_CURVE_WITH_KNOTS('',1,(#8234,#8235),.UNSPECIFIED.,.F.,
  .F.,(2,2),(0.,1.),.PIECEWISE_BEZIER_KNOTS.);
#8234 = CARTESIAN_POINT('',(0.,0.));
#8235 = CARTESIAN_POINT('',(0.,1.));
#8236 = ( GEOMETRIC_REPRESENTATION_CONTEXT(2) 
PARAMETRIC_REPRESENTATION_CONTEXT() REPRESENTATION_CONTEXT('2D SPACE',''
  ) );
#8237 = ORIENTED_EDGE('',*,*,#1196,.F.);
#8238 = ORIENTED_EDGE('',*,*,#8176,.F.);
#8239 = ADVANCED_FACE('',(#8240),#1239,.F.);
#8240 = FACE_BOUND('',#8241,.F.);
#8241 = EDGE_LOOP('',(#8242,#8263,#8281,#8282));
#8242 = ORIENTED_EDGE('',*,*,#8243,.T.);
#8243 = EDGE_CURVE('',#8200,#8244,#8246,.T.);
#8244 = VERTEX_POINT('',#8245);
#8245 = CARTESIAN_POINT('',(61.15575301767,0.,17.09570168888));
#8246 = SURFACE_CURVE('',#8247,(#8251,#8257),.PCURVE_S1.);
#8247 = LINE('',#8248,#8249);
#8248 = CARTESIAN_POINT('',(66.537601630681,0.,17.254764143137));
#8249 = VECTOR('',#8250,1.);
#8250 = DIRECTION('',(-0.999563526382,0.,-2.95424563425E-02));
#8251 = PCURVE('',#1239,#8252);
#8252 = DEFINITIONAL_REPRESENTATION('',(#8253),#8256);
#8253 = B_SPLINE_CURVE_WITH_KNOTS('',1,(#8254,#8255),.UNSPECIFIED.,.F.,
  .F.,(2,2),(0.,5.384198673687),.PIECEWISE_BEZIER_KNOTS.);
#8254 = CARTESIAN_POINT('',(0.,0.));
#8255 = CARTESIAN_POINT('',(5.384198673687E-03,0.));
#8256 = ( GEOMETRIC_REPRESENTATION_CONTEXT(2) 
PARAMETRIC_REPRESENTATION_CONTEXT() REPRESENTATION_CONTEXT('2D SPACE',''
  ) );
#8257 = PCURVE('',#4485,#8258);
#8258 = DEFINITIONAL_REPRESENTATION('',(#8259),#8262);
#8259 = B_SPLINE_CURVE_WITH_KNOTS('',1,(#8260,#8261),.UNSPECIFIED.,.F.,
  .F.,(2,2),(0.,5.384198673687),.PIECEWISE_BEZIER_KNOTS.);
#8260 = CARTESIAN_POINT('',(0.,0.));
#8261 = CARTESIAN_POINT('',(5.384198673687E-03,0.));
#8262 = ( GEOMETRIC_REPRESENTATION_CONTEXT(2) 
PARAMETRIC_REPRESENTATION_CONTEXT() REPRESENTATION_CONTEXT('2D SPACE',''
  ) );
#8263 = ORIENTED_EDGE('',*,*,#8264,.T.);
#8264 = EDGE_CURVE('',#8244,#1224,#8265,.T.);
#8265 = SURFACE_CURVE('',#8266,(#8269,#8275),.PCURVE_S1.);
#8266 = B_SPLINE_CURVE_WITH_KNOTS('',1,(#8267,#8268),.UNSPECIFIED.,.F.,
  .F.,(2,2),(0.,1.),.PIECEWISE_BEZIER_KNOTS.);
#8267 = CARTESIAN_POINT('',(61.15575301767,0.,17.09570168888));
#8268 = CARTESIAN_POINT('',(58.568451810602,700.,46.942866511457));
#8269 = PCURVE('',#1239,#8270);
#8270 = DEFINITIONAL_REPRESENTATION('',(#8271),#8274);
#8271 = B_SPLINE_CURVE_WITH_KNOTS('',1,(#8272,#8273),.UNSPECIFIED.,.F.,
  .F.,(2,2),(0.,1.),.PIECEWISE_BEZIER_KNOTS.);
#8272 = CARTESIAN_POINT('',(5.384198673687E-03,0.));
#8273 = CARTESIAN_POINT('',(5.384198673687E-03,1.));
#8274 = ( GEOMETRIC_REPRESENTATION_CONTEXT(2) 
PARAMETRIC_REPRESENTATION_CONTEXT() REPRESENTATION_CONTEXT('2D SPACE',''
  ) );
#8275 = PCURVE('',#1266,#8276);
#8276 = DEFINITIONAL_REPRESENTATION('',(#8277),#8280);
#8277 = B_SPLINE_CURVE_WITH_KNOTS('',1,(#8278,#8279),.UNSPECIFIED.,.F.,
  .F.,(2,2),(0.,1.),.PIECEWISE_BEZIER_KNOTS.);
#8278 = CARTESIAN_POINT('',(0.,0.));
#8279 = CARTESIAN_POINT('',(0.,1.));
#8280 = ( GEOMETRIC_REPRESENTATION_CONTEXT(2) 
PARAMETRIC_REPRESENTATION_CONTEXT() REPRESENTATION_CONTEXT('2D SPACE',''
  ) );
#8281 = ORIENTED_EDGE('',*,*,#1223,.F.);
#8282 = ORIENTED_EDGE('',*,*,#8220,.F.);
#8283 = ADVANCED_FACE('',(#8284),#1266,.F.);
#8284 = FACE_BOUND('',#8285,.F.);
#8285 = EDGE_LOOP('',(#8286,#8307,#8325,#8326));
#8286 = ORIENTED_EDGE('',*,*,#8287,.T.);
#8287 = EDGE_CURVE('',#8244,#8288,#8290,.T.);
#8288 = VERTEX_POINT('',#8289);
#8289 = CARTESIAN_POINT('',(55.913885437752,0.,16.848713185797));
#8290 = SURFACE_CURVE('',#8291,(#8295,#8301),.PCURVE_S1.);
#8291 = LINE('',#8292,#8293);
#8292 = CARTESIAN_POINT('',(61.15575301767,0.,17.09570168888));
#8293 = VECTOR('',#8294,1.);
#8294 = DIRECTION('',(-0.998891772363,0.,-4.706619918125E-02));
#8295 = PCURVE('',#1266,#8296);
#8296 = DEFINITIONAL_REPRESENTATION('',(#8297),#8300);
#8297 = B_SPLINE_CURVE_WITH_KNOTS('',1,(#8298,#8299),.UNSPECIFIED.,.F.,
  .F.,(2,2),(0.,5.247683207478),.PIECEWISE_BEZIER_KNOTS.);
#8298 = CARTESIAN_POINT('',(0.,0.));
#8299 = CARTESIAN_POINT('',(5.247683207478E-03,0.));
#8300 = ( GEOMETRIC_REPRESENTATION_CONTEXT(2) 
PARAMETRIC_REPRESENTATION_CONTEXT() REPRESENTATION_CONTEXT('2D SPACE',''
  ) );
#8301 = PCURVE('',#4512,#8302);
#8302 = DEFINITIONAL_REPRESENTATION('',(#8303),#8306);
#8303 = B_SPLINE_CURVE_WITH_KNOTS('',1,(#8304,#8305),.UNSPECIFIED.,.F.,
  .F.,(2,2),(0.,5.247683207478),.PIECEWISE_BEZIER_KNOTS.);
#8304 = CARTESIAN_POINT('',(0.,0.));
#8305 = CARTESIAN_POINT('',(5.247683207478E-03,0.));
#8306 = ( GEOMETRIC_REPRESENTATION_CONTEXT(2) 
PARAMETRIC_REPRESENTATION_CONTEXT() REPRESENTATION_CONTEXT('2D SPACE',''
  ) );
#8307 = ORIENTED_EDGE('',*,*,#8308,.T.);
#8308 = EDGE_CURVE('',#8288,#1251,#8309,.T.);
#8309 = SURFACE_CURVE('',#8310,(#8313,#8319),.PCURVE_S1.);
#8310 = B_SPLINE_CURVE_WITH_KNOTS('',1,(#8311,#8312),.UNSPECIFIED.,.F.,
  .F.,(2,2),(0.,1.),.PIECEWISE_BEZIER_KNOTS.);
#8311 = CARTESIAN_POINT('',(55.913885437752,0.,16.848713185797));
#8312 = CARTESIAN_POINT('',(55.423331262651,700.,46.794673409607));
#8313 = PCURVE('',#1266,#8314);
#8314 = DEFINITIONAL_REPRESENTATION('',(#8315),#8318);
#8315 = B_SPLINE_CURVE_WITH_KNOTS('',1,(#8316,#8317),.UNSPECIFIED.,.F.,
  .F.,(2,2),(0.,1.),.PIECEWISE_BEZIER_KNOTS.);
#8316 = CARTESIAN_POINT('',(5.247683207478E-03,0.));
#8317 = CARTESIAN_POINT('',(5.247683207478E-03,1.));
#8318 = ( GEOMETRIC_REPRESENTATION_CONTEXT(2) 
PARAMETRIC_REPRESENTATION_CONTEXT() REPRESENTATION_CONTEXT('2D SPACE',''
  ) );
#8319 = PCURVE('',#1293,#8320);
#8320 = DEFINITIONAL_REPRESENTATION('',(#8321),#8324);
#8321 = B_SPLINE_CURVE_WITH_KNOTS('',1,(#8322,#8323),.UNSPECIFIED.,.F.,
  .F.,(2,2),(0.,1.),.PIECEWISE_BEZIER_KNOTS.);
#8322 = CARTESIAN_POINT('',(0.,0.));
#8323 = CARTESIAN_POINT('',(0.,1.));
#8324 = ( GEOMETRIC_REPRESENTATION_CONTEXT(2) 
PARAMETRIC_REPRESENTATION_CONTEXT() REPRESENTATION_CONTEXT('2D SPACE',''
  ) );
#8325 = ORIENTED_EDGE('',*,*,#1250,.F.);
#8326 = ORIENTED_EDGE('',*,*,#8264,.F.);
#8327 = ADVANCED_FACE('',(#8328),#1293,.F.);
#8328 = FACE_BOUND('',#8329,.F.);
#8329 = EDGE_LOOP('',(#8330,#8351,#8369,#8370));
#8330 = ORIENTED_EDGE('',*,*,#8331,.T.);
#8331 = EDGE_CURVE('',#8288,#8332,#8334,.T.);
#8332 = VERTEX_POINT('',#8333);
#8333 = CARTESIAN_POINT('',(50.827956132102,0.,16.515430402518));
#8334 = SURFACE_CURVE('',#8335,(#8339,#8345),.PCURVE_S1.);
#8335 = LINE('',#8336,#8337);
#8336 = CARTESIAN_POINT('',(55.913885437752,0.,16.848713185797));
#8337 = VECTOR('',#8338,1.);
#8338 = DIRECTION('',(-0.99785977639,0.,-6.539011134665E-02));
#8339 = PCURVE('',#1293,#8340);
#8340 = DEFINITIONAL_REPRESENTATION('',(#8341),#8344);
#8341 = B_SPLINE_CURVE_WITH_KNOTS('',1,(#8342,#8343),.UNSPECIFIED.,.F.,
  .F.,(2,2),(0.,5.096837677983),.PIECEWISE_BEZIER_KNOTS.);
#8342 = CARTESIAN_POINT('',(0.,0.));
#8343 = CARTESIAN_POINT('',(5.096837677983E-03,0.));
#8344 = ( GEOMETRIC_REPRESENTATION_CONTEXT(2) 
PARAMETRIC_REPRESENTATION_CONTEXT() REPRESENTATION_CONTEXT('2D SPACE',''
  ) );
#8345 = PCURVE('',#4539,#8346);
#8346 = DEFINITIONAL_REPRESENTATION('',(#8347),#8350);
#8347 = B_SPLINE_CURVE_WITH_KNOTS('',1,(#8348,#8349),.UNSPECIFIED.,.F.,
  .F.,(2,2),(0.,5.096837677983),.PIECEWISE_BEZIER_KNOTS.);
#8348 = CARTESIAN_POINT('',(0.,0.));
#8349 = CARTESIAN_POINT('',(5.096837677983E-03,0.));
#8350 = ( GEOMETRIC_REPRESENTATION_CONTEXT(2) 
PARAMETRIC_REPRESENTATION_CONTEXT() REPRESENTATION_CONTEXT('2D SPACE',''
  ) );
#8351 = ORIENTED_EDGE('',*,*,#8352,.T.);
#8352 = EDGE_CURVE('',#8332,#1278,#8353,.T.);
#8353 = SURFACE_CURVE('',#8354,(#8357,#8363),.PCURVE_S1.);
#8354 = B_SPLINE_CURVE_WITH_KNOTS('',1,(#8355,#8356),.UNSPECIFIED.,.F.,
  .F.,(2,2),(0.,1.),.PIECEWISE_BEZIER_KNOTS.);
#8355 = CARTESIAN_POINT('',(50.827956132102,0.,16.515430402518));
#8356 = CARTESIAN_POINT('',(52.371773679261,700.,46.594703739639));
#8357 = PCURVE('',#1293,#8358);
#8358 = DEFINITIONAL_REPRESENTATION('',(#8359),#8362);
#8359 = B_SPLINE_CURVE_WITH_KNOTS('',1,(#8360,#8361),.UNSPECIFIED.,.F.,
  .F.,(2,2),(0.,1.),.PIECEWISE_BEZIER_KNOTS.);
#8360 = CARTESIAN_POINT('',(5.096837677983E-03,0.));
#8361 = CARTESIAN_POINT('',(5.096837677983E-03,1.));
#8362 = ( GEOMETRIC_REPRESENTATION_CONTEXT(2) 
PARAMETRIC_REPRESENTATION_CONTEXT() REPRESENTATION_CONTEXT('2D SPACE',''
  ) );
#8363 = PCURVE('',#1320,#8364);
#8364 = DEFINITIONAL_REPRESENTATION('',(#8365),#8368);
#8365 = B_SPLINE_CURVE_WITH_KNOTS('',1,(#8366,#8367),.UNSPECIFIED.,.F.,
  .F.,(2,2),(0.,1.),.PIECEWISE_BEZIER_KNOTS.);
#8366 = CARTESIAN_POINT('',(0.,0.));
#8367 = CARTESIAN_POINT('',(0.,1.));
#8368 = ( GEOMETRIC_REPRESENTATION_CONTEXT(2) 
PARAMETRIC_REPRESENTATION_CONTEXT() REPRESENTATION_CONTEXT('2D SPACE',''
  ) );
#8369 = ORIENTED_EDGE('',*,*,#1277,.F.);
#8370 = ORIENTED_EDGE('',*,*,#8308,.F.);
#8371 = ADVANCED_FACE('',(#8372),#1320,.F.);
#8372 = FACE_BOUND('',#8373,.F.);
#8373 = EDGE_LOOP('',(#8374,#8395,#8413,#8414));
#8374 = ORIENTED_EDGE('',*,*,#8375,.T.);
#8375 = EDGE_CURVE('',#8332,#8376,#8378,.T.);
#8376 = VERTEX_POINT('',#8377);
#8377 = CARTESIAN_POINT('',(45.913426600975,0.,16.098251597567));
#8378 = SURFACE_CURVE('',#8379,(#8383,#8389),.PCURVE_S1.);
#8379 = LINE('',#8380,#8381);
#8380 = CARTESIAN_POINT('',(50.827956132102,0.,16.515430402518));
#8381 = VECTOR('',#8382,1.);
#8382 = DIRECTION('',(-0.996416468526,0.,-8.458262971861E-02));
#8383 = PCURVE('',#1320,#8384);
#8384 = DEFINITIONAL_REPRESENTATION('',(#8385),#8388);
#8385 = B_SPLINE_CURVE_WITH_KNOTS('',1,(#8386,#8387),.UNSPECIFIED.,.F.,
  .F.,(2,2),(0.,4.932204240258),.PIECEWISE_BEZIER_KNOTS.);
#8386 = CARTESIAN_POINT('',(0.,0.));
#8387 = CARTESIAN_POINT('',(4.932204240258E-03,0.));
#8388 = ( GEOMETRIC_REPRESENTATION_CONTEXT(2) 
PARAMETRIC_REPRESENTATION_CONTEXT() REPRESENTATION_CONTEXT('2D SPACE',''
  ) );
#8389 = PCURVE('',#4566,#8390);
#8390 = DEFINITIONAL_REPRESENTATION('',(#8391),#8394);
#8391 = B_SPLINE_CURVE_WITH_KNOTS('',1,(#8392,#8393),.UNSPECIFIED.,.F.,
  .F.,(2,2),(0.,4.932204240258),.PIECEWISE_BEZIER_KNOTS.);
#8392 = CARTESIAN_POINT('',(0.,0.));
#8393 = CARTESIAN_POINT('',(4.932204240258E-03,0.));
#8394 = ( GEOMETRIC_REPRESENTATION_CONTEXT(2) 
PARAMETRIC_REPRESENTATION_CONTEXT() REPRESENTATION_CONTEXT('2D SPACE',''
  ) );
#8395 = ORIENTED_EDGE('',*,*,#8396,.T.);
#8396 = EDGE_CURVE('',#8376,#1305,#8397,.T.);
#8397 = SURFACE_CURVE('',#8398,(#8401,#8407),.PCURVE_S1.);
#8398 = B_SPLINE_CURVE_WITH_KNOTS('',1,(#8399,#8400),.UNSPECIFIED.,.F.,
  .F.,(2,2),(0.,1.),.PIECEWISE_BEZIER_KNOTS.);
#8399 = CARTESIAN_POINT('',(45.913426600975,0.,16.098251597567));
#8400 = CARTESIAN_POINT('',(49.423055960585,700.,46.344396456669));
#8401 = PCURVE('',#1320,#8402);
#8402 = DEFINITIONAL_REPRESENTATION('',(#8403),#8406);
#8403 = B_SPLINE_CURVE_WITH_KNOTS('',1,(#8404,#8405),.UNSPECIFIED.,.F.,
  .F.,(2,2),(0.,1.),.PIECEWISE_BEZIER_KNOTS.);
#8404 = CARTESIAN_POINT('',(4.932204240258E-03,0.));
#8405 = CARTESIAN_POINT('',(4.932204240258E-03,1.));
#8406 = ( GEOMETRIC_REPRESENTATION_CONTEXT(2) 
PARAMETRIC_REPRESENTATION_CONTEXT() REPRESENTATION_CONTEXT('2D SPACE',''
  ) );
#8407 = PCURVE('',#1347,#8408);
#8408 = DEFINITIONAL_REPRESENTATION('',(#8409),#8412);
#8409 = B_SPLINE_CURVE_WITH_KNOTS('',1,(#8410,#8411),.UNSPECIFIED.,.F.,
  .F.,(2,2),(0.,1.),.PIECEWISE_BEZIER_KNOTS.);
#8410 = CARTESIAN_POINT('',(0.,0.));
#8411 = CARTESIAN_POINT('',(0.,1.));
#8412 = ( GEOMETRIC_REPRESENTATION_CONTEXT(2) 
PARAMETRIC_REPRESENTATION_CONTEXT() REPRESENTATION_CONTEXT('2D SPACE',''
  ) );
#8413 = ORIENTED_EDGE('',*,*,#1304,.F.);
#8414 = ORIENTED_EDGE('',*,*,#8352,.F.);
#8415 = ADVANCED_FACE('',(#8416),#1347,.F.);
#8416 = FACE_BOUND('',#8417,.F.);
#8417 = EDGE_LOOP('',(#8418,#8439,#8457,#8458));
#8418 = ORIENTED_EDGE('',*,*,#8419,.T.);
#8419 = EDGE_CURVE('',#8376,#8420,#8422,.T.);
#8420 = VERTEX_POINT('',#8421);
#8421 = CARTESIAN_POINT('',(41.185194358562,0.,15.600322226926));
#8422 = SURFACE_CURVE('',#8423,(#8427,#8433),.PCURVE_S1.);
#8423 = LINE('',#8424,#8425);
#8424 = CARTESIAN_POINT('',(45.913426600975,0.,16.098251597567));
#8425 = VECTOR('',#8426,1.);
#8426 = DIRECTION('',(-0.994500618759,0.,-0.104730698877));
#8427 = PCURVE('',#1347,#8428);
#8428 = DEFINITIONAL_REPRESENTATION('',(#8429),#8432);
#8429 = B_SPLINE_CURVE_WITH_KNOTS('',1,(#8430,#8431),.UNSPECIFIED.,.F.,
  .F.,(2,2),(0.,4.754378381696),.PIECEWISE_BEZIER_KNOTS.);
#8430 = CARTESIAN_POINT('',(0.,0.));
#8431 = CARTESIAN_POINT('',(4.754378381696E-03,0.));
#8432 = ( GEOMETRIC_REPRESENTATION_CONTEXT(2) 
PARAMETRIC_REPRESENTATION_CONTEXT() REPRESENTATION_CONTEXT('2D SPACE',''
  ) );
#8433 = PCURVE('',#4593,#8434);
#8434 = DEFINITIONAL_REPRESENTATION('',(#8435),#8438);
#8435 = B_SPLINE_CURVE_WITH_KNOTS('',1,(#8436,#8437),.UNSPECIFIED.,.F.,
  .F.,(2,2),(0.,4.754378381696),.PIECEWISE_BEZIER_KNOTS.);
#8436 = CARTESIAN_POINT('',(0.,0.));
#8437 = CARTESIAN_POINT('',(4.754378381696E-03,0.));
#8438 = ( GEOMETRIC_REPRESENTATION_CONTEXT(2) 
PARAMETRIC_REPRESENTATION_CONTEXT() REPRESENTATION_CONTEXT('2D SPACE',''
  ) );
#8439 = ORIENTED_EDGE('',*,*,#8440,.T.);
#8440 = EDGE_CURVE('',#8420,#1332,#8441,.T.);
#8441 = SURFACE_CURVE('',#8442,(#8445,#8451),.PCURVE_S1.);
#8442 = B_SPLINE_CURVE_WITH_KNOTS('',1,(#8443,#8444),.UNSPECIFIED.,.F.,
  .F.,(2,2),(0.,1.),.PIECEWISE_BEZIER_KNOTS.);
#8443 = CARTESIAN_POINT('',(41.185194358562,0.,15.600322226926));
#8444 = CARTESIAN_POINT('',(46.586116615137,700.,46.045638834284));
#8445 = PCURVE('',#1347,#8446);
#8446 = DEFINITIONAL_REPRESENTATION('',(#8447),#8450);
#8447 = B_SPLINE_CURVE_WITH_KNOTS('',1,(#8448,#8449),.UNSPECIFIED.,.F.,
  .F.,(2,2),(0.,1.),.PIECEWISE_BEZIER_KNOTS.);
#8448 = CARTESIAN_POINT('',(4.754378381696E-03,0.));
#8449 = CARTESIAN_POINT('',(4.754378381696E-03,1.));
#8450 = ( GEOMETRIC_REPRESENTATION_CONTEXT(2) 
PARAMETRIC_REPRESENTATION_CONTEXT() REPRESENTATION_CONTEXT('2D SPACE',''
  ) );
#8451 = PCURVE('',#1374,#8452);
#8452 = DEFINITIONAL_REPRESENTATION('',(#8453),#8456);
#8453 = B_SPLINE_CURVE_WITH_KNOTS('',1,(#8454,#8455),.UNSPECIFIED.,.F.,
  .F.,(2,2),(0.,1.),.PIECEWISE_BEZIER_KNOTS.);
#8454 = CARTESIAN_POINT('',(0.,0.));
#8455 = CARTESIAN_POINT('',(0.,1.));
#8456 = ( GEOMETRIC_REPRESENTATION_CONTEXT(2) 
PARAMETRIC_REPRESENTATION_CONTEXT() REPRESENTATION_CONTEXT('2D SPACE',''
  ) );
#8457 = ORIENTED_EDGE('',*,*,#1331,.F.);
#8458 = ORIENTED_EDGE('',*,*,#8396,.F.);
#8459 = ADVANCED_FACE('',(#8460),#1374,.F.);
#8460 = FACE_BOUND('',#8461,.F.);
#8461 = EDGE_LOOP('',(#8462,#8483,#8501,#8502));
#8462 = ORIENTED_EDGE('',*,*,#8463,.T.);
#8463 = EDGE_CURVE('',#8420,#8464,#8466,.T.);
#8464 = VERTEX_POINT('',#8465);
#8465 = CARTESIAN_POINT('',(36.657527981725,0.,15.025500278312));
#8466 = SURFACE_CURVE('',#8467,(#8471,#8477),.PCURVE_S1.);
#8467 = LINE('',#8468,#8469);
#8468 = CARTESIAN_POINT('',(41.185194358562,0.,15.600322226926));
#8469 = VECTOR('',#8470,1.);
#8470 = DIRECTION('',(-0.992037009547,0.,-0.12594670178));
#8471 = PCURVE('',#1374,#8472);
#8472 = DEFINITIONAL_REPRESENTATION('',(#8473),#8476);
#8473 = B_SPLINE_CURVE_WITH_KNOTS('',1,(#8474,#8475),.UNSPECIFIED.,.F.,
  .F.,(2,2),(0.,4.564009541243),.PIECEWISE_BEZIER_KNOTS.);
#8474 = CARTESIAN_POINT('',(0.,0.));
#8475 = CARTESIAN_POINT('',(4.564009541243E-03,0.));
#8476 = ( GEOMETRIC_REPRESENTATION_CONTEXT(2) 
PARAMETRIC_REPRESENTATION_CONTEXT() REPRESENTATION_CONTEXT('2D SPACE',''
  ) );
#8477 = PCURVE('',#4620,#8478);
#8478 = DEFINITIONAL_REPRESENTATION('',(#8479),#8482);
#8479 = B_SPLINE_CURVE_WITH_KNOTS('',1,(#8480,#8481),.UNSPECIFIED.,.F.,
  .F.,(2,2),(0.,4.564009541243),.PIECEWISE_BEZIER_KNOTS.);
#8480 = CARTESIAN_POINT('',(0.,0.));
#8481 = CARTESIAN_POINT('',(4.564009541243E-03,0.));
#8482 = ( GEOMETRIC_REPRESENTATION_CONTEXT(2) 
PARAMETRIC_REPRESENTATION_CONTEXT() REPRESENTATION_CONTEXT('2D SPACE',''
  ) );
#8483 = ORIENTED_EDGE('',*,*,#8484,.T.);
#8484 = EDGE_CURVE('',#8464,#1359,#8485,.T.);
#8485 = SURFACE_CURVE('',#8486,(#8489,#8495),.PCURVE_S1.);
#8486 = B_SPLINE_CURVE_WITH_KNOTS('',1,(#8487,#8488),.UNSPECIFIED.,.F.,
  .F.,(2,2),(0.,1.),.PIECEWISE_BEZIER_KNOTS.);
#8487 = CARTESIAN_POINT('',(36.657527981725,0.,15.025500278312));
#8488 = CARTESIAN_POINT('',(43.869516789035,700.,45.700745665116));
#8489 = PCURVE('',#1374,#8490);
#8490 = DEFINITIONAL_REPRESENTATION('',(#8491),#8494);
#8491 = B_SPLINE_CURVE_WITH_KNOTS('',1,(#8492,#8493),.UNSPECIFIED.,.F.,
  .F.,(2,2),(0.,1.),.PIECEWISE_BEZIER_KNOTS.);
#8492 = CARTESIAN_POINT('',(4.564009541243E-03,0.));
#8493 = CARTESIAN_POINT('',(4.564009541243E-03,1.));
#8494 = ( GEOMETRIC_REPRESENTATION_CONTEXT(2) 
PARAMETRIC_REPRESENTATION_CONTEXT() REPRESENTATION_CONTEXT('2D SPACE',''
  ) );
#8495 = PCURVE('',#1401,#8496);
#8496 = DEFINITIONAL_REPRESENTATION('',(#8497),#8500);
#8497 = B_SPLINE_CURVE_WITH_KNOTS('',1,(#8498,#8499),.UNSPECIFIED.,.F.,
  .F.,(2,2),(0.,1.),.PIECEWISE_BEZIER_KNOTS.);
#8498 = CARTESIAN_POINT('',(0.,0.));
#8499 = CARTESIAN_POINT('',(0.,1.));
#8500 = ( GEOMETRIC_REPRESENTATION_CONTEXT(2) 
PARAMETRIC_REPRESENTATION_CONTEXT() REPRESENTATION_CONTEXT('2D SPACE',''
  ) );
#8501 = ORIENTED_EDGE('',*,*,#1358,.F.);
#8502 = ORIENTED_EDGE('',*,*,#8440,.F.);
#8503 = ADVANCED_FACE('',(#8504),#1401,.F.);
#8504 = FACE_BOUND('',#8505,.F.);
#8505 = EDGE_LOOP('',(#8506,#8527,#8545,#8546));
#8506 = ORIENTED_EDGE('',*,*,#8507,.T.);
#8507 = EDGE_CURVE('',#8464,#8508,#8510,.T.);
#8508 = VERTEX_POINT('',#8509);
#8509 = CARTESIAN_POINT('',(32.34400652305,0.,14.378305806109));
#8510 = SURFACE_CURVE('',#8511,(#8515,#8521),.PCURVE_S1.);
#8511 = LINE('',#8512,#8513);
#8512 = CARTESIAN_POINT('',(36.657527981725,0.,15.025500278312));
#8513 = VECTOR('',#8514,1.);
#8514 = DIRECTION('',(-0.988930760613,0.,-0.148377729842));
#8515 = PCURVE('',#1401,#8516);
#8516 = DEFINITIONAL_REPRESENTATION('',(#8517),#8520);
#8517 = B_SPLINE_CURVE_WITH_KNOTS('',1,(#8518,#8519),.UNSPECIFIED.,.F.,
  .F.,(2,2),(0.,4.3618033036),.PIECEWISE_BEZIER_KNOTS.);
#8518 = CARTESIAN_POINT('',(0.,0.));
#8519 = CARTESIAN_POINT('',(4.3618033036E-03,0.));
#8520 = ( GEOMETRIC_REPRESENTATION_CONTEXT(2) 
PARAMETRIC_REPRESENTATION_CONTEXT() REPRESENTATION_CONTEXT('2D SPACE',''
  ) );
#8521 = PCURVE('',#4647,#8522);
#8522 = DEFINITIONAL_REPRESENTATION('',(#8523),#8526);
#8523 = B_SPLINE_CURVE_WITH_KNOTS('',1,(#8524,#8525),.UNSPECIFIED.,.F.,
  .F.,(2,2),(0.,4.3618033036),.PIECEWISE_BEZIER_KNOTS.);
#8524 = CARTESIAN_POINT('',(0.,0.));
#8525 = CARTESIAN_POINT('',(4.3618033036E-03,0.));
#8526 = ( GEOMETRIC_REPRESENTATION_CONTEXT(2) 
PARAMETRIC_REPRESENTATION_CONTEXT() REPRESENTATION_CONTEXT('2D SPACE',''
  ) );
#8527 = ORIENTED_EDGE('',*,*,#8528,.T.);
#8528 = EDGE_CURVE('',#8508,#1386,#8529,.T.);
#8529 = SURFACE_CURVE('',#8530,(#8533,#8539),.PCURVE_S1.);
#8530 = B_SPLINE_CURVE_WITH_KNOTS('',1,(#8531,#8532),.UNSPECIFIED.,.F.,
  .F.,(2,2),(0.,1.),.PIECEWISE_BEZIER_KNOTS.);
#8531 = CARTESIAN_POINT('',(32.34400652305,0.,14.378305806109));
#8532 = CARTESIAN_POINT('',(41.28140391383,700.,45.312428981794));
#8533 = PCURVE('',#1401,#8534);
#8534 = DEFINITIONAL_REPRESENTATION('',(#8535),#8538);
#8535 = B_SPLINE_CURVE_WITH_KNOTS('',1,(#8536,#8537),.UNSPECIFIED.,.F.,
  .F.,(2,2),(0.,1.),.PIECEWISE_BEZIER_KNOTS.);
#8536 = CARTESIAN_POINT('',(4.3618033036E-03,0.));
#8537 = CARTESIAN_POINT('',(4.3618033036E-03,1.));
#8538 = ( GEOMETRIC_REPRESENTATION_CONTEXT(2) 
PARAMETRIC_REPRESENTATION_CONTEXT() REPRESENTATION_CONTEXT('2D SPACE',''
  ) );
#8539 = PCURVE('',#1428,#8540);
#8540 = DEFINITIONAL_REPRESENTATION('',(#8541),#8544);
#8541 = B_SPLINE_CURVE_WITH_KNOTS('',1,(#8542,#8543),.UNSPECIFIED.,.F.,
  .F.,(2,2),(0.,1.),.PIECEWISE_BEZIER_KNOTS.);
#8542 = CARTESIAN_POINT('',(0.,0.));
#8543 = CARTESIAN_POINT('',(0.,1.));
#8544 = ( GEOMETRIC_REPRESENTATION_CONTEXT(2) 
PARAMETRIC_REPRESENTATION_CONTEXT() REPRESENTATION_CONTEXT('2D SPACE',''
  ) );
#8545 = ORIENTED_EDGE('',*,*,#1385,.F.);
#8546 = ORIENTED_EDGE('',*,*,#8484,.F.);
#8547 = ADVANCED_FACE('',(#8548),#1428,.F.);
#8548 = FACE_BOUND('',#8549,.F.);
#8549 = EDGE_LOOP('',(#8550,#8571,#8589,#8590));
#8550 = ORIENTED_EDGE('',*,*,#8551,.T.);
#8551 = EDGE_CURVE('',#8508,#8552,#8554,.T.);
#8552 = VERTEX_POINT('',#8553);
#8553 = CARTESIAN_POINT('',(28.257464255911,0.,13.663854757374));
#8554 = SURFACE_CURVE('',#8555,(#8559,#8565),.PCURVE_S1.);
#8555 = LINE('',#8556,#8557);
#8556 = CARTESIAN_POINT('',(32.34400652305,0.,14.378305806109));
#8557 = VECTOR('',#8558,1.);
#8558 = DIRECTION('',(-0.985058853106,0.,-0.172218047596));
#8559 = PCURVE('',#1428,#8560);
#8560 = DEFINITIONAL_REPRESENTATION('',(#8561),#8564);
#8561 = B_SPLINE_CURVE_WITH_KNOTS('',1,(#8562,#8563),.UNSPECIFIED.,.F.,
  .F.,(2,2),(0.,4.148526003553),.PIECEWISE_BEZIER_KNOTS.);
#8562 = CARTESIAN_POINT('',(0.,0.));
#8563 = CARTESIAN_POINT('',(4.148526003553E-03,0.));
#8564 = ( GEOMETRIC_REPRESENTATION_CONTEXT(2) 
PARAMETRIC_REPRESENTATION_CONTEXT() REPRESENTATION_CONTEXT('2D SPACE',''
  ) );
#8565 = PCURVE('',#4674,#8566);
#8566 = DEFINITIONAL_REPRESENTATION('',(#8567),#8570);
#8567 = B_SPLINE_CURVE_WITH_KNOTS('',1,(#8568,#8569),.UNSPECIFIED.,.F.,
  .F.,(2,2),(0.,4.148526003553),.PIECEWISE_BEZIER_KNOTS.);
#8568 = CARTESIAN_POINT('',(0.,0.));
#8569 = CARTESIAN_POINT('',(4.148526003553E-03,0.));
#8570 = ( GEOMETRIC_REPRESENTATION_CONTEXT(2) 
PARAMETRIC_REPRESENTATION_CONTEXT() REPRESENTATION_CONTEXT('2D SPACE',''
  ) );
#8571 = ORIENTED_EDGE('',*,*,#8572,.T.);
#8572 = EDGE_CURVE('',#8552,#1413,#8573,.T.);
#8573 = SURFACE_CURVE('',#8574,(#8577,#8583),.PCURVE_S1.);
#8574 = B_SPLINE_CURVE_WITH_KNOTS('',1,(#8575,#8576),.UNSPECIFIED.,.F.,
  .F.,(2,2),(0.,1.),.PIECEWISE_BEZIER_KNOTS.);
#8575 = CARTESIAN_POINT('',(28.257464255911,0.,13.663854757374));
#8576 = CARTESIAN_POINT('',(38.829478553546,700.,44.883758352553));
#8577 = PCURVE('',#1428,#8578);
#8578 = DEFINITIONAL_REPRESENTATION('',(#8579),#8582);
#8579 = B_SPLINE_CURVE_WITH_KNOTS('',1,(#8580,#8581),.UNSPECIFIED.,.F.,
  .F.,(2,2),(0.,1.),.PIECEWISE_BEZIER_KNOTS.);
#8580 = CARTESIAN_POINT('',(4.148526003553E-03,0.));
#8581 = CARTESIAN_POINT('',(4.148526003553E-03,1.));
#8582 = ( GEOMETRIC_REPRESENTATION_CONTEXT(2) 
PARAMETRIC_REPRESENTATION_CONTEXT() REPRESENTATION_CONTEXT('2D SPACE',''
  ) );
#8583 = PCURVE('',#1455,#8584);
#8584 = DEFINITIONAL_REPRESENTATION('',(#8585),#8588);
#8585 = B_SPLINE_CURVE_WITH_KNOTS('',1,(#8586,#8587),.UNSPECIFIED.,.F.,
  .F.,(2,2),(0.,1.),.PIECEWISE_BEZIER_KNOTS.);
#8586 = CARTESIAN_POINT('',(0.,0.));
#8587 = CARTESIAN_POINT('',(0.,1.));
#8588 = ( GEOMETRIC_REPRESENTATION_CONTEXT(2) 
PARAMETRIC_REPRESENTATION_CONTEXT() REPRESENTATION_CONTEXT('2D SPACE',''
  ) );
#8589 = ORIENTED_EDGE('',*,*,#1412,.F.);
#8590 = ORIENTED_EDGE('',*,*,#8528,.F.);
#8591 = ADVANCED_FACE('',(#8592),#1455,.F.);
#8592 = FACE_BOUND('',#8593,.F.);
#8593 = EDGE_LOOP('',(#8594,#8615,#8633,#8634));
#8594 = ORIENTED_EDGE('',*,*,#8595,.T.);
#8595 = EDGE_CURVE('',#8552,#8596,#8598,.T.);
#8596 = VERTEX_POINT('',#8597);
#8597 = CARTESIAN_POINT('',(24.409941566444,0.,12.887777719846));
#8598 = SURFACE_CURVE('',#8599,(#8603,#8609),.PCURVE_S1.);
#8599 = LINE('',#8600,#8601);
#8600 = CARTESIAN_POINT('',(28.257464255911,0.,13.663854757374));
#8601 = VECTOR('',#8602,1.);
#8602 = DIRECTION('',(-0.980257331349,0.,-0.197725982958));
#8603 = PCURVE('',#1455,#8604);
#8604 = DEFINITIONAL_REPRESENTATION('',(#8605),#8608);
#8605 = B_SPLINE_CURVE_WITH_KNOTS('',1,(#8606,#8607),.UNSPECIFIED.,.F.,
  .F.,(2,2),(0.,3.925012918977),.PIECEWISE_BEZIER_KNOTS.);
#8606 = CARTESIAN_POINT('',(0.,0.));
#8607 = CARTESIAN_POINT('',(3.925012918977E-03,0.));
#8608 = ( GEOMETRIC_REPRESENTATION_CONTEXT(2) 
PARAMETRIC_REPRESENTATION_CONTEXT() REPRESENTATION_CONTEXT('2D SPACE',''
  ) );
#8609 = PCURVE('',#4701,#8610);
#8610 = DEFINITIONAL_REPRESENTATION('',(#8611),#8614);
#8611 = B_SPLINE_CURVE_WITH_KNOTS('',1,(#8612,#8613),.UNSPECIFIED.,.F.,
  .F.,(2,2),(0.,3.925012918977),.PIECEWISE_BEZIER_KNOTS.);
#8612 = CARTESIAN_POINT('',(0.,0.));
#8613 = CARTESIAN_POINT('',(3.925012918977E-03,0.));
#8614 = ( GEOMETRIC_REPRESENTATION_CONTEXT(2) 
PARAMETRIC_REPRESENTATION_CONTEXT() REPRESENTATION_CONTEXT('2D SPACE',''
  ) );
#8615 = ORIENTED_EDGE('',*,*,#8616,.T.);
#8616 = EDGE_CURVE('',#8596,#1440,#8617,.T.);
#8617 = SURFACE_CURVE('',#8618,(#8621,#8627),.PCURVE_S1.);
#8618 = B_SPLINE_CURVE_WITH_KNOTS('',1,(#8619,#8620),.UNSPECIFIED.,.F.,
  .F.,(2,2),(0.,1.),.PIECEWISE_BEZIER_KNOTS.);
#8619 = CARTESIAN_POINT('',(24.409941566444,0.,12.887777719846));
#8620 = CARTESIAN_POINT('',(36.520964939867,700.,44.418112130036));
#8621 = PCURVE('',#1455,#8622);
#8622 = DEFINITIONAL_REPRESENTATION('',(#8623),#8626);
#8623 = B_SPLINE_CURVE_WITH_KNOTS('',1,(#8624,#8625),.UNSPECIFIED.,.F.,
  .F.,(2,2),(0.,1.),.PIECEWISE_BEZIER_KNOTS.);
#8624 = CARTESIAN_POINT('',(3.925012918977E-03,0.));
#8625 = CARTESIAN_POINT('',(3.925012918977E-03,1.));
#8626 = ( GEOMETRIC_REPRESENTATION_CONTEXT(2) 
PARAMETRIC_REPRESENTATION_CONTEXT() REPRESENTATION_CONTEXT('2D SPACE',''
  ) );
#8627 = PCURVE('',#1482,#8628);
#8628 = DEFINITIONAL_REPRESENTATION('',(#8629),#8632);
#8629 = B_SPLINE_CURVE_WITH_KNOTS('',1,(#8630,#8631),.UNSPECIFIED.,.F.,
  .F.,(2,2),(0.,1.),.PIECEWISE_BEZIER_KNOTS.);
#8630 = CARTESIAN_POINT('',(0.,0.));
#8631 = CARTESIAN_POINT('',(0.,1.));
#8632 = ( GEOMETRIC_REPRESENTATION_CONTEXT(2) 
PARAMETRIC_REPRESENTATION_CONTEXT() REPRESENTATION_CONTEXT('2D SPACE',''
  ) );
#8633 = ORIENTED_EDGE('',*,*,#1439,.F.);
#8634 = ORIENTED_EDGE('',*,*,#8572,.F.);
#8635 = ADVANCED_FACE('',(#8636),#1482,.F.);
#8636 = FACE_BOUND('',#8637,.F.);
#8637 = EDGE_LOOP('',(#8638,#8659,#8677,#8678));
#8638 = ORIENTED_EDGE('',*,*,#8639,.T.);
#8639 = EDGE_CURVE('',#8596,#8640,#8642,.T.);
#8640 = VERTEX_POINT('',#8641);
#8641 = CARTESIAN_POINT('',(20.812642611867,0.,12.056124765608));
#8642 = SURFACE_CURVE('',#8643,(#8647,#8653),.PCURVE_S1.);
#8643 = LINE('',#8644,#8645);
#8644 = CARTESIAN_POINT('',(24.409941566444,0.,12.887777719846));
#8645 = VECTOR('',#8646,1.);
#8646 = DIRECTION('',(-0.974301687899,0.,-0.225247022083));
#8647 = PCURVE('',#1482,#8648);
#8648 = DEFINITIONAL_REPRESENTATION('',(#8649),#8652);
#8649 = B_SPLINE_CURVE_WITH_KNOTS('',1,(#8650,#8651),.UNSPECIFIED.,.F.,
  .F.,(2,2),(0.,3.69218179467),.PIECEWISE_BEZIER_KNOTS.);
#8650 = CARTESIAN_POINT('',(0.,0.));
#8651 = CARTESIAN_POINT('',(3.69218179467E-03,0.));
#8652 = ( GEOMETRIC_REPRESENTATION_CONTEXT(2) 
PARAMETRIC_REPRESENTATION_CONTEXT() REPRESENTATION_CONTEXT('2D SPACE',''
  ) );
#8653 = PCURVE('',#4728,#8654);
#8654 = DEFINITIONAL_REPRESENTATION('',(#8655),#8658);
#8655 = B_SPLINE_CURVE_WITH_KNOTS('',1,(#8656,#8657),.UNSPECIFIED.,.F.,
  .F.,(2,2),(0.,3.69218179467),.PIECEWISE_BEZIER_KNOTS.);
#8656 = CARTESIAN_POINT('',(0.,0.));
#8657 = CARTESIAN_POINT('',(3.69218179467E-03,0.));
#8658 = ( GEOMETRIC_REPRESENTATION_CONTEXT(2) 
PARAMETRIC_REPRESENTATION_CONTEXT() REPRESENTATION_CONTEXT('2D SPACE',''
  ) );
#8659 = ORIENTED_EDGE('',*,*,#8660,.T.);
#8660 = EDGE_CURVE('',#8640,#1467,#8661,.T.);
#8661 = SURFACE_CURVE('',#8662,(#8665,#8671),.PCURVE_S1.);
#8662 = B_SPLINE_CURVE_WITH_KNOTS('',1,(#8663,#8664),.UNSPECIFIED.,.F.,
  .F.,(2,2),(0.,1.),.PIECEWISE_BEZIER_KNOTS.);
#8663 = CARTESIAN_POINT('',(20.812642611867,0.,12.056124765608));
#8664 = CARTESIAN_POINT('',(34.36258556712,700.,43.919120357494));
#8665 = PCURVE('',#1482,#8666);
#8666 = DEFINITIONAL_REPRESENTATION('',(#8667),#8670);
#8667 = B_SPLINE_CURVE_WITH_KNOTS('',1,(#8668,#8669),.UNSPECIFIED.,.F.,
  .F.,(2,2),(0.,1.),.PIECEWISE_BEZIER_KNOTS.);
#8668 = CARTESIAN_POINT('',(3.69218179467E-03,0.));
#8669 = CARTESIAN_POINT('',(3.69218179467E-03,1.));
#8670 = ( GEOMETRIC_REPRESENTATION_CONTEXT(2) 
PARAMETRIC_REPRESENTATION_CONTEXT() REPRESENTATION_CONTEXT('2D SPACE',''
  ) );
#8671 = PCURVE('',#1509,#8672);
#8672 = DEFINITIONAL_REPRESENTATION('',(#8673),#8676);
#8673 = B_SPLINE_CURVE_WITH_KNOTS('',1,(#8674,#8675),.UNSPECIFIED.,.F.,
  .F.,(2,2),(0.,1.),.PIECEWISE_BEZIER_KNOTS.);
#8674 = CARTESIAN_POINT('',(0.,0.));
#8675 = CARTESIAN_POINT('',(0.,1.));
#8676 = ( GEOMETRIC_REPRESENTATION_CONTEXT(2) 
PARAMETRIC_REPRESENTATION_CONTEXT() REPRESENTATION_CONTEXT('2D SPACE',''
  ) );
#8677 = ORIENTED_EDGE('',*,*,#1466,.F.);
#8678 = ORIENTED_EDGE('',*,*,#8616,.F.);
#8679 = ADVANCED_FACE('',(#8680),#1509,.F.);
#8680 = FACE_BOUND('',#8681,.F.);
#8681 = EDGE_LOOP('',(#8682,#8703,#8721,#8722));
#8682 = ORIENTED_EDGE('',*,*,#8683,.T.);
#8683 = EDGE_CURVE('',#8640,#8684,#8686,.T.);
#8684 = VERTEX_POINT('',#8685);
#8685 = CARTESIAN_POINT('',(17.475900136236,0.,11.175258087325));
#8686 = SURFACE_CURVE('',#8687,(#8691,#8697),.PCURVE_S1.);
#8687 = LINE('',#8688,#8689);
#8688 = CARTESIAN_POINT('',(20.812642611867,0.,12.056124765608));
#8689 = VECTOR('',#8690,1.);
#8690 = DIRECTION('',(-0.966876233008,0.,-0.255245666065));
#8691 = PCURVE('',#1509,#8692);
#8692 = DEFINITIONAL_REPRESENTATION('',(#8693),#8696);
#8693 = B_SPLINE_CURVE_WITH_KNOTS('',1,(#8694,#8695),.UNSPECIFIED.,.F.,
  .F.,(2,2),(0.,3.451054397368),.PIECEWISE_BEZIER_KNOTS.);
#8694 = CARTESIAN_POINT('',(0.,0.));
#8695 = CARTESIAN_POINT('',(3.451054397368E-03,0.));
#8696 = ( GEOMETRIC_REPRESENTATION_CONTEXT(2) 
PARAMETRIC_REPRESENTATION_CONTEXT() REPRESENTATION_CONTEXT('2D SPACE',''
  ) );
#8697 = PCURVE('',#4755,#8698);
#8698 = DEFINITIONAL_REPRESENTATION('',(#8699),#8702);
#8699 = B_SPLINE_CURVE_WITH_KNOTS('',1,(#8700,#8701),.UNSPECIFIED.,.F.,
  .F.,(2,2),(0.,3.451054397368),.PIECEWISE_BEZIER_KNOTS.);
#8700 = CARTESIAN_POINT('',(0.,0.));
#8701 = CARTESIAN_POINT('',(3.451054397368E-03,0.));
#8702 = ( GEOMETRIC_REPRESENTATION_CONTEXT(2) 
PARAMETRIC_REPRESENTATION_CONTEXT() REPRESENTATION_CONTEXT('2D SPACE',''
  ) );
#8703 = ORIENTED_EDGE('',*,*,#8704,.T.);
#8704 = EDGE_CURVE('',#8684,#1494,#8705,.T.);
#8705 = SURFACE_CURVE('',#8706,(#8709,#8715),.PCURVE_S1.);
#8706 = B_SPLINE_CURVE_WITH_KNOTS('',1,(#8707,#8708),.UNSPECIFIED.,.F.,
  .F.,(2,2),(0.,1.),.PIECEWISE_BEZIER_KNOTS.);
#8707 = CARTESIAN_POINT('',(17.475900136236,0.,11.175258087325));
#8708 = CARTESIAN_POINT('',(32.360540081741,700.,43.390600350524));
#8709 = PCURVE('',#1509,#8710);
#8710 = DEFINITIONAL_REPRESENTATION('',(#8711),#8714);
#8711 = B_SPLINE_CURVE_WITH_KNOTS('',1,(#8712,#8713),.UNSPECIFIED.,.F.,
  .F.,(2,2),(0.,1.),.PIECEWISE_BEZIER_KNOTS.);
#8712 = CARTESIAN_POINT('',(3.451054397368E-03,0.));
#8713 = CARTESIAN_POINT('',(3.451054397368E-03,1.));
#8714 = ( GEOMETRIC_REPRESENTATION_CONTEXT(2) 
PARAMETRIC_REPRESENTATION_CONTEXT() REPRESENTATION_CONTEXT('2D SPACE',''
  ) );
#8715 = PCURVE('',#1536,#8716);
#8716 = DEFINITIONAL_REPRESENTATION('',(#8717),#8720);
#8717 = B_SPLINE_CURVE_WITH_KNOTS('',1,(#8718,#8719),.UNSPECIFIED.,.F.,
  .F.,(2,2),(0.,1.),.PIECEWISE_BEZIER_KNOTS.);
#8718 = CARTESIAN_POINT('',(0.,0.));
#8719 = CARTESIAN_POINT('',(0.,1.));
#8720 = ( GEOMETRIC_REPRESENTATION_CONTEXT(2) 
PARAMETRIC_REPRESENTATION_CONTEXT() REPRESENTATION_CONTEXT('2D SPACE',''
  ) );
#8721 = ORIENTED_EDGE('',*,*,#1493,.F.);
#8722 = ORIENTED_EDGE('',*,*,#8660,.F.);
#8723 = ADVANCED_FACE('',(#8724),#1536,.F.);
#8724 = FACE_BOUND('',#8725,.F.);
#8725 = EDGE_LOOP('',(#8726,#8747,#8765,#8766));
#8726 = ORIENTED_EDGE('',*,*,#8727,.T.);
#8727 = EDGE_CURVE('',#8684,#8728,#8730,.T.);
#8728 = VERTEX_POINT('',#8729);
#8729 = CARTESIAN_POINT('',(14.409147586083,0.,10.251734606415));
#8730 = SURFACE_CURVE('',#8731,(#8735,#8741),.PCURVE_S1.);
#8731 = LINE('',#8732,#8733);
#8732 = CARTESIAN_POINT('',(17.475900136236,0.,11.175258087325));
#8733 = VECTOR('',#8734,1.);
#8734 = DIRECTION('',(-0.957525187661,0.,-0.288349640184));
#8735 = PCURVE('',#1536,#8736);
#8736 = DEFINITIONAL_REPRESENTATION('',(#8737),#8740);
#8737 = B_SPLINE_CURVE_WITH_KNOTS('',1,(#8738,#8739),.UNSPECIFIED.,.F.,
  .F.,(2,2),(0.,3.202790474517),.PIECEWISE_BEZIER_KNOTS.);
#8738 = CARTESIAN_POINT('',(0.,0.));
#8739 = CARTESIAN_POINT('',(3.202790474517E-03,0.));
#8740 = ( GEOMETRIC_REPRESENTATION_CONTEXT(2) 
PARAMETRIC_REPRESENTATION_CONTEXT() REPRESENTATION_CONTEXT('2D SPACE',''
  ) );
#8741 = PCURVE('',#4782,#8742);
#8742 = DEFINITIONAL_REPRESENTATION('',(#8743),#8746);
#8743 = B_SPLINE_CURVE_WITH_KNOTS('',1,(#8744,#8745),.UNSPECIFIED.,.F.,
  .F.,(2,2),(0.,3.202790474517),.PIECEWISE_BEZIER_KNOTS.);
#8744 = CARTESIAN_POINT('',(0.,0.));
#8745 = CARTESIAN_POINT('',(3.202790474517E-03,0.));
#8746 = ( GEOMETRIC_REPRESENTATION_CONTEXT(2) 
PARAMETRIC_REPRESENTATION_CONTEXT() REPRESENTATION_CONTEXT('2D SPACE',''
  ) );
#8747 = ORIENTED_EDGE('',*,*,#8748,.T.);
#8748 = EDGE_CURVE('',#8728,#1521,#8749,.T.);
#8749 = SURFACE_CURVE('',#8750,(#8753,#8759),.PCURVE_S1.);
#8750 = B_SPLINE_CURVE_WITH_KNOTS('',1,(#8751,#8752),.UNSPECIFIED.,.F.,
  .F.,(2,2),(0.,1.),.PIECEWISE_BEZIER_KNOTS.);
#8751 = CARTESIAN_POINT('',(14.409147586083,0.,10.251734606415));
#8752 = CARTESIAN_POINT('',(30.52048855165,700.,42.836486261978));
#8753 = PCURVE('',#1536,#8754);
#8754 = DEFINITIONAL_REPRESENTATION('',(#8755),#8758);
#8755 = B_SPLINE_CURVE_WITH_KNOTS('',1,(#8756,#8757),.UNSPECIFIED.,.F.,
  .F.,(2,2),(0.,1.),.PIECEWISE_BEZIER_KNOTS.);
#8756 = CARTESIAN_POINT('',(3.202790474517E-03,0.));
#8757 = CARTESIAN_POINT('',(3.202790474517E-03,1.));
#8758 = ( GEOMETRIC_REPRESENTATION_CONTEXT(2) 
PARAMETRIC_REPRESENTATION_CONTEXT() REPRESENTATION_CONTEXT('2D SPACE',''
  ) );
#8759 = PCURVE('',#1563,#8760);
#8760 = DEFINITIONAL_REPRESENTATION('',(#8761),#8764);
#8761 = B_SPLINE_CURVE_WITH_KNOTS('',1,(#8762,#8763),.UNSPECIFIED.,.F.,
  .F.,(2,2),(0.,1.),.PIECEWISE_BEZIER_KNOTS.);
#8762 = CARTESIAN_POINT('',(0.,0.));
#8763 = CARTESIAN_POINT('',(0.,1.));
#8764 = ( GEOMETRIC_REPRESENTATION_CONTEXT(2) 
PARAMETRIC_REPRESENTATION_CONTEXT() REPRESENTATION_CONTEXT('2D SPACE',''
  ) );
#8765 = ORIENTED_EDGE('',*,*,#1520,.F.);
#8766 = ORIENTED_EDGE('',*,*,#8704,.F.);
#8767 = ADVANCED_FACE('',(#8768),#1563,.F.);
#8768 = FACE_BOUND('',#8769,.F.);
#8769 = EDGE_LOOP('',(#8770,#8791,#8809,#8810));
#8770 = ORIENTED_EDGE('',*,*,#8771,.T.);
#8771 = EDGE_CURVE('',#8728,#8772,#8774,.T.);
#8772 = VERTEX_POINT('',#8773);
#8773 = CARTESIAN_POINT('',(11.620898412926,0.,9.292181154747));
#8774 = SURFACE_CURVE('',#8775,(#8779,#8785),.PCURVE_S1.);
#8775 = LINE('',#8776,#8777);
#8776 = CARTESIAN_POINT('',(14.409147586083,0.,10.251734606415));
#8777 = VECTOR('',#8778,1.);
#8778 = DIRECTION('',(-0.945572610589,0.,-0.325411183128));
#8779 = PCURVE('',#1563,#8780);
#8780 = DEFINITIONAL_REPRESENTATION('',(#8781),#8784);
#8781 = B_SPLINE_CURVE_WITH_KNOTS('',1,(#8782,#8783),.UNSPECIFIED.,.F.,
  .F.,(2,2),(0.,2.948741473615),.PIECEWISE_BEZIER_KNOTS.);
#8782 = CARTESIAN_POINT('',(0.,0.));
#8783 = CARTESIAN_POINT('',(2.948741473615E-03,0.));
#8784 = ( GEOMETRIC_REPRESENTATION_CONTEXT(2) 
PARAMETRIC_REPRESENTATION_CONTEXT() REPRESENTATION_CONTEXT('2D SPACE',''
  ) );
#8785 = PCURVE('',#4809,#8786);
#8786 = DEFINITIONAL_REPRESENTATION('',(#8787),#8790);
#8787 = B_SPLINE_CURVE_WITH_KNOTS('',1,(#8788,#8789),.UNSPECIFIED.,.F.,
  .F.,(2,2),(0.,2.948741473615),.PIECEWISE_BEZIER_KNOTS.);
#8788 = CARTESIAN_POINT('',(0.,0.));
#8789 = CARTESIAN_POINT('',(2.948741473615E-03,0.));
#8790 = ( GEOMETRIC_REPRESENTATION_CONTEXT(2) 
PARAMETRIC_REPRESENTATION_CONTEXT() REPRESENTATION_CONTEXT('2D SPACE',''
  ) );
#8791 = ORIENTED_EDGE('',*,*,#8792,.T.);
#8792 = EDGE_CURVE('',#8772,#1548,#8793,.T.);
#8793 = SURFACE_CURVE('',#8794,(#8797,#8803),.PCURVE_S1.);
#8794 = B_SPLINE_CURVE_WITH_KNOTS('',1,(#8795,#8796),.UNSPECIFIED.,.F.,
  .F.,(2,2),(0.,1.),.PIECEWISE_BEZIER_KNOTS.);
#8795 = CARTESIAN_POINT('',(11.620898412926,0.,9.292181154747));
#8796 = CARTESIAN_POINT('',(28.847539047756,700.,42.260754190977));
#8797 = PCURVE('',#1563,#8798);
#8798 = DEFINITIONAL_REPRESENTATION('',(#8799),#8802);
#8799 = B_SPLINE_CURVE_WITH_KNOTS('',1,(#8800,#8801),.UNSPECIFIED.,.F.,
  .F.,(2,2),(0.,1.),.PIECEWISE_BEZIER_KNOTS.);
#8800 = CARTESIAN_POINT('',(2.948741473615E-03,0.));
#8801 = CARTESIAN_POINT('',(2.948741473615E-03,1.));
#8802 = ( GEOMETRIC_REPRESENTATION_CONTEXT(2) 
PARAMETRIC_REPRESENTATION_CONTEXT() REPRESENTATION_CONTEXT('2D SPACE',''
  ) );
#8803 = PCURVE('',#1590,#8804);
#8804 = DEFINITIONAL_REPRESENTATION('',(#8805),#8808);
#8805 = B_SPLINE_CURVE_WITH_KNOTS('',1,(#8806,#8807),.UNSPECIFIED.,.F.,
  .F.,(2,2),(0.,1.),.PIECEWISE_BEZIER_KNOTS.);
#8806 = CARTESIAN_POINT('',(0.,0.));
#8807 = CARTESIAN_POINT('',(0.,1.));
#8808 = ( GEOMETRIC_REPRESENTATION_CONTEXT(2) 
PARAMETRIC_REPRESENTATION_CONTEXT() REPRESENTATION_CONTEXT('2D SPACE',''
  ) );
#8809 = ORIENTED_EDGE('',*,*,#1547,.F.);
#8810 = ORIENTED_EDGE('',*,*,#8748,.F.);
#8811 = ADVANCED_FACE('',(#8812),#1590,.F.);
#8812 = FACE_BOUND('',#8813,.F.);
#8813 = EDGE_LOOP('',(#8814,#8835,#8853,#8854));
#8814 = ORIENTED_EDGE('',*,*,#8815,.T.);
#8815 = EDGE_CURVE('',#8772,#8816,#8818,.T.);
#8816 = VERTEX_POINT('',#8817);
#8817 = CARTESIAN_POINT('',(9.118732201834,0.,8.303165176101));
#8818 = SURFACE_CURVE('',#8819,(#8823,#8829),.PCURVE_S1.);
#8819 = LINE('',#8820,#8821);
#8820 = CARTESIAN_POINT('',(11.620898412926,0.,9.292181154747));
#8821 = VECTOR('',#8822,1.);
#8822 = DIRECTION('',(-0.929987724738,0.,-0.367590576371));
#8823 = PCURVE('',#1590,#8824);
#8824 = DEFINITIONAL_REPRESENTATION('',(#8825),#8828);
#8825 = B_SPLINE_CURVE_WITH_KNOTS('',1,(#8826,#8827),.UNSPECIFIED.,.F.,
  .F.,(2,2),(0.,2.690536815201),.PIECEWISE_BEZIER_KNOTS.);
#8826 = CARTESIAN_POINT('',(0.,0.));
#8827 = CARTESIAN_POINT('',(2.690536815201E-03,0.));
#8828 = ( GEOMETRIC_REPRESENTATION_CONTEXT(2) 
PARAMETRIC_REPRESENTATION_CONTEXT() REPRESENTATION_CONTEXT('2D SPACE',''
  ) );
#8829 = PCURVE('',#4836,#8830);
#8830 = DEFINITIONAL_REPRESENTATION('',(#8831),#8834);
#8831 = B_SPLINE_CURVE_WITH_KNOTS('',1,(#8832,#8833),.UNSPECIFIED.,.F.,
  .F.,(2,2),(0.,2.690536815201),.PIECEWISE_BEZIER_KNOTS.);
#8832 = CARTESIAN_POINT('',(0.,0.));
#8833 = CARTESIAN_POINT('',(2.690536815201E-03,0.));
#8834 = ( GEOMETRIC_REPRESENTATION_CONTEXT(2) 
PARAMETRIC_REPRESENTATION_CONTEXT() REPRESENTATION_CONTEXT('2D SPACE',''
  ) );
#8835 = ORIENTED_EDGE('',*,*,#8836,.T.);
#8836 = EDGE_CURVE('',#8816,#1575,#8837,.T.);
#8837 = SURFACE_CURVE('',#8838,(#8841,#8847),.PCURVE_S1.);
#8838 = B_SPLINE_CURVE_WITH_KNOTS('',1,(#8839,#8840),.UNSPECIFIED.,.F.,
  .F.,(2,2),(0.,1.),.PIECEWISE_BEZIER_KNOTS.);
#8839 = CARTESIAN_POINT('',(9.118732201834,0.,8.303165176101));
#8840 = CARTESIAN_POINT('',(27.3462393211,700.,41.667344603789));
#8841 = PCURVE('',#1590,#8842);
#8842 = DEFINITIONAL_REPRESENTATION('',(#8843),#8846);
#8843 = B_SPLINE_CURVE_WITH_KNOTS('',1,(#8844,#8845),.UNSPECIFIED.,.F.,
  .F.,(2,2),(0.,1.),.PIECEWISE_BEZIER_KNOTS.);
#8844 = CARTESIAN_POINT('',(2.690536815201E-03,0.));
#8845 = CARTESIAN_POINT('',(2.690536815201E-03,1.));
#8846 = ( GEOMETRIC_REPRESENTATION_CONTEXT(2) 
PARAMETRIC_REPRESENTATION_CONTEXT() REPRESENTATION_CONTEXT('2D SPACE',''
  ) );
#8847 = PCURVE('',#1617,#8848);
#8848 = DEFINITIONAL_REPRESENTATION('',(#8849),#8852);
#8849 = B_SPLINE_CURVE_WITH_KNOTS('',1,(#8850,#8851),.UNSPECIFIED.,.F.,
  .F.,(2,2),(0.,1.),.PIECEWISE_BEZIER_KNOTS.);
#8850 = CARTESIAN_POINT('',(0.,0.));
#8851 = CARTESIAN_POINT('',(0.,1.));
#8852 = ( GEOMETRIC_REPRESENTATION_CONTEXT(2) 
PARAMETRIC_REPRESENTATION_CONTEXT() REPRESENTATION_CONTEXT('2D SPACE',''
  ) );
#8853 = ORIENTED_EDGE('',*,*,#1574,.F.);
#8854 = ORIENTED_EDGE('',*,*,#8792,.F.);
#8855 = ADVANCED_FACE('',(#8856),#1617,.F.);
#8856 = FACE_BOUND('',#8857,.F.);
#8857 = EDGE_LOOP('',(#8858,#8879,#8897,#8898));
#8858 = ORIENTED_EDGE('',*,*,#8859,.T.);
#8859 = EDGE_CURVE('',#8816,#8860,#8862,.T.);
#8860 = VERTEX_POINT('',#8861);
#8861 = CARTESIAN_POINT('',(6.909287039184,0.,7.29106414647));
#8862 = SURFACE_CURVE('',#8863,(#8867,#8873),.PCURVE_S1.);
#8863 = LINE('',#8864,#8865);
#8864 = CARTESIAN_POINT('',(9.118732201834,0.,8.303165176101));
#8865 = VECTOR('',#8866,1.);
#8866 = DIRECTION('',(-0.909152290737,0.,-0.416463818655));
#8867 = PCURVE('',#1617,#8868);
#8868 = DEFINITIONAL_REPRESENTATION('',(#8869),#8872);
#8869 = B_SPLINE_CURVE_WITH_KNOTS('',1,(#8870,#8871),.UNSPECIFIED.,.F.,
  .F.,(2,2),(0.,2.430225590544),.PIECEWISE_BEZIER_KNOTS.);
#8870 = CARTESIAN_POINT('',(0.,0.));
#8871 = CARTESIAN_POINT('',(2.430225590544E-03,0.));
#8872 = ( GEOMETRIC_REPRESENTATION_CONTEXT(2) 
PARAMETRIC_REPRESENTATION_CONTEXT() REPRESENTATION_CONTEXT('2D SPACE',''
  ) );
#8873 = PCURVE('',#4863,#8874);
#8874 = DEFINITIONAL_REPRESENTATION('',(#8875),#8878);
#8875 = B_SPLINE_CURVE_WITH_KNOTS('',1,(#8876,#8877),.UNSPECIFIED.,.F.,
  .F.,(2,2),(0.,2.430225590544),.PIECEWISE_BEZIER_KNOTS.);
#8876 = CARTESIAN_POINT('',(0.,0.));
#8877 = CARTESIAN_POINT('',(2.430225590544E-03,0.));
#8878 = ( GEOMETRIC_REPRESENTATION_CONTEXT(2) 
PARAMETRIC_REPRESENTATION_CONTEXT() REPRESENTATION_CONTEXT('2D SPACE',''
  ) );
#8879 = ORIENTED_EDGE('',*,*,#8880,.T.);
#8880 = EDGE_CURVE('',#8860,#1602,#8881,.T.);
#8881 = SURFACE_CURVE('',#8882,(#8885,#8891),.PCURVE_S1.);
#8882 = B_SPLINE_CURVE_WITH_KNOTS('',1,(#8883,#8884),.UNSPECIFIED.,.F.,
  .F.,(2,2),(0.,1.),.PIECEWISE_BEZIER_KNOTS.);
#8883 = CARTESIAN_POINT('',(6.909287039184,0.,7.29106414647));
#8884 = CARTESIAN_POINT('',(26.020572223511,700.,41.060083986011));
#8885 = PCURVE('',#1617,#8886);
#8886 = DEFINITIONAL_REPRESENTATION('',(#8887),#8890);
#8887 = B_SPLINE_CURVE_WITH_KNOTS('',1,(#8888,#8889),.UNSPECIFIED.,.F.,
  .F.,(2,2),(0.,1.),.PIECEWISE_BEZIER_KNOTS.);
#8888 = CARTESIAN_POINT('',(2.430225590544E-03,0.));
#8889 = CARTESIAN_POINT('',(2.430225590544E-03,1.));
#8890 = ( GEOMETRIC_REPRESENTATION_CONTEXT(2) 
PARAMETRIC_REPRESENTATION_CONTEXT() REPRESENTATION_CONTEXT('2D SPACE',''
  ) );
#8891 = PCURVE('',#1644,#8892);
#8892 = DEFINITIONAL_REPRESENTATION('',(#8893),#8896);
#8893 = B_SPLINE_CURVE_WITH_KNOTS('',1,(#8894,#8895),.UNSPECIFIED.,.F.,
  .F.,(2,2),(0.,1.),.PIECEWISE_BEZIER_KNOTS.);
#8894 = CARTESIAN_POINT('',(0.,0.));
#8895 = CARTESIAN_POINT('',(0.,1.));
#8896 = ( GEOMETRIC_REPRESENTATION_CONTEXT(2) 
PARAMETRIC_REPRESENTATION_CONTEXT() REPRESENTATION_CONTEXT('2D SPACE',''
  ) );
#8897 = ORIENTED_EDGE('',*,*,#1601,.F.);
#8898 = ORIENTED_EDGE('',*,*,#8836,.F.);
#8899 = ADVANCED_FACE('',(#8900),#1644,.F.);
#8900 = FACE_BOUND('',#8901,.F.);
#8901 = EDGE_LOOP('',(#8902,#8923,#8941,#8942));
#8902 = ORIENTED_EDGE('',*,*,#8903,.T.);
#8903 = EDGE_CURVE('',#8860,#8904,#8906,.T.);
#8904 = VERTEX_POINT('',#8905);
#8905 = CARTESIAN_POINT('',(4.998257341239,0.,6.261937062782));
#8906 = SURFACE_CURVE('',#8907,(#8911,#8917),.PCURVE_S1.);
#8907 = LINE('',#8908,#8909);
#8908 = CARTESIAN_POINT('',(6.909287039184,0.,7.29106414647));
#8909 = VECTOR('',#8910,1.);
#8910 = DIRECTION('',(-0.88044973384,0.,-0.47413950076));
#8911 = PCURVE('',#1644,#8912);
#8912 = DEFINITIONAL_REPRESENTATION('',(#8913),#8916);
#8913 = B_SPLINE_CURVE_WITH_KNOTS('',1,(#8914,#8915),.UNSPECIFIED.,.F.,
  .F.,(2,2),(0.,2.170515390595),.PIECEWISE_BEZIER_KNOTS.);
#8914 = CARTESIAN_POINT('',(0.,0.));
#8915 = CARTESIAN_POINT('',(2.170515390595E-03,0.));
#8916 = ( GEOMETRIC_REPRESENTATION_CONTEXT(2) 
PARAMETRIC_REPRESENTATION_CONTEXT() REPRESENTATION_CONTEXT('2D SPACE',''
  ) );
#8917 = PCURVE('',#4890,#8918);
#8918 = DEFINITIONAL_REPRESENTATION('',(#8919),#8922);
#8919 = B_SPLINE_CURVE_WITH_KNOTS('',1,(#8920,#8921),.UNSPECIFIED.,.F.,
  .F.,(2,2),(0.,2.170515390595),.PIECEWISE_BEZIER_KNOTS.);
#8920 = CARTESIAN_POINT('',(0.,0.));
#8921 = CARTESIAN_POINT('',(2.170515390595E-03,0.));
#8922 = ( GEOMETRIC_REPRESENTATION_CONTEXT(2) 
PARAMETRIC_REPRESENTATION_CONTEXT() REPRESENTATION_CONTEXT('2D SPACE',''
  ) );
#8923 = ORIENTED_EDGE('',*,*,#8924,.T.);
#8924 = EDGE_CURVE('',#8904,#1629,#8925,.T.);
#8925 = SURFACE_CURVE('',#8926,(#8929,#8935),.PCURVE_S1.);
#8926 = B_SPLINE_CURVE_WITH_KNOTS('',1,(#8927,#8928),.UNSPECIFIED.,.F.,
  .F.,(2,2),(0.,1.),.PIECEWISE_BEZIER_KNOTS.);
#8927 = CARTESIAN_POINT('',(4.998257341239,0.,6.261937062782));
#8928 = CARTESIAN_POINT('',(24.873954404743,700.,40.442607735798));
#8929 = PCURVE('',#1644,#8930);
#8930 = DEFINITIONAL_REPRESENTATION('',(#8931),#8934);
#8931 = B_SPLINE_CURVE_WITH_KNOTS('',1,(#8932,#8933),.UNSPECIFIED.,.F.,
  .F.,(2,2),(0.,1.),.PIECEWISE_BEZIER_KNOTS.);
#8932 = CARTESIAN_POINT('',(2.170515390595E-03,0.));
#8933 = CARTESIAN_POINT('',(2.170515390595E-03,1.));
#8934 = ( GEOMETRIC_REPRESENTATION_CONTEXT(2) 
PARAMETRIC_REPRESENTATION_CONTEXT() REPRESENTATION_CONTEXT('2D SPACE',''
  ) );
#8935 = PCURVE('',#1671,#8936);
#8936 = DEFINITIONAL_REPRESENTATION('',(#8937),#8940);
#8937 = B_SPLINE_CURVE_WITH_KNOTS('',1,(#8938,#8939),.UNSPECIFIED.,.F.,
  .F.,(2,2),(0.,1.),.PIECEWISE_BEZIER_KNOTS.);
#8938 = CARTESIAN_POINT('',(0.,0.));
#8939 = CARTESIAN_POINT('',(0.,1.));
#8940 = ( GEOMETRIC_REPRESENTATION_CONTEXT(2) 
PARAMETRIC_REPRESENTATION_CONTEXT() REPRESENTATION_CONTEXT('2D SPACE',''
  ) );
#8941 = ORIENTED_EDGE('',*,*,#1628,.F.);
#8942 = ORIENTED_EDGE('',*,*,#8880,.F.);
#8943 = ADVANCED_FACE('',(#8944),#1671,.F.);
#8944 = FACE_BOUND('',#8945,.F.);
#8945 = EDGE_LOOP('',(#8946,#8967,#8985,#8986));
#8946 = ORIENTED_EDGE('',*,*,#8947,.T.);
#8947 = EDGE_CURVE('',#8904,#8948,#8950,.T.);
#8948 = VERTEX_POINT('',#8949);
#8949 = CARTESIAN_POINT('',(3.390396219269,0.,5.221401390666));
#8950 = SURFACE_CURVE('',#8951,(#8955,#8961),.PCURVE_S1.);
#8951 = LINE('',#8952,#8953);
#8952 = CARTESIAN_POINT('',(4.998257341239,0.,6.261937062782));
#8953 = VECTOR('',#8954,1.);
#8954 = DIRECTION('',(-0.839533255088,0.,-0.543308304374));
#8955 = PCURVE('',#1671,#8956);
#8956 = DEFINITIONAL_REPRESENTATION('',(#8957),#8960);
#8957 = B_SPLINE_CURVE_WITH_KNOTS('',1,(#8958,#8959),.UNSPECIFIED.,.F.,
  .F.,(2,2),(0.,1.915184553114),.PIECEWISE_BEZIER_KNOTS.);
#8958 = CARTESIAN_POINT('',(0.,0.));
#8959 = CARTESIAN_POINT('',(1.915184553114E-03,0.));
#8960 = ( GEOMETRIC_REPRESENTATION_CONTEXT(2) 
PARAMETRIC_REPRESENTATION_CONTEXT() REPRESENTATION_CONTEXT('2D SPACE',''
  ) );
#8961 = PCURVE('',#4917,#8962);
#8962 = DEFINITIONAL_REPRESENTATION('',(#8963),#8966);
#8963 = B_SPLINE_CURVE_WITH_KNOTS('',1,(#8964,#8965),.UNSPECIFIED.,.F.,
  .F.,(2,2),(0.,1.915184553114),.PIECEWISE_BEZIER_KNOTS.);
#8964 = CARTESIAN_POINT('',(0.,0.));
#8965 = CARTESIAN_POINT('',(1.915184553114E-03,0.));
#8966 = ( GEOMETRIC_REPRESENTATION_CONTEXT(2) 
PARAMETRIC_REPRESENTATION_CONTEXT() REPRESENTATION_CONTEXT('2D SPACE',''
  ) );
#8967 = ORIENTED_EDGE('',*,*,#8968,.T.);
#8968 = EDGE_CURVE('',#8948,#1656,#8969,.T.);
#8969 = SURFACE_CURVE('',#8970,(#8973,#8979),.PCURVE_S1.);
#8970 = B_SPLINE_CURVE_WITH_KNOTS('',1,(#8971,#8972),.UNSPECIFIED.,.F.,
  .F.,(2,2),(0.,1.),.PIECEWISE_BEZIER_KNOTS.);
#8971 = CARTESIAN_POINT('',(3.390396219269,0.,5.221401390666));
#8972 = CARTESIAN_POINT('',(23.909237731561,700.,39.818286332529));
#8973 = PCURVE('',#1671,#8974);
#8974 = DEFINITIONAL_REPRESENTATION('',(#8975),#8978);
#8975 = B_SPLINE_CURVE_WITH_KNOTS('',1,(#8976,#8977),.UNSPECIFIED.,.F.,
  .F.,(2,2),(0.,1.),.PIECEWISE_BEZIER_KNOTS.);
#8976 = CARTESIAN_POINT('',(1.915184553114E-03,0.));
#8977 = CARTESIAN_POINT('',(1.915184553114E-03,1.));
#8978 = ( GEOMETRIC_REPRESENTATION_CONTEXT(2) 
PARAMETRIC_REPRESENTATION_CONTEXT() REPRESENTATION_CONTEXT('2D SPACE',''
  ) );
#8979 = PCURVE('',#1698,#8980);
#8980 = DEFINITIONAL_REPRESENTATION('',(#8981),#8984);
#8981 = B_SPLINE_CURVE_WITH_KNOTS('',1,(#8982,#8983),.UNSPECIFIED.,.F.,
  .F.,(2,2),(0.,1.),.PIECEWISE_BEZIER_KNOTS.);
#8982 = CARTESIAN_POINT('',(0.,0.));
#8983 = CARTESIAN_POINT('',(0.,1.));
#8984 = ( GEOMETRIC_REPRESENTATION_CONTEXT(2) 
PARAMETRIC_REPRESENTATION_CONTEXT() REPRESENTATION_CONTEXT('2D SPACE',''
  ) );
#8985 = ORIENTED_EDGE('',*,*,#1655,.F.);
#8986 = ORIENTED_EDGE('',*,*,#8924,.F.);
#8987 = ADVANCED_FACE('',(#8988),#1698,.F.);
#8988 = FACE_BOUND('',#8989,.F.);
#8989 = EDGE_LOOP('',(#8990,#9011,#9029,#9030));
#8990 = ORIENTED_EDGE('',*,*,#8991,.T.);
#8991 = EDGE_CURVE('',#8948,#8992,#8994,.T.);
#8992 = VERTEX_POINT('',#8993);
#8993 = CARTESIAN_POINT('',(2.089521364962,0.,4.174518791044));
#8994 = SURFACE_CURVE('',#8995,(#8999,#9005),.PCURVE_S1.);
#8995 = LINE('',#8996,#8997);
#8996 = CARTESIAN_POINT('',(3.390396219269,0.,5.221401390666));
#8997 = VECTOR('',#8998,1.);
#8998 = DIRECTION('',(-0.77905936783,0.,-0.626950158622));
#8999 = PCURVE('',#1698,#9000);
#9000 = DEFINITIONAL_REPRESENTATION('',(#9001),#9004);
#9001 = B_SPLINE_CURVE_WITH_KNOTS('',1,(#9002,#9003),.UNSPECIFIED.,.F.,
  .F.,(2,2),(0.,1.669801953514),.PIECEWISE_BEZIER_KNOTS.);
#9002 = CARTESIAN_POINT('',(0.,0.));
#9003 = CARTESIAN_POINT('',(1.669801953514E-03,0.));
#9004 = ( GEOMETRIC_REPRESENTATION_CONTEXT(2) 
PARAMETRIC_REPRESENTATION_CONTEXT() REPRESENTATION_CONTEXT('2D SPACE',''
  ) );
#9005 = PCURVE('',#4944,#9006);
#9006 = DEFINITIONAL_REPRESENTATION('',(#9007),#9010);
#9007 = B_SPLINE_CURVE_WITH_KNOTS('',1,(#9008,#9009),.UNSPECIFIED.,.F.,
  .F.,(2,2),(0.,1.669801953514),.PIECEWISE_BEZIER_KNOTS.);
#9008 = CARTESIAN_POINT('',(0.,0.));
#9009 = CARTESIAN_POINT('',(1.669801953514E-03,0.));
#9010 = ( GEOMETRIC_REPRESENTATION_CONTEXT(2) 
PARAMETRIC_REPRESENTATION_CONTEXT() REPRESENTATION_CONTEXT('2D SPACE',''
  ) );
#9011 = ORIENTED_EDGE('',*,*,#9012,.T.);
#9012 = EDGE_CURVE('',#8992,#1683,#9013,.T.);
#9013 = SURFACE_CURVE('',#9014,(#9017,#9023),.PCURVE_S1.);
#9014 = B_SPLINE_CURVE_WITH_KNOTS('',1,(#9015,#9016),.UNSPECIFIED.,.F.,
  .F.,(2,2),(0.,1.),.PIECEWISE_BEZIER_KNOTS.);
#9015 = CARTESIAN_POINT('',(2.089521364962,0.,4.174518791044));
#9016 = CARTESIAN_POINT('',(23.128712818977,700.,39.190156772755));
#9017 = PCURVE('',#1698,#9018);
#9018 = DEFINITIONAL_REPRESENTATION('',(#9019),#9022);
#9019 = B_SPLINE_CURVE_WITH_KNOTS('',1,(#9020,#9021),.UNSPECIFIED.,.F.,
  .F.,(2,2),(0.,1.),.PIECEWISE_BEZIER_KNOTS.);
#9020 = CARTESIAN_POINT('',(1.669801953514E-03,0.));
#9021 = CARTESIAN_POINT('',(1.669801953514E-03,1.));
#9022 = ( GEOMETRIC_REPRESENTATION_CONTEXT(2) 
PARAMETRIC_REPRESENTATION_CONTEXT() REPRESENTATION_CONTEXT('2D SPACE',''
  ) );
#9023 = PCURVE('',#1725,#9024);
#9024 = DEFINITIONAL_REPRESENTATION('',(#9025),#9028);
#9025 = B_SPLINE_CURVE_WITH_KNOTS('',1,(#9026,#9027),.UNSPECIFIED.,.F.,
  .F.,(2,2),(0.,1.),.PIECEWISE_BEZIER_KNOTS.);
#9026 = CARTESIAN_POINT('',(0.,0.));
#9027 = CARTESIAN_POINT('',(0.,1.));
#9028 = ( GEOMETRIC_REPRESENTATION_CONTEXT(2) 
PARAMETRIC_REPRESENTATION_CONTEXT() REPRESENTATION_CONTEXT('2D SPACE',''
  ) );
#9029 = ORIENTED_EDGE('',*,*,#1682,.F.);
#9030 = ORIENTED_EDGE('',*,*,#8968,.F.);
#9031 = ADVANCED_FACE('',(#9032),#1725,.F.);
#9032 = FACE_BOUND('',#9033,.F.);
#9033 = EDGE_LOOP('',(#9034,#9055,#9073,#9074));
#9034 = ORIENTED_EDGE('',*,*,#9035,.T.);
#9035 = EDGE_CURVE('',#8992,#9036,#9038,.T.);
#9036 = VERTEX_POINT('',#9037);
#9037 = CARTESIAN_POINT('',(1.098523406933,0.,3.12569276368));
#9038 = SURFACE_CURVE('',#9039,(#9043,#9049),.PCURVE_S1.);
#9039 = LINE('',#9040,#9041);
#9040 = CARTESIAN_POINT('',(2.089521364962,0.,4.174518791044));
#9041 = VECTOR('',#9042,1.);
#9042 = DIRECTION('',(-0.686784702266,0.,-0.726860903291));
#9043 = PCURVE('',#1725,#9044);
#9044 = DEFINITIONAL_REPRESENTATION('',(#9045),#9048);
#9045 = B_SPLINE_CURVE_WITH_KNOTS('',1,(#9046,#9047),.UNSPECIFIED.,.F.,
  .F.,(2,2),(0.,1.442952871196),.PIECEWISE_BEZIER_KNOTS.);
#9046 = CARTESIAN_POINT('',(0.,0.));
#9047 = CARTESIAN_POINT('',(1.442952871196E-03,0.));
#9048 = ( GEOMETRIC_REPRESENTATION_CONTEXT(2) 
PARAMETRIC_REPRESENTATION_CONTEXT() REPRESENTATION_CONTEXT('2D SPACE',''
  ) );
#9049 = PCURVE('',#4971,#9050);
#9050 = DEFINITIONAL_REPRESENTATION('',(#9051),#9054);
#9051 = B_SPLINE_CURVE_WITH_KNOTS('',1,(#9052,#9053),.UNSPECIFIED.,.F.,
  .F.,(2,2),(0.,1.442952871196),.PIECEWISE_BEZIER_KNOTS.);
#9052 = CARTESIAN_POINT('',(0.,0.));
#9053 = CARTESIAN_POINT('',(1.442952871196E-03,0.));
#9054 = ( GEOMETRIC_REPRESENTATION_CONTEXT(2) 
PARAMETRIC_REPRESENTATION_CONTEXT() REPRESENTATION_CONTEXT('2D SPACE',''
  ) );
#9055 = ORIENTED_EDGE('',*,*,#9056,.T.);
#9056 = EDGE_CURVE('',#9036,#1710,#9057,.T.);
#9057 = SURFACE_CURVE('',#9058,(#9061,#9067),.PCURVE_S1.);
#9058 = B_SPLINE_CURVE_WITH_KNOTS('',1,(#9059,#9060),.UNSPECIFIED.,.F.,
  .F.,(2,2),(0.,1.),.PIECEWISE_BEZIER_KNOTS.);
#9059 = CARTESIAN_POINT('',(1.098523406933,0.,3.12569276368));
#9060 = CARTESIAN_POINT('',(22.53411404416,700.,38.560861156337));
#9061 = PCURVE('',#1725,#9062);
#9062 = DEFINITIONAL_REPRESENTATION('',(#9063),#9066);
#9063 = B_SPLINE_CURVE_WITH_KNOTS('',1,(#9064,#9065),.UNSPECIFIED.,.F.,
  .F.,(2,2),(0.,1.),.PIECEWISE_BEZIER_KNOTS.);
#9064 = CARTESIAN_POINT('',(1.442952871196E-03,0.));
#9065 = CARTESIAN_POINT('',(1.442952871196E-03,1.));
#9066 = ( GEOMETRIC_REPRESENTATION_CONTEXT(2) 
PARAMETRIC_REPRESENTATION_CONTEXT() REPRESENTATION_CONTEXT('2D SPACE',''
  ) );
#9067 = PCURVE('',#1752,#9068);
#9068 = DEFINITIONAL_REPRESENTATION('',(#9069),#9072);
#9069 = B_SPLINE_CURVE_WITH_KNOTS('',1,(#9070,#9071),.UNSPECIFIED.,.F.,
  .F.,(2,2),(0.,1.),.PIECEWISE_BEZIER_KNOTS.);
#9070 = CARTESIAN_POINT('',(0.,0.));
#9071 = CARTESIAN_POINT('',(0.,1.));
#9072 = ( GEOMETRIC_REPRESENTATION_CONTEXT(2) 
PARAMETRIC_REPRESENTATION_CONTEXT() REPRESENTATION_CONTEXT('2D SPACE',''
  ) );
#9073 = ORIENTED_EDGE('',*,*,#1709,.F.);
#9074 = ORIENTED_EDGE('',*,*,#9012,.F.);
#9075 = ADVANCED_FACE('',(#9076),#1752,.F.);
#9076 = FACE_BOUND('',#9077,.F.);
#9077 = EDGE_LOOP('',(#9078,#9099,#9117,#9118));
#9078 = ORIENTED_EDGE('',*,*,#9079,.T.);
#9079 = EDGE_CURVE('',#9036,#9080,#9082,.T.);
#9080 = VERTEX_POINT('',#9081);
#9081 = CARTESIAN_POINT('',(0.419375717101,0.,2.078581058976));
#9082 = SURFACE_CURVE('',#9083,(#9087,#9093),.PCURVE_S1.);
#9083 = LINE('',#9084,#9085);
#9084 = CARTESIAN_POINT('',(1.098523406933,0.,3.12569276368));
#9085 = VECTOR('',#9086,1.);
#9086 = DIRECTION('',(-0.544157322423,0.,-0.838983199148));
#9087 = PCURVE('',#1752,#9088);
#9088 = DEFINITIONAL_REPRESENTATION('',(#9089),#9092);
#9089 = B_SPLINE_CURVE_WITH_KNOTS('',1,(#9090,#9091),.UNSPECIFIED.,.F.,
  .F.,(2,2),(0.,1.248072316307),.PIECEWISE_BEZIER_KNOTS.);
#9090 = CARTESIAN_POINT('',(0.,0.));
#9091 = CARTESIAN_POINT('',(1.248072316307E-03,0.));
#9092 = ( GEOMETRIC_REPRESENTATION_CONTEXT(2) 
PARAMETRIC_REPRESENTATION_CONTEXT() REPRESENTATION_CONTEXT('2D SPACE',''
  ) );
#9093 = PCURVE('',#4998,#9094);
#9094 = DEFINITIONAL_REPRESENTATION('',(#9095),#9098);
#9095 = B_SPLINE_CURVE_WITH_KNOTS('',1,(#9096,#9097),.UNSPECIFIED.,.F.,
  .F.,(2,2),(0.,1.248072316307),.PIECEWISE_BEZIER_KNOTS.);
#9096 = CARTESIAN_POINT('',(0.,0.));
#9097 = CARTESIAN_POINT('',(1.248072316307E-03,0.));
#9098 = ( GEOMETRIC_REPRESENTATION_CONTEXT(2) 
PARAMETRIC_REPRESENTATION_CONTEXT() REPRESENTATION_CONTEXT('2D SPACE',''
  ) );
#9099 = ORIENTED_EDGE('',*,*,#9100,.T.);
#9100 = EDGE_CURVE('',#9080,#1737,#9101,.T.);
#9101 = SURFACE_CURVE('',#9102,(#9105,#9111),.PCURVE_S1.);
#9102 = B_SPLINE_CURVE_WITH_KNOTS('',1,(#9103,#9104),.UNSPECIFIED.,.F.,
  .F.,(2,2),(0.,1.),.PIECEWISE_BEZIER_KNOTS.);
#9103 = CARTESIAN_POINT('',(0.419375717101,0.,2.078581058976));
#9104 = CARTESIAN_POINT('',(22.12662543026,700.,37.932594133515));
#9105 = PCURVE('',#1752,#9106);
#9106 = DEFINITIONAL_REPRESENTATION('',(#9107),#9110);
#9107 = B_SPLINE_CURVE_WITH_KNOTS('',1,(#9108,#9109),.UNSPECIFIED.,.F.,
  .F.,(2,2),(0.,1.),.PIECEWISE_BEZIER_KNOTS.);
#9108 = CARTESIAN_POINT('',(1.248072316307E-03,0.));
#9109 = CARTESIAN_POINT('',(1.248072316307E-03,1.));
#9110 = ( GEOMETRIC_REPRESENTATION_CONTEXT(2) 
PARAMETRIC_REPRESENTATION_CONTEXT() REPRESENTATION_CONTEXT('2D SPACE',''
  ) );
#9111 = PCURVE('',#1779,#9112);
#9112 = DEFINITIONAL_REPRESENTATION('',(#9113),#9116);
#9113 = B_SPLINE_CURVE_WITH_KNOTS('',1,(#9114,#9115),.UNSPECIFIED.,.F.,
  .F.,(2,2),(0.,1.),.PIECEWISE_BEZIER_KNOTS.);
#9114 = CARTESIAN_POINT('',(0.,0.));
#9115 = CARTESIAN_POINT('',(0.,1.));
#9116 = ( GEOMETRIC_REPRESENTATION_CONTEXT(2) 
PARAMETRIC_REPRESENTATION_CONTEXT() REPRESENTATION_CONTEXT('2D SPACE',''
  ) );
#9117 = ORIENTED_EDGE('',*,*,#1736,.F.);
#9118 = ORIENTED_EDGE('',*,*,#9056,.F.);
#9119 = ADVANCED_FACE('',(#9120),#1779,.F.);
#9120 = FACE_BOUND('',#9121,.F.);
#9121 = EDGE_LOOP('',(#9122,#9143,#9161,#9162));
#9122 = ORIENTED_EDGE('',*,*,#9123,.T.);
#9123 = EDGE_CURVE('',#9080,#9124,#9126,.T.);
#9124 = VERTEX_POINT('',#9125);
#9125 = CARTESIAN_POINT('',(5.314473265355E-02,0.,1.036025326236));
#9126 = SURFACE_CURVE('',#9127,(#9131,#9137),.PCURVE_S1.);
#9127 = LINE('',#9128,#9129);
#9128 = CARTESIAN_POINT('',(0.419375717101,0.,2.078581058976));
#9129 = VECTOR('',#9130,1.);
#9130 = DIRECTION('',(-0.331427689345,0.,-0.943480623402));
#9131 = PCURVE('',#1779,#9132);
#9132 = DEFINITIONAL_REPRESENTATION('',(#9133),#9136);
#9133 = B_SPLINE_CURVE_WITH_KNOTS('',1,(#9134,#9135),.UNSPECIFIED.,.F.,
  .F.,(2,2),(0.,1.105010221599),.PIECEWISE_BEZIER_KNOTS.);
#9134 = CARTESIAN_POINT('',(0.,0.));
#9135 = CARTESIAN_POINT('',(1.105010221599E-03,0.));
#9136 = ( GEOMETRIC_REPRESENTATION_CONTEXT(2) 
PARAMETRIC_REPRESENTATION_CONTEXT() REPRESENTATION_CONTEXT('2D SPACE',''
  ) );
#9137 = PCURVE('',#5025,#9138);
#9138 = DEFINITIONAL_REPRESENTATION('',(#9139),#9142);
#9139 = B_SPLINE_CURVE_WITH_KNOTS('',1,(#9140,#9141),.UNSPECIFIED.,.F.,
  .F.,(2,2),(0.,1.105010221599),.PIECEWISE_BEZIER_KNOTS.);
#9140 = CARTESIAN_POINT('',(0.,0.));
#9141 = CARTESIAN_POINT('',(1.105010221599E-03,0.));
#9142 = ( GEOMETRIC_REPRESENTATION_CONTEXT(2) 
PARAMETRIC_REPRESENTATION_CONTEXT() REPRESENTATION_CONTEXT('2D SPACE',''
  ) );
#9143 = ORIENTED_EDGE('',*,*,#9144,.T.);
#9144 = EDGE_CURVE('',#9124,#1764,#9145,.T.);
#9145 = SURFACE_CURVE('',#9146,(#9149,#9155),.PCURVE_S1.);
#9146 = B_SPLINE_CURVE_WITH_KNOTS('',1,(#9147,#9148),.UNSPECIFIED.,.F.,
  .F.,(2,2),(0.,1.),.PIECEWISE_BEZIER_KNOTS.);
#9147 = CARTESIAN_POINT('',(5.314473265355E-02,0.,1.036025326236));
#9148 = CARTESIAN_POINT('',(21.906886839592,700.,37.307060693871));
#9149 = PCURVE('',#1779,#9150);
#9150 = DEFINITIONAL_REPRESENTATION('',(#9151),#9154);
#9151 = B_SPLINE_CURVE_WITH_KNOTS('',1,(#9152,#9153),.UNSPECIFIED.,.F.,
  .F.,(2,2),(0.,1.),.PIECEWISE_BEZIER_KNOTS.);
#9152 = CARTESIAN_POINT('',(1.105010221599E-03,0.));
#9153 = CARTESIAN_POINT('',(1.105010221599E-03,1.));
#9154 = ( GEOMETRIC_REPRESENTATION_CONTEXT(2) 
PARAMETRIC_REPRESENTATION_CONTEXT() REPRESENTATION_CONTEXT('2D SPACE',''
  ) );
#9155 = PCURVE('',#1806,#9156);
#9156 = DEFINITIONAL_REPRESENTATION('',(#9157),#9160);
#9157 = B_SPLINE_CURVE_WITH_KNOTS('',1,(#9158,#9159),.UNSPECIFIED.,.F.,
  .F.,(2,2),(0.,1.),.PIECEWISE_BEZIER_KNOTS.);
#9158 = CARTESIAN_POINT('',(0.,0.));
#9159 = CARTESIAN_POINT('',(0.,1.));
#9160 = ( GEOMETRIC_REPRESENTATION_CONTEXT(2) 
PARAMETRIC_REPRESENTATION_CONTEXT() REPRESENTATION_CONTEXT('2D SPACE',''
  ) );
#9161 = ORIENTED_EDGE('',*,*,#1763,.F.);
#9162 = ORIENTED_EDGE('',*,*,#9100,.F.);
#9163 = ADVANCED_FACE('',(#9164),#1806,.F.);
#9164 = FACE_BOUND('',#9165,.F.);
#9165 = EDGE_LOOP('',(#9166,#9187,#9205,#9206));
#9166 = ORIENTED_EDGE('',*,*,#9167,.T.);
#9167 = EDGE_CURVE('',#9124,#9168,#9170,.T.);
#9168 = VERTEX_POINT('',#9169);
#9169 = CARTESIAN_POINT('',(0.,0.,0.));
#9170 = SURFACE_CURVE('',#9171,(#9175,#9181),.PCURVE_S1.);
#9171 = LINE('',#9172,#9173);
#9172 = CARTESIAN_POINT('',(5.314473265355E-02,0.,1.036025326236));
#9173 = VECTOR('',#9174,1.);
#9174 = DIRECTION('',(-5.122939336216E-02,0.,-0.998686912529));
#9175 = PCURVE('',#1806,#9176);
#9176 = DEFINITIONAL_REPRESENTATION('',(#9177),#9180);
#9177 = B_SPLINE_CURVE_WITH_KNOTS('',1,(#9178,#9179),.UNSPECIFIED.,.F.,
  .F.,(2,2),(0.,1.037387506775),.PIECEWISE_BEZIER_KNOTS.);
#9178 = CARTESIAN_POINT('',(0.,0.));
#9179 = CARTESIAN_POINT('',(1.037387506775E-03,0.));
#9180 = ( GEOMETRIC_REPRESENTATION_CONTEXT(2) 
PARAMETRIC_REPRESENTATION_CONTEXT() REPRESENTATION_CONTEXT('2D SPACE',''
  ) );
#9181 = PCURVE('',#5052,#9182);
#9182 = DEFINITIONAL_REPRESENTATION('',(#9183),#9186);
#9183 = B_SPLINE_CURVE_WITH_KNOTS('',1,(#9184,#9185),.UNSPECIFIED.,.F.,
  .F.,(2,2),(0.,1.037387506775),.PIECEWISE_BEZIER_KNOTS.);
#9184 = CARTESIAN_POINT('',(0.,0.));
#9185 = CARTESIAN_POINT('',(1.037387506775E-03,0.));
#9186 = ( GEOMETRIC_REPRESENTATION_CONTEXT(2) 
PARAMETRIC_REPRESENTATION_CONTEXT() REPRESENTATION_CONTEXT('2D SPACE',''
  ) );
#9187 = ORIENTED_EDGE('',*,*,#9188,.T.);
#9188 = EDGE_CURVE('',#9168,#1791,#9189,.T.);
#9189 = SURFACE_CURVE('',#9190,(#9193,#9199),.PCURVE_S1.);
#9190 = B_SPLINE_CURVE_WITH_KNOTS('',1,(#9191,#9192),.UNSPECIFIED.,.F.,
  .F.,(2,2),(0.,1.),.PIECEWISE_BEZIER_KNOTS.);
#9191 = CARTESIAN_POINT('',(1.109592231547E-17,0.,1.873733110261E-16));
#9192 = CARTESIAN_POINT('',(21.875,700.,36.685445498129));
#9193 = PCURVE('',#1806,#9194);
#9194 = DEFINITIONAL_REPRESENTATION('',(#9195),#9198);
#9195 = B_SPLINE_CURVE_WITH_KNOTS('',1,(#9196,#9197),.UNSPECIFIED.,.F.,
  .F.,(2,2),(0.,1.),.PIECEWISE_BEZIER_KNOTS.);
#9196 = CARTESIAN_POINT('',(1.037387506775E-03,0.));
#9197 = CARTESIAN_POINT('',(1.037387506775E-03,1.));
#9198 = ( GEOMETRIC_REPRESENTATION_CONTEXT(2) 
PARAMETRIC_REPRESENTATION_CONTEXT() REPRESENTATION_CONTEXT('2D SPACE',''
  ) );
#9199 = PCURVE('',#1833,#9200);
#9200 = DEFINITIONAL_REPRESENTATION('',(#9201),#9204);
#9201 = B_SPLINE_CURVE_WITH_KNOTS('',1,(#9202,#9203),.UNSPECIFIED.,.F.,
  .F.,(2,2),(0.,1.),.PIECEWISE_BEZIER_KNOTS.);
#9202 = CARTESIAN_POINT('',(0.,0.));
#9203 = CARTESIAN_POINT('',(0.,1.));
#9204 = ( GEOMETRIC_REPRESENTATION_CONTEXT(2) 
PARAMETRIC_REPRESENTATION_CONTEXT() REPRESENTATION_CONTEXT('2D SPACE',''
  ) );
#9205 = ORIENTED_EDGE('',*,*,#1790,.F.);
#9206 = ORIENTED_EDGE('',*,*,#9144,.F.);
#9207 = ADVANCED_FACE('',(#9208),#1833,.F.);
#9208 = FACE_BOUND('',#9209,.F.);
#9209 = EDGE_LOOP('',(#9210,#9231,#9249,#9250));
#9210 = ORIENTED_EDGE('',*,*,#9211,.T.);
#9211 = EDGE_CURVE('',#9168,#9212,#9214,.T.);
#9212 = VERTEX_POINT('',#9213);
#9213 = CARTESIAN_POINT('',(0.256890588055,0.,-1.005049257566));
#9214 = SURFACE_CURVE('',#9215,(#9219,#9225),.PCURVE_S1.);
#9215 = LINE('',#9216,#9217);
#9216 = CARTESIAN_POINT('',(0.,0.,0.));
#9217 = VECTOR('',#9218,1.);
#9218 = DIRECTION('',(0.247638685637,0.,-0.968852455937));
#9219 = PCURVE('',#1833,#9220);
#9220 = DEFINITIONAL_REPRESENTATION('',(#9221),#9224);
#9221 = B_SPLINE_CURVE_WITH_KNOTS('',1,(#9222,#9223),.UNSPECIFIED.,.F.,
  .F.,(2,2),(0.,1.037360489109),.PIECEWISE_BEZIER_KNOTS.);
#9222 = CARTESIAN_POINT('',(0.,0.));
#9223 = CARTESIAN_POINT('',(1.037360489109E-03,0.));
#9224 = ( GEOMETRIC_REPRESENTATION_CONTEXT(2) 
PARAMETRIC_REPRESENTATION_CONTEXT() REPRESENTATION_CONTEXT('2D SPACE',''
  ) );
#9225 = PCURVE('',#5079,#9226);
#9226 = DEFINITIONAL_REPRESENTATION('',(#9227),#9230);
#9227 = B_SPLINE_CURVE_WITH_KNOTS('',1,(#9228,#9229),.UNSPECIFIED.,.F.,
  .F.,(2,2),(0.,1.037360489109),.PIECEWISE_BEZIER_KNOTS.);
#9228 = CARTESIAN_POINT('',(0.,0.));
#9229 = CARTESIAN_POINT('',(1.037360489109E-03,0.));
#9230 = ( GEOMETRIC_REPRESENTATION_CONTEXT(2) 
PARAMETRIC_REPRESENTATION_CONTEXT() REPRESENTATION_CONTEXT('2D SPACE',''
  ) );
#9231 = ORIENTED_EDGE('',*,*,#9232,.T.);
#9232 = EDGE_CURVE('',#9212,#1818,#9233,.T.);
#9233 = SURFACE_CURVE('',#9234,(#9237,#9243),.PCURVE_S1.);
#9234 = B_SPLINE_CURVE_WITH_KNOTS('',1,(#9235,#9236),.UNSPECIFIED.,.F.,
  .F.,(2,2),(0.,1.),.PIECEWISE_BEZIER_KNOTS.);
#9235 = CARTESIAN_POINT('',(0.256890588055,0.,-1.005049257566));
#9236 = CARTESIAN_POINT('',(22.029134352833,700.,36.08241594359));
#9237 = PCURVE('',#1833,#9238);
#9238 = DEFINITIONAL_REPRESENTATION('',(#9239),#9242);
#9239 = B_SPLINE_CURVE_WITH_KNOTS('',1,(#9240,#9241),.UNSPECIFIED.,.F.,
  .F.,(2,2),(0.,1.),.PIECEWISE_BEZIER_KNOTS.);
#9240 = CARTESIAN_POINT('',(1.037360489109E-03,0.));
#9241 = CARTESIAN_POINT('',(1.037360489109E-03,1.));
#9242 = ( GEOMETRIC_REPRESENTATION_CONTEXT(2) 
PARAMETRIC_REPRESENTATION_CONTEXT() REPRESENTATION_CONTEXT('2D SPACE',''
  ) );
#9243 = PCURVE('',#1860,#9244);
#9244 = DEFINITIONAL_REPRESENTATION('',(#9245),#9248);
#9245 = B_SPLINE_CURVE_WITH_KNOTS('',1,(#9246,#9247),.UNSPECIFIED.,.F.,
  .F.,(2,2),(0.,1.),.PIECEWISE_BEZIER_KNOTS.);
#9246 = CARTESIAN_POINT('',(0.,0.));
#9247 = CARTESIAN_POINT('',(0.,1.));
#9248 = ( GEOMETRIC_REPRESENTATION_CONTEXT(2) 
PARAMETRIC_REPRESENTATION_CONTEXT() REPRESENTATION_CONTEXT('2D SPACE',''
  ) );
#9249 = ORIENTED_EDGE('',*,*,#1817,.F.);
#9250 = ORIENTED_EDGE('',*,*,#9188,.F.);
#9251 = ADVANCED_FACE('',(#9252),#1860,.F.);
#9252 = FACE_BOUND('',#9253,.F.);
#9253 = EDGE_LOOP('',(#9254,#9275,#9293,#9294));
#9254 = ORIENTED_EDGE('',*,*,#9255,.T.);
#9255 = EDGE_CURVE('',#9212,#9256,#9258,.T.);
#9256 = VERTEX_POINT('',#9257);
#9257 = CARTESIAN_POINT('',(0.819886736932,0.,-1.95509360541));
#9258 = SURFACE_CURVE('',#9259,(#9263,#9269),.PCURVE_S1.);
#9259 = LINE('',#9260,#9261);
#9260 = CARTESIAN_POINT('',(0.256890588055,0.,-1.005049257566));
#9261 = VECTOR('',#9262,1.);
#9262 = DIRECTION('',(0.509807018365,0.,-0.860288791061));
#9263 = PCURVE('',#1860,#9264);
#9264 = DEFINITIONAL_REPRESENTATION('',(#9265),#9268);
#9265 = B_SPLINE_CURVE_WITH_KNOTS('',1,(#9266,#9267),.UNSPECIFIED.,.F.,
  .F.,(2,2),(0.,1.104331891472),.PIECEWISE_BEZIER_KNOTS.);
#9266 = CARTESIAN_POINT('',(0.,0.));
#9267 = CARTESIAN_POINT('',(1.104331891472E-03,0.));
#9268 = ( GEOMETRIC_REPRESENTATION_CONTEXT(2) 
PARAMETRIC_REPRESENTATION_CONTEXT() REPRESENTATION_CONTEXT('2D SPACE',''
  ) );
#9269 = PCURVE('',#5106,#9270);
#9270 = DEFINITIONAL_REPRESENTATION('',(#9271),#9274);
#9271 = B_SPLINE_CURVE_WITH_KNOTS('',1,(#9272,#9273),.UNSPECIFIED.,.F.,
  .F.,(2,2),(0.,1.104331891472),.PIECEWISE_BEZIER_KNOTS.);
#9272 = CARTESIAN_POINT('',(0.,0.));
#9273 = CARTESIAN_POINT('',(1.104331891472E-03,0.));
#9274 = ( GEOMETRIC_REPRESENTATION_CONTEXT(2) 
PARAMETRIC_REPRESENTATION_CONTEXT() REPRESENTATION_CONTEXT('2D SPACE',''
  ) );
#9275 = ORIENTED_EDGE('',*,*,#9276,.T.);
#9276 = EDGE_CURVE('',#9256,#1845,#9277,.T.);
#9277 = SURFACE_CURVE('',#9278,(#9281,#9287),.PCURVE_S1.);
#9278 = B_SPLINE_CURVE_WITH_KNOTS('',1,(#9279,#9280),.UNSPECIFIED.,.F.,
  .F.,(2,2),(0.,1.),.PIECEWISE_BEZIER_KNOTS.);
#9279 = CARTESIAN_POINT('',(0.819886736932,0.,-1.95509360541));
#9280 = CARTESIAN_POINT('',(22.366932042159,700.,35.512389334883));
#9281 = PCURVE('',#1860,#9282);
#9282 = DEFINITIONAL_REPRESENTATION('',(#9283),#9286);
#9283 = B_SPLINE_CURVE_WITH_KNOTS('',1,(#9284,#9285),.UNSPECIFIED.,.F.,
  .F.,(2,2),(0.,1.),.PIECEWISE_BEZIER_KNOTS.);
#9284 = CARTESIAN_POINT('',(1.104331891472E-03,0.));
#9285 = CARTESIAN_POINT('',(1.104331891472E-03,1.));
#9286 = ( GEOMETRIC_REPRESENTATION_CONTEXT(2) 
PARAMETRIC_REPRESENTATION_CONTEXT() REPRESENTATION_CONTEXT('2D SPACE',''
  ) );
#9287 = PCURVE('',#1887,#9288);
#9288 = DEFINITIONAL_REPRESENTATION('',(#9289),#9292);
#9289 = B_SPLINE_CURVE_WITH_KNOTS('',1,(#9290,#9291),.UNSPECIFIED.,.F.,
  .F.,(2,2),(0.,1.),.PIECEWISE_BEZIER_KNOTS.);
#9290 = CARTESIAN_POINT('',(0.,0.));
#9291 = CARTESIAN_POINT('',(0.,1.));
#9292 = ( GEOMETRIC_REPRESENTATION_CONTEXT(2) 
PARAMETRIC_REPRESENTATION_CONTEXT() REPRESENTATION_CONTEXT('2D SPACE',''
  ) );
#9293 = ORIENTED_EDGE('',*,*,#1844,.F.);
#9294 = ORIENTED_EDGE('',*,*,#9232,.F.);
#9295 = ADVANCED_FACE('',(#9296),#1887,.F.);
#9296 = FACE_BOUND('',#9297,.F.);
#9297 = EDGE_LOOP('',(#9298,#9319,#9337,#9338));
#9298 = ORIENTED_EDGE('',*,*,#9299,.T.);
#9299 = EDGE_CURVE('',#9256,#9300,#9302,.T.);
#9300 = VERTEX_POINT('',#9301);
#9301 = CARTESIAN_POINT('',(1.686523997773,0.,-2.849404162937));
#9302 = SURFACE_CURVE('',#9303,(#9307,#9313),.PCURVE_S1.);
#9303 = LINE('',#9304,#9305);
#9304 = CARTESIAN_POINT('',(0.819886736932,0.,-1.95509360541));
#9305 = VECTOR('',#9306,1.);
#9306 = DIRECTION('',(0.695908671495,0.,-0.718130295238));
#9307 = PCURVE('',#1887,#9308);
#9308 = DEFINITIONAL_REPRESENTATION('',(#9309),#9312);
#9309 = B_SPLINE_CURVE_WITH_KNOTS('',1,(#9310,#9311),.UNSPECIFIED.,.F.,
  .F.,(2,2),(0.,1.245331889571),.PIECEWISE_BEZIER_KNOTS.);
#9310 = CARTESIAN_POINT('',(0.,0.));
#9311 = CARTESIAN_POINT('',(1.245331889571E-03,0.));
#9312 = ( GEOMETRIC_REPRESENTATION_CONTEXT(2) 
PARAMETRIC_REPRESENTATION_CONTEXT() REPRESENTATION_CONTEXT('2D SPACE',''
  ) );
#9313 = PCURVE('',#5133,#9314);
#9314 = DEFINITIONAL_REPRESENTATION('',(#9315),#9318);
#9315 = B_SPLINE_CURVE_WITH_KNOTS('',1,(#9316,#9317),.UNSPECIFIED.,.F.,
  .F.,(2,2),(0.,1.245331889571),.PIECEWISE_BEZIER_KNOTS.);
#9316 = CARTESIAN_POINT('',(0.,0.));
#9317 = CARTESIAN_POINT('',(1.245331889571E-03,0.));
#9318 = ( GEOMETRIC_REPRESENTATION_CONTEXT(2) 
PARAMETRIC_REPRESENTATION_CONTEXT() REPRESENTATION_CONTEXT('2D SPACE',''
  ) );
#9319 = ORIENTED_EDGE('',*,*,#9320,.T.);
#9320 = EDGE_CURVE('',#9300,#1872,#9321,.T.);
#9321 = SURFACE_CURVE('',#9322,(#9325,#9331),.PCURVE_S1.);
#9322 = B_SPLINE_CURVE_WITH_KNOTS('',1,(#9323,#9324),.UNSPECIFIED.,.F.,
  .F.,(2,2),(0.,1.),.PIECEWISE_BEZIER_KNOTS.);
#9323 = CARTESIAN_POINT('',(1.686523997773,0.,-2.849404162937));
#9324 = CARTESIAN_POINT('',(22.886914398664,700.,34.975803000367));
#9325 = PCURVE('',#1887,#9326);
#9326 = DEFINITIONAL_REPRESENTATION('',(#9327),#9330);
#9327 = B_SPLINE_CURVE_WITH_KNOTS('',1,(#9328,#9329),.UNSPECIFIED.,.F.,
  .F.,(2,2),(0.,1.),.PIECEWISE_BEZIER_KNOTS.);
#9328 = CARTESIAN_POINT('',(1.245331889571E-03,0.));
#9329 = CARTESIAN_POINT('',(1.245331889571E-03,1.));
#9330 = ( GEOMETRIC_REPRESENTATION_CONTEXT(2) 
PARAMETRIC_REPRESENTATION_CONTEXT() REPRESENTATION_CONTEXT('2D SPACE',''
  ) );
#9331 = PCURVE('',#1914,#9332);
#9332 = DEFINITIONAL_REPRESENTATION('',(#9333),#9336);
#9333 = B_SPLINE_CURVE_WITH_KNOTS('',1,(#9334,#9335),.UNSPECIFIED.,.F.,
  .F.,(2,2),(0.,1.),.PIECEWISE_BEZIER_KNOTS.);
#9334 = CARTESIAN_POINT('',(0.,0.));
#9335 = CARTESIAN_POINT('',(0.,1.));
#9336 = ( GEOMETRIC_REPRESENTATION_CONTEXT(2) 
PARAMETRIC_REPRESENTATION_CONTEXT() REPRESENTATION_CONTEXT('2D SPACE',''
  ) );
#9337 = ORIENTED_EDGE('',*,*,#1871,.F.);
#9338 = ORIENTED_EDGE('',*,*,#9276,.F.);
#9339 = ADVANCED_FACE('',(#9340),#1914,.F.);
#9340 = FACE_BOUND('',#9341,.F.);
#9341 = EDGE_LOOP('',(#9342,#9363,#9381,#9382));
#9342 = ORIENTED_EDGE('',*,*,#9343,.T.);
#9343 = EDGE_CURVE('',#9300,#9344,#9346,.T.);
#9344 = VERTEX_POINT('',#9345);
#9345 = CARTESIAN_POINT('',(2.85348711238,0.,-3.68719889554));
#9346 = SURFACE_CURVE('',#9347,(#9351,#9357),.PCURVE_S1.);
#9347 = LINE('',#9348,#9349);
#9348 = CARTESIAN_POINT('',(1.686523997773,0.,-2.849404162937));
#9349 = VECTOR('',#9350,1.);
#9350 = DIRECTION('',(0.812331958105,0.,-0.583195327348));
#9351 = PCURVE('',#1914,#9352);
#9352 = DEFINITIONAL_REPRESENTATION('',(#9353),#9356);
#9353 = B_SPLINE_CURVE_WITH_KNOTS('',1,(#9354,#9355),.UNSPECIFIED.,.F.,
  .F.,(2,2),(0.,1.436559405257),.PIECEWISE_BEZIER_KNOTS.);
#9354 = CARTESIAN_POINT('',(0.,0.));
#9355 = CARTESIAN_POINT('',(1.436559405257E-03,0.));
#9356 = ( GEOMETRIC_REPRESENTATION_CONTEXT(2) 
PARAMETRIC_REPRESENTATION_CONTEXT() REPRESENTATION_CONTEXT('2D SPACE',''
  ) );
#9357 = PCURVE('',#5160,#9358);
#9358 = DEFINITIONAL_REPRESENTATION('',(#9359),#9362);
#9359 = B_SPLINE_CURVE_WITH_KNOTS('',1,(#9360,#9361),.UNSPECIFIED.,.F.,
  .F.,(2,2),(0.,1.436559405257),.PIECEWISE_BEZIER_KNOTS.);
#9360 = CARTESIAN_POINT('',(0.,0.));
#9361 = CARTESIAN_POINT('',(1.436559405257E-03,0.));
#9362 = ( GEOMETRIC_REPRESENTATION_CONTEXT(2) 
PARAMETRIC_REPRESENTATION_CONTEXT() REPRESENTATION_CONTEXT('2D SPACE',''
  ) );
#9363 = ORIENTED_EDGE('',*,*,#9364,.T.);
#9364 = EDGE_CURVE('',#9344,#1899,#9365,.T.);
#9365 = SURFACE_CURVE('',#9366,(#9369,#9375),.PCURVE_S1.);
#9366 = B_SPLINE_CURVE_WITH_KNOTS('',1,(#9367,#9368),.UNSPECIFIED.,.F.,
  .F.,(2,2),(0.,1.),.PIECEWISE_BEZIER_KNOTS.);
#9367 = CARTESIAN_POINT('',(2.85348711238,0.,-3.68719889554));
#9368 = CARTESIAN_POINT('',(23.587092267428,700.,34.473126160805));
#9369 = PCURVE('',#1914,#9370);
#9370 = DEFINITIONAL_REPRESENTATION('',(#9371),#9374);
#9371 = B_SPLINE_CURVE_WITH_KNOTS('',1,(#9372,#9373),.UNSPECIFIED.,.F.,
  .F.,(2,2),(0.,1.),.PIECEWISE_BEZIER_KNOTS.);
#9372 = CARTESIAN_POINT('',(1.436559405257E-03,0.));
#9373 = CARTESIAN_POINT('',(1.436559405257E-03,1.));
#9374 = ( GEOMETRIC_REPRESENTATION_CONTEXT(2) 
PARAMETRIC_REPRESENTATION_CONTEXT() REPRESENTATION_CONTEXT('2D SPACE',''
  ) );
#9375 = PCURVE('',#1941,#9376);
#9376 = DEFINITIONAL_REPRESENTATION('',(#9377),#9380);
#9377 = B_SPLINE_CURVE_WITH_KNOTS('',1,(#9378,#9379),.UNSPECIFIED.,.F.,
  .F.,(2,2),(0.,1.),.PIECEWISE_BEZIER_KNOTS.);
#9378 = CARTESIAN_POINT('',(0.,0.));
#9379 = CARTESIAN_POINT('',(0.,1.));
#9380 = ( GEOMETRIC_REPRESENTATION_CONTEXT(2) 
PARAMETRIC_REPRESENTATION_CONTEXT() REPRESENTATION_CONTEXT('2D SPACE',''
  ) );
#9381 = ORIENTED_EDGE('',*,*,#1898,.F.);
#9382 = ORIENTED_EDGE('',*,*,#9320,.F.);
#9383 = ADVANCED_FACE('',(#9384),#1941,.F.);
#9384 = FACE_BOUND('',#9385,.F.);
#9385 = EDGE_LOOP('',(#9386,#9407,#9425,#9426));
#9386 = ORIENTED_EDGE('',*,*,#9387,.T.);
#9387 = EDGE_CURVE('',#9344,#9388,#9390,.T.);
#9388 = VERTEX_POINT('',#9389);
#9389 = CARTESIAN_POINT('',(4.316632477556,0.,-4.467669461365));
#9390 = SURFACE_CURVE('',#9391,(#9395,#9401),.PCURVE_S1.);
#9391 = LINE('',#9392,#9393);
#9392 = CARTESIAN_POINT('',(2.85348711238,0.,-3.68719889554));
#9393 = VECTOR('',#9394,1.);
#9394 = DIRECTION('',(0.882321296715,0.,-0.470647563855));
#9395 = PCURVE('',#1941,#9396);
#9396 = DEFINITIONAL_REPRESENTATION('',(#9397),#9400);
#9397 = B_SPLINE_CURVE_WITH_KNOTS('',1,(#9398,#9399),.UNSPECIFIED.,.F.,
  .F.,(2,2),(0.,1.658290886351),.PIECEWISE_BEZIER_KNOTS.);
#9398 = CARTESIAN_POINT('',(0.,0.));
#9399 = CARTESIAN_POINT('',(1.658290886351E-03,0.));
#9400 = ( GEOMETRIC_REPRESENTATION_CONTEXT(2) 
PARAMETRIC_REPRESENTATION_CONTEXT() REPRESENTATION_CONTEXT('2D SPACE',''
  ) );
#9401 = PCURVE('',#5187,#9402);
#9402 = DEFINITIONAL_REPRESENTATION('',(#9403),#9406);
#9403 = B_SPLINE_CURVE_WITH_KNOTS('',1,(#9404,#9405),.UNSPECIFIED.,.F.,
  .F.,(2,2),(0.,1.658290886351),.PIECEWISE_BEZIER_KNOTS.);
#9404 = CARTESIAN_POINT('',(0.,0.));
#9405 = CARTESIAN_POINT('',(1.658290886351E-03,0.));
#9406 = ( GEOMETRIC_REPRESENTATION_CONTEXT(2) 
PARAMETRIC_REPRESENTATION_CONTEXT() REPRESENTATION_CONTEXT('2D SPACE',''
  ) );
#9407 = ORIENTED_EDGE('',*,*,#9408,.T.);
#9408 = EDGE_CURVE('',#9388,#1926,#9409,.T.);
#9409 = SURFACE_CURVE('',#9410,(#9413,#9419),.PCURVE_S1.);
#9410 = B_SPLINE_CURVE_WITH_KNOTS('',1,(#9411,#9412),.UNSPECIFIED.,.F.,
  .F.,(2,2),(0.,1.),.PIECEWISE_BEZIER_KNOTS.);
#9411 = CARTESIAN_POINT('',(4.316632477556,0.,-4.467669461365));
#9412 = CARTESIAN_POINT('',(24.464979486534,700.,34.00484382131));
#9413 = PCURVE('',#1941,#9414);
#9414 = DEFINITIONAL_REPRESENTATION('',(#9415),#9418);
#9415 = B_SPLINE_CURVE_WITH_KNOTS('',1,(#9416,#9417),.UNSPECIFIED.,.F.,
  .F.,(2,2),(0.,1.),.PIECEWISE_BEZIER_KNOTS.);
#9416 = CARTESIAN_POINT('',(1.658290886351E-03,0.));
#9417 = CARTESIAN_POINT('',(1.658290886351E-03,1.));
#9418 = ( GEOMETRIC_REPRESENTATION_CONTEXT(2) 
PARAMETRIC_REPRESENTATION_CONTEXT() REPRESENTATION_CONTEXT('2D SPACE',''
  ) );
#9419 = PCURVE('',#1968,#9420);
#9420 = DEFINITIONAL_REPRESENTATION('',(#9421),#9424);
#9421 = B_SPLINE_CURVE_WITH_KNOTS('',1,(#9422,#9423),.UNSPECIFIED.,.F.,
  .F.,(2,2),(0.,1.),.PIECEWISE_BEZIER_KNOTS.);
#9422 = CARTESIAN_POINT('',(0.,0.));
#9423 = CARTESIAN_POINT('',(0.,1.));
#9424 = ( GEOMETRIC_REPRESENTATION_CONTEXT(2) 
PARAMETRIC_REPRESENTATION_CONTEXT() REPRESENTATION_CONTEXT('2D SPACE',''
  ) );
#9425 = ORIENTED_EDGE('',*,*,#1925,.F.);
#9426 = ORIENTED_EDGE('',*,*,#9364,.F.);
#9427 = ADVANCED_FACE('',(#9428),#1968,.F.);
#9428 = FACE_BOUND('',#9429,.F.);
#9429 = EDGE_LOOP('',(#9430,#9451,#9469,#9470));
#9430 = ORIENTED_EDGE('',*,*,#9431,.T.);
#9431 = EDGE_CURVE('',#9388,#9432,#9434,.T.);
#9432 = VERTEX_POINT('',#9433);
#9433 = CARTESIAN_POINT('',(6.071015806303,0.,-5.190017978889));
#9434 = SURFACE_CURVE('',#9435,(#9439,#9445),.PCURVE_S1.);
#9435 = LINE('',#9436,#9437);
#9436 = CARTESIAN_POINT('',(4.316632477556,0.,-4.467669461365));
#9437 = VECTOR('',#9438,1.);
#9438 = DIRECTION('',(0.924686377845,0.,-0.380729697591));
#9439 = PCURVE('',#1968,#9440);
#9440 = DEFINITIONAL_REPRESENTATION('',(#9441),#9444);
#9441 = B_SPLINE_CURVE_WITH_KNOTS('',1,(#9442,#9443),.UNSPECIFIED.,.F.,
  .F.,(2,2),(0.,1.897273898243),.PIECEWISE_BEZIER_KNOTS.);
#9442 = CARTESIAN_POINT('',(0.,0.));
#9443 = CARTESIAN_POINT('',(1.897273898243E-03,0.));
#9444 = ( GEOMETRIC_REPRESENTATION_CONTEXT(2) 
PARAMETRIC_REPRESENTATION_CONTEXT() REPRESENTATION_CONTEXT('2D SPACE',''
  ) );
#9445 = PCURVE('',#5214,#9446);
#9446 = DEFINITIONAL_REPRESENTATION('',(#9447),#9450);
#9447 = B_SPLINE_CURVE_WITH_KNOTS('',1,(#9448,#9449),.UNSPECIFIED.,.F.,
  .F.,(2,2),(0.,1.897273898243),.PIECEWISE_BEZIER_KNOTS.);
#9448 = CARTESIAN_POINT('',(0.,0.));
#9449 = CARTESIAN_POINT('',(1.897273898243E-03,0.));
#9450 = ( GEOMETRIC_REPRESENTATION_CONTEXT(2) 
PARAMETRIC_REPRESENTATION_CONTEXT() REPRESENTATION_CONTEXT('2D SPACE',''
  ) );
#9451 = ORIENTED_EDGE('',*,*,#9452,.T.);
#9452 = EDGE_CURVE('',#9432,#1953,#9453,.T.);
#9453 = SURFACE_CURVE('',#9454,(#9457,#9463),.PCURVE_S1.);
#9454 = B_SPLINE_CURVE_WITH_KNOTS('',1,(#9455,#9456),.UNSPECIFIED.,.F.,
  .F.,(2,2),(0.,1.),.PIECEWISE_BEZIER_KNOTS.);
#9455 = CARTESIAN_POINT('',(6.071015806303,0.,-5.190017978889));
#9456 = CARTESIAN_POINT('',(25.517609483782,700.,33.571434710795));
#9457 = PCURVE('',#1968,#9458);
#9458 = DEFINITIONAL_REPRESENTATION('',(#9459),#9462);
#9459 = B_SPLINE_CURVE_WITH_KNOTS('',1,(#9460,#9461),.UNSPECIFIED.,.F.,
  .F.,(2,2),(0.,1.),.PIECEWISE_BEZIER_KNOTS.);
#9460 = CARTESIAN_POINT('',(1.897273898243E-03,0.));
#9461 = CARTESIAN_POINT('',(1.897273898243E-03,1.));
#9462 = ( GEOMETRIC_REPRESENTATION_CONTEXT(2) 
PARAMETRIC_REPRESENTATION_CONTEXT() REPRESENTATION_CONTEXT('2D SPACE',''
  ) );
#9463 = PCURVE('',#1995,#9464);
#9464 = DEFINITIONAL_REPRESENTATION('',(#9465),#9468);
#9465 = B_SPLINE_CURVE_WITH_KNOTS('',1,(#9466,#9467),.UNSPECIFIED.,.F.,
  .F.,(2,2),(0.,1.),.PIECEWISE_BEZIER_KNOTS.);
#9466 = CARTESIAN_POINT('',(0.,0.));
#9467 = CARTESIAN_POINT('',(0.,1.));
#9468 = ( GEOMETRIC_REPRESENTATION_CONTEXT(2) 
PARAMETRIC_REPRESENTATION_CONTEXT() REPRESENTATION_CONTEXT('2D SPACE',''
  ) );
#9469 = ORIENTED_EDGE('',*,*,#1952,.F.);
#9470 = ORIENTED_EDGE('',*,*,#9408,.F.);
#9471 = ADVANCED_FACE('',(#9472),#1995,.F.);
#9472 = FACE_BOUND('',#9473,.F.);
#9473 = EDGE_LOOP('',(#9474,#9495,#9513,#9514));
#9474 = ORIENTED_EDGE('',*,*,#9475,.T.);
#9475 = EDGE_CURVE('',#9432,#9476,#9478,.T.);
#9476 = VERTEX_POINT('',#9477);
#9477 = CARTESIAN_POINT('',(8.110924143117,0.,-5.853502097944));
#9478 = SURFACE_CURVE('',#9479,(#9483,#9489),.PCURVE_S1.);
#9479 = LINE('',#9480,#9481);
#9480 = CARTESIAN_POINT('',(6.071015806303,0.,-5.190017978889));
#9481 = VECTOR('',#9482,1.);
#9482 = DIRECTION('',(0.95096362089,0.,-0.309302750948));
#9483 = PCURVE('',#1995,#9484);
#9484 = DEFINITIONAL_REPRESENTATION('',(#9485),#9488);
#9485 = B_SPLINE_CURVE_WITH_KNOTS('',1,(#9486,#9487),.UNSPECIFIED.,.F.,
  .F.,(2,2),(0.,2.145096081494),.PIECEWISE_BEZIER_KNOTS.);
#9486 = CARTESIAN_POINT('',(0.,0.));
#9487 = CARTESIAN_POINT('',(2.145096081494E-03,0.));
#9488 = ( GEOMETRIC_REPRESENTATION_CONTEXT(2) 
PARAMETRIC_REPRESENTATION_CONTEXT() REPRESENTATION_CONTEXT('2D SPACE',''
  ) );
#9489 = PCURVE('',#5241,#9490);
#9490 = DEFINITIONAL_REPRESENTATION('',(#9491),#9494);
#9491 = B_SPLINE_CURVE_WITH_KNOTS('',1,(#9492,#9493),.UNSPECIFIED.,.F.,
  .F.,(2,2),(0.,2.145096081494),.PIECEWISE_BEZIER_KNOTS.);
#9492 = CARTESIAN_POINT('',(0.,0.));
#9493 = CARTESIAN_POINT('',(2.145096081494E-03,0.));
#9494 = ( GEOMETRIC_REPRESENTATION_CONTEXT(2) 
PARAMETRIC_REPRESENTATION_CONTEXT() REPRESENTATION_CONTEXT('2D SPACE',''
  ) );
#9495 = ORIENTED_EDGE('',*,*,#9496,.T.);
#9496 = EDGE_CURVE('',#9476,#1980,#9497,.T.);
#9497 = SURFACE_CURVE('',#9498,(#9501,#9507),.PCURVE_S1.);
#9498 = B_SPLINE_CURVE_WITH_KNOTS('',1,(#9499,#9500),.UNSPECIFIED.,.F.,
  .F.,(2,2),(0.,1.),.PIECEWISE_BEZIER_KNOTS.);
#9499 = CARTESIAN_POINT('',(8.110924143117,0.,-5.853502097944));
#9500 = CARTESIAN_POINT('',(26.74155448587,700.,33.173344239363));
#9501 = PCURVE('',#1995,#9502);
#9502 = DEFINITIONAL_REPRESENTATION('',(#9503),#9506);
#9503 = B_SPLINE_CURVE_WITH_KNOTS('',1,(#9504,#9505),.UNSPECIFIED.,.F.,
  .F.,(2,2),(0.,1.),.PIECEWISE_BEZIER_KNOTS.);
#9504 = CARTESIAN_POINT('',(2.145096081494E-03,0.));
#9505 = CARTESIAN_POINT('',(2.145096081494E-03,1.));
#9506 = ( GEOMETRIC_REPRESENTATION_CONTEXT(2) 
PARAMETRIC_REPRESENTATION_CONTEXT() REPRESENTATION_CONTEXT('2D SPACE',''
  ) );
#9507 = PCURVE('',#2022,#9508);
#9508 = DEFINITIONAL_REPRESENTATION('',(#9509),#9512);
#9509 = B_SPLINE_CURVE_WITH_KNOTS('',1,(#9510,#9511),.UNSPECIFIED.,.F.,
  .F.,(2,2),(0.,1.),.PIECEWISE_BEZIER_KNOTS.);
#9510 = CARTESIAN_POINT('',(0.,0.));
#9511 = CARTESIAN_POINT('',(0.,1.));
#9512 = ( GEOMETRIC_REPRESENTATION_CONTEXT(2) 
PARAMETRIC_REPRESENTATION_CONTEXT() REPRESENTATION_CONTEXT('2D SPACE',''
  ) );
#9513 = ORIENTED_EDGE('',*,*,#1979,.F.);
#9514 = ORIENTED_EDGE('',*,*,#9452,.F.);
#9515 = ADVANCED_FACE('',(#9516),#2022,.F.);
#9516 = FACE_BOUND('',#9517,.F.);
#9517 = EDGE_LOOP('',(#9518,#9539,#9557,#9558));
#9518 = ORIENTED_EDGE('',*,*,#9519,.T.);
#9519 = EDGE_CURVE('',#9476,#9520,#9522,.T.);
#9520 = VERTEX_POINT('',#9521);
#9521 = CARTESIAN_POINT('',(10.429911236154,0.,-6.457486392378));
#9522 = SURFACE_CURVE('',#9523,(#9527,#9533),.PCURVE_S1.);
#9523 = LINE('',#9524,#9525);
#9524 = CARTESIAN_POINT('',(8.110924143117,0.,-5.853502097944));
#9525 = VECTOR('',#9526,1.);
#9526 = DIRECTION('',(0.967715949317,0.,-0.25204333246));
#9527 = PCURVE('',#2022,#9528);
#9528 = DEFINITIONAL_REPRESENTATION('',(#9529),#9532);
#9529 = B_SPLINE_CURVE_WITH_KNOTS('',1,(#9530,#9531),.UNSPECIFIED.,.F.,
  .F.,(2,2),(0.,2.396351010515),.PIECEWISE_BEZIER_KNOTS.);
#9530 = CARTESIAN_POINT('',(0.,0.));
#9531 = CARTESIAN_POINT('',(2.396351010515E-03,0.));
#9532 = ( GEOMETRIC_REPRESENTATION_CONTEXT(2) 
PARAMETRIC_REPRESENTATION_CONTEXT() REPRESENTATION_CONTEXT('2D SPACE',''
  ) );
#9533 = PCURVE('',#5268,#9534);
#9534 = DEFINITIONAL_REPRESENTATION('',(#9535),#9538);
#9535 = B_SPLINE_CURVE_WITH_KNOTS('',1,(#9536,#9537),.UNSPECIFIED.,.F.,
  .F.,(2,2),(0.,2.396351010515),.PIECEWISE_BEZIER_KNOTS.);
#9536 = CARTESIAN_POINT('',(0.,0.));
#9537 = CARTESIAN_POINT('',(2.396351010515E-03,0.));
#9538 = ( GEOMETRIC_REPRESENTATION_CONTEXT(2) 
PARAMETRIC_REPRESENTATION_CONTEXT() REPRESENTATION_CONTEXT('2D SPACE',''
  ) );
#9539 = ORIENTED_EDGE('',*,*,#9540,.T.);
#9540 = EDGE_CURVE('',#9520,#2007,#9541,.T.);
#9541 = SURFACE_CURVE('',#9542,(#9545,#9551),.PCURVE_S1.);
#9542 = B_SPLINE_CURVE_WITH_KNOTS('',1,(#9543,#9544),.UNSPECIFIED.,.F.,
  .F.,(2,2),(0.,1.),.PIECEWISE_BEZIER_KNOTS.);
#9543 = CARTESIAN_POINT('',(10.429911236154,0.,-6.457486392378));
#9544 = CARTESIAN_POINT('',(28.132946741692,700.,32.810953662702));
#9545 = PCURVE('',#2022,#9546);
#9546 = DEFINITIONAL_REPRESENTATION('',(#9547),#9550);
#9547 = B_SPLINE_CURVE_WITH_KNOTS('',1,(#9548,#9549),.UNSPECIFIED.,.F.,
  .F.,(2,2),(0.,1.),.PIECEWISE_BEZIER_KNOTS.);
#9548 = CARTESIAN_POINT('',(2.396351010515E-03,0.));
#9549 = CARTESIAN_POINT('',(2.396351010515E-03,1.));
#9550 = ( GEOMETRIC_REPRESENTATION_CONTEXT(2) 
PARAMETRIC_REPRESENTATION_CONTEXT() REPRESENTATION_CONTEXT('2D SPACE',''
  ) );
#9551 = PCURVE('',#2049,#9552);
#9552 = DEFINITIONAL_REPRESENTATION('',(#9553),#9556);
#9553 = B_SPLINE_CURVE_WITH_KNOTS('',1,(#9554,#9555),.UNSPECIFIED.,.F.,
  .F.,(2,2),(0.,1.),.PIECEWISE_BEZIER_KNOTS.);
#9554 = CARTESIAN_POINT('',(0.,0.));
#9555 = CARTESIAN_POINT('',(0.,1.));
#9556 = ( GEOMETRIC_REPRESENTATION_CONTEXT(2) 
PARAMETRIC_REPRESENTATION_CONTEXT() REPRESENTATION_CONTEXT('2D SPACE',''
  ) );
#9557 = ORIENTED_EDGE('',*,*,#2006,.F.);
#9558 = ORIENTED_EDGE('',*,*,#9496,.F.);
#9559 = ADVANCED_FACE('',(#9560),#2049,.F.);
#9560 = FACE_BOUND('',#9561,.F.);
#9561 = EDGE_LOOP('',(#9562,#9583,#9601,#9602));
#9562 = ORIENTED_EDGE('',*,*,#9563,.T.);
#9563 = EDGE_CURVE('',#9520,#9564,#9566,.T.);
#9564 = VERTEX_POINT('',#9565);
#9565 = CARTESIAN_POINT('',(13.020835168449,0.,-7.001497806294));
#9566 = SURFACE_CURVE('',#9567,(#9571,#9577),.PCURVE_S1.);
#9567 = LINE('',#9568,#9569);
#9568 = CARTESIAN_POINT('',(10.429911236154,0.,-6.457486392378));
#9569 = VECTOR('',#9570,1.);
#9570 = DIRECTION('',(0.978659772345,0.,-0.205487347529));
#9571 = PCURVE('',#2049,#9572);
#9572 = DEFINITIONAL_REPRESENTATION('',(#9573),#9576);
#9573 = B_SPLINE_CURVE_WITH_KNOTS('',1,(#9574,#9575),.UNSPECIFIED.,.F.,
  .F.,(2,2),(0.,2.647420488213),.PIECEWISE_BEZIER_KNOTS.);
#9574 = CARTESIAN_POINT('',(0.,0.));
#9575 = CARTESIAN_POINT('',(2.647420488213E-03,0.));
#9576 = ( GEOMETRIC_REPRESENTATION_CONTEXT(2) 
PARAMETRIC_REPRESENTATION_CONTEXT() REPRESENTATION_CONTEXT('2D SPACE',''
  ) );
#9577 = PCURVE('',#5295,#9578);
#9578 = DEFINITIONAL_REPRESENTATION('',(#9579),#9582);
#9579 = B_SPLINE_CURVE_WITH_KNOTS('',1,(#9580,#9581),.UNSPECIFIED.,.F.,
  .F.,(2,2),(0.,2.647420488213),.PIECEWISE_BEZIER_KNOTS.);
#9580 = CARTESIAN_POINT('',(0.,0.));
#9581 = CARTESIAN_POINT('',(2.647420488213E-03,0.));
#9582 = ( GEOMETRIC_REPRESENTATION_CONTEXT(2) 
PARAMETRIC_REPRESENTATION_CONTEXT() REPRESENTATION_CONTEXT('2D SPACE',''
  ) );
#9583 = ORIENTED_EDGE('',*,*,#9584,.T.);
#9584 = EDGE_CURVE('',#9564,#2034,#9585,.T.);
#9585 = SURFACE_CURVE('',#9586,(#9589,#9595),.PCURVE_S1.);
#9586 = B_SPLINE_CURVE_WITH_KNOTS('',1,(#9587,#9588),.UNSPECIFIED.,.F.,
  .F.,(2,2),(0.,1.),.PIECEWISE_BEZIER_KNOTS.);
#9587 = CARTESIAN_POINT('',(13.020835168449,0.,-7.001497806294));
#9588 = CARTESIAN_POINT('',(29.687501101069,700.,32.484546814352));
#9589 = PCURVE('',#2049,#9590);
#9590 = DEFINITIONAL_REPRESENTATION('',(#9591),#9594);
#9591 = B_SPLINE_CURVE_WITH_KNOTS('',1,(#9592,#9593),.UNSPECIFIED.,.F.,
  .F.,(2,2),(0.,1.),.PIECEWISE_BEZIER_KNOTS.);
#9592 = CARTESIAN_POINT('',(2.647420488213E-03,0.));
#9593 = CARTESIAN_POINT('',(2.647420488213E-03,1.));
#9594 = ( GEOMETRIC_REPRESENTATION_CONTEXT(2) 
PARAMETRIC_REPRESENTATION_CONTEXT() REPRESENTATION_CONTEXT('2D SPACE',''
  ) );
#9595 = PCURVE('',#2076,#9596);
#9596 = DEFINITIONAL_REPRESENTATION('',(#9597),#9600);
#9597 = B_SPLINE_CURVE_WITH_KNOTS('',1,(#9598,#9599),.UNSPECIFIED.,.F.,
  .F.,(2,2),(0.,1.),.PIECEWISE_BEZIER_KNOTS.);
#9598 = CARTESIAN_POINT('',(0.,0.));
#9599 = CARTESIAN_POINT('',(0.,1.));
#9600 = ( GEOMETRIC_REPRESENTATION_CONTEXT(2) 
PARAMETRIC_REPRESENTATION_CONTEXT() REPRESENTATION_CONTEXT('2D SPACE',''
  ) );
#9601 = ORIENTED_EDGE('',*,*,#2033,.F.);
#9602 = ORIENTED_EDGE('',*,*,#9540,.F.);
#9603 = ADVANCED_FACE('',(#9604),#2076,.F.);
#9604 = FACE_BOUND('',#9605,.F.);
#9605 = EDGE_LOOP('',(#9606,#9627,#9645,#9646));
#9606 = ORIENTED_EDGE('',*,*,#9607,.T.);
#9607 = EDGE_CURVE('',#9564,#9608,#9610,.T.);
#9608 = VERTEX_POINT('',#9609);
#9609 = CARTESIAN_POINT('',(15.875897109022,0.,-7.485282688957));
#9610 = SURFACE_CURVE('',#9611,(#9615,#9621),.PCURVE_S1.);
#9611 = LINE('',#9612,#9613);
#9612 = CARTESIAN_POINT('',(13.020835168449,0.,-7.001497806294));
#9613 = VECTOR('',#9614,1.);
#9614 = DIRECTION('',(0.985945607411,0.,-0.1670666311));
#9615 = PCURVE('',#2076,#9616);
#9616 = DEFINITIONAL_REPRESENTATION('',(#9617),#9620);
#9617 = B_SPLINE_CURVE_WITH_KNOTS('',1,(#9618,#9619),.UNSPECIFIED.,.F.,
  .F.,(2,2),(0.,2.895760089718),.PIECEWISE_BEZIER_KNOTS.);
#9618 = CARTESIAN_POINT('',(0.,0.));
#9619 = CARTESIAN_POINT('',(2.895760089718E-03,0.));
#9620 = ( GEOMETRIC_REPRESENTATION_CONTEXT(2) 
PARAMETRIC_REPRESENTATION_CONTEXT() REPRESENTATION_CONTEXT('2D SPACE',''
  ) );
#9621 = PCURVE('',#5322,#9622);
#9622 = DEFINITIONAL_REPRESENTATION('',(#9623),#9626);
#9623 = B_SPLINE_CURVE_WITH_KNOTS('',1,(#9624,#9625),.UNSPECIFIED.,.F.,
  .F.,(2,2),(0.,2.895760089718),.PIECEWISE_BEZIER_KNOTS.);
#9624 = CARTESIAN_POINT('',(0.,0.));
#9625 = CARTESIAN_POINT('',(2.895760089718E-03,0.));
#9626 = ( GEOMETRIC_REPRESENTATION_CONTEXT(2) 
PARAMETRIC_REPRESENTATION_CONTEXT() REPRESENTATION_CONTEXT('2D SPACE',''
  ) );
#9627 = ORIENTED_EDGE('',*,*,#9628,.T.);
#9628 = EDGE_CURVE('',#9608,#2061,#9629,.T.);
#9629 = SURFACE_CURVE('',#9630,(#9633,#9639),.PCURVE_S1.);
#9630 = B_SPLINE_CURVE_WITH_KNOTS('',1,(#9631,#9632),.UNSPECIFIED.,.F.,
  .F.,(2,2),(0.,1.),.PIECEWISE_BEZIER_KNOTS.);
#9631 = CARTESIAN_POINT('',(15.875897109022,0.,-7.485282688957));
#9632 = CARTESIAN_POINT('',(31.400538265413,700.,32.194275884755));
#9633 = PCURVE('',#2076,#9634);
#9634 = DEFINITIONAL_REPRESENTATION('',(#9635),#9638);
#9635 = B_SPLINE_CURVE_WITH_KNOTS('',1,(#9636,#9637),.UNSPECIFIED.,.F.,
  .F.,(2,2),(0.,1.),.PIECEWISE_BEZIER_KNOTS.);
#9636 = CARTESIAN_POINT('',(2.895760089718E-03,0.));
#9637 = CARTESIAN_POINT('',(2.895760089718E-03,1.));
#9638 = ( GEOMETRIC_REPRESENTATION_CONTEXT(2) 
PARAMETRIC_REPRESENTATION_CONTEXT() REPRESENTATION_CONTEXT('2D SPACE',''
  ) );
#9639 = PCURVE('',#2103,#9640);
#9640 = DEFINITIONAL_REPRESENTATION('',(#9641),#9644);
#9641 = B_SPLINE_CURVE_WITH_KNOTS('',1,(#9642,#9643),.UNSPECIFIED.,.F.,
  .F.,(2,2),(0.,1.),.PIECEWISE_BEZIER_KNOTS.);
#9642 = CARTESIAN_POINT('',(0.,0.));
#9643 = CARTESIAN_POINT('',(0.,1.));
#9644 = ( GEOMETRIC_REPRESENTATION_CONTEXT(2) 
PARAMETRIC_REPRESENTATION_CONTEXT() REPRESENTATION_CONTEXT('2D SPACE',''
  ) );
#9645 = ORIENTED_EDGE('',*,*,#2060,.F.);
#9646 = ORIENTED_EDGE('',*,*,#9584,.F.);
#9647 = ADVANCED_FACE('',(#9648),#2103,.F.);
#9648 = FACE_BOUND('',#9649,.F.);
#9649 = EDGE_LOOP('',(#9650,#9671,#9689,#9690));
#9650 = ORIENTED_EDGE('',*,*,#9651,.T.);
#9651 = EDGE_CURVE('',#9608,#9652,#9654,.T.);
#9652 = VERTEX_POINT('',#9653);
#9653 = CARTESIAN_POINT('',(18.986680064464,0.,-7.908862854368));
#9654 = SURFACE_CURVE('',#9655,(#9659,#9665),.PCURVE_S1.);
#9655 = LINE('',#9656,#9657);
#9656 = CARTESIAN_POINT('',(15.875897109022,0.,-7.485282688957));
#9657 = VECTOR('',#9658,1.);
#9658 = DIRECTION('',(0.990856481133,0.,-0.134920101527));
#9659 = PCURVE('',#2103,#9660);
#9660 = DEFINITIONAL_REPRESENTATION('',(#9661),#9664);
#9661 = B_SPLINE_CURVE_WITH_KNOTS('',1,(#9662,#9663),.UNSPECIFIED.,.F.,
  .F.,(2,2),(0.,3.139488931722),.PIECEWISE_BEZIER_KNOTS.);
#9662 = CARTESIAN_POINT('',(0.,0.));
#9663 = CARTESIAN_POINT('',(3.139488931722E-03,0.));
#9664 = ( GEOMETRIC_REPRESENTATION_CONTEXT(2) 
PARAMETRIC_REPRESENTATION_CONTEXT() REPRESENTATION_CONTEXT('2D SPACE',''
  ) );
#9665 = PCURVE('',#5349,#9666);
#9666 = DEFINITIONAL_REPRESENTATION('',(#9667),#9670);
#9667 = B_SPLINE_CURVE_WITH_KNOTS('',1,(#9668,#9669),.UNSPECIFIED.,.F.,
  .F.,(2,2),(0.,3.139488931722),.PIECEWISE_BEZIER_KNOTS.);
#9668 = CARTESIAN_POINT('',(0.,0.));
#9669 = CARTESIAN_POINT('',(3.139488931722E-03,0.));
#9670 = ( GEOMETRIC_REPRESENTATION_CONTEXT(2) 
PARAMETRIC_REPRESENTATION_CONTEXT() REPRESENTATION_CONTEXT('2D SPACE',''
  ) );
#9671 = ORIENTED_EDGE('',*,*,#9672,.T.);
#9672 = EDGE_CURVE('',#9652,#2088,#9673,.T.);
#9673 = SURFACE_CURVE('',#9674,(#9677,#9683),.PCURVE_S1.);
#9674 = B_SPLINE_CURVE_WITH_KNOTS('',1,(#9675,#9676),.UNSPECIFIED.,.F.,
  .F.,(2,2),(0.,1.),.PIECEWISE_BEZIER_KNOTS.);
#9675 = CARTESIAN_POINT('',(18.986680064464,0.,-7.908862854368));
#9676 = CARTESIAN_POINT('',(33.267008038679,700.,31.940127785508));
#9677 = PCURVE('',#2103,#9678);
#9678 = DEFINITIONAL_REPRESENTATION('',(#9679),#9682);
#9679 = B_SPLINE_CURVE_WITH_KNOTS('',1,(#9680,#9681),.UNSPECIFIED.,.F.,
  .F.,(2,2),(0.,1.),.PIECEWISE_BEZIER_KNOTS.);
#9680 = CARTESIAN_POINT('',(3.139488931722E-03,0.));
#9681 = CARTESIAN_POINT('',(3.139488931722E-03,1.));
#9682 = ( GEOMETRIC_REPRESENTATION_CONTEXT(2) 
PARAMETRIC_REPRESENTATION_CONTEXT() REPRESENTATION_CONTEXT('2D SPACE',''
  ) );
#9683 = PCURVE('',#2130,#9684);
#9684 = DEFINITIONAL_REPRESENTATION('',(#9685),#9688);
#9685 = B_SPLINE_CURVE_WITH_KNOTS('',1,(#9686,#9687),.UNSPECIFIED.,.F.,
  .F.,(2,2),(0.,1.),.PIECEWISE_BEZIER_KNOTS.);
#9686 = CARTESIAN_POINT('',(0.,0.));
#9687 = CARTESIAN_POINT('',(0.,1.));
#9688 = ( GEOMETRIC_REPRESENTATION_CONTEXT(2) 
PARAMETRIC_REPRESENTATION_CONTEXT() REPRESENTATION_CONTEXT('2D SPACE',''
  ) );
#9689 = ORIENTED_EDGE('',*,*,#2087,.F.);
#9690 = ORIENTED_EDGE('',*,*,#9628,.F.);
#9691 = ADVANCED_FACE('',(#9692),#2130,.F.);
#9692 = FACE_BOUND('',#9693,.F.);
#9693 = EDGE_LOOP('',(#9694,#9715,#9733,#9734));
#9694 = ORIENTED_EDGE('',*,*,#9695,.T.);
#9695 = EDGE_CURVE('',#9652,#9696,#9698,.T.);
#9696 = VERTEX_POINT('',#9697);
#9697 = CARTESIAN_POINT('',(22.344186590734,0.,-8.27258810444));
#9698 = SURFACE_CURVE('',#9699,(#9703,#9709),.PCURVE_S1.);
#9699 = LINE('',#9700,#9701);
#9700 = CARTESIAN_POINT('',(18.986680064464,0.,-7.908862854368));
#9701 = VECTOR('',#9702,1.);
#9702 = DIRECTION('',(0.994183242135,0.,-0.10770181548));
#9703 = PCURVE('',#2130,#9704);
#9704 = DEFINITIONAL_REPRESENTATION('',(#9705),#9708);
#9705 = B_SPLINE_CURVE_WITH_KNOTS('',1,(#9706,#9707),.UNSPECIFIED.,.F.,
  .F.,(2,2),(0.,3.377150593546),.PIECEWISE_BEZIER_KNOTS.);
#9706 = CARTESIAN_POINT('',(0.,0.));
#9707 = CARTESIAN_POINT('',(3.377150593546E-03,0.));
#9708 = ( GEOMETRIC_REPRESENTATION_CONTEXT(2) 
PARAMETRIC_REPRESENTATION_CONTEXT() REPRESENTATION_CONTEXT('2D SPACE',''
  ) );
#9709 = PCURVE('',#5376,#9710);
#9710 = DEFINITIONAL_REPRESENTATION('',(#9711),#9714);
#9711 = B_SPLINE_CURVE_WITH_KNOTS('',1,(#9712,#9713),.UNSPECIFIED.,.F.,
  .F.,(2,2),(0.,3.377150593546),.PIECEWISE_BEZIER_KNOTS.);
#9712 = CARTESIAN_POINT('',(0.,0.));
#9713 = CARTESIAN_POINT('',(3.377150593546E-03,0.));
#9714 = ( GEOMETRIC_REPRESENTATION_CONTEXT(2) 
PARAMETRIC_REPRESENTATION_CONTEXT() REPRESENTATION_CONTEXT('2D SPACE',''
  ) );
#9715 = ORIENTED_EDGE('',*,*,#9716,.T.);
#9716 = EDGE_CURVE('',#9696,#2115,#9717,.T.);
#9717 = SURFACE_CURVE('',#9718,(#9721,#9727),.PCURVE_S1.);
#9718 = B_SPLINE_CURVE_WITH_KNOTS('',1,(#9719,#9720),.UNSPECIFIED.,.F.,
  .F.,(2,2),(0.,1.),.PIECEWISE_BEZIER_KNOTS.);
#9719 = CARTESIAN_POINT('',(22.344186590734,0.,-8.27258810444));
#9720 = CARTESIAN_POINT('',(35.281511954441,700.,31.721892635465));
#9721 = PCURVE('',#2130,#9722);
#9722 = DEFINITIONAL_REPRESENTATION('',(#9723),#9726);
#9723 = B_SPLINE_CURVE_WITH_KNOTS('',1,(#9724,#9725),.UNSPECIFIED.,.F.,
  .F.,(2,2),(0.,1.),.PIECEWISE_BEZIER_KNOTS.);
#9724 = CARTESIAN_POINT('',(3.377150593546E-03,0.));
#9725 = CARTESIAN_POINT('',(3.377150593546E-03,1.));
#9726 = ( GEOMETRIC_REPRESENTATION_CONTEXT(2) 
PARAMETRIC_REPRESENTATION_CONTEXT() REPRESENTATION_CONTEXT('2D SPACE',''
  ) );
#9727 = PCURVE('',#2157,#9728);
#9728 = DEFINITIONAL_REPRESENTATION('',(#9729),#9732);
#9729 = B_SPLINE_CURVE_WITH_KNOTS('',1,(#9730,#9731),.UNSPECIFIED.,.F.,
  .F.,(2,2),(0.,1.),.PIECEWISE_BEZIER_KNOTS.);
#9730 = CARTESIAN_POINT('',(0.,0.));
#9731 = CARTESIAN_POINT('',(0.,1.));
#9732 = ( GEOMETRIC_REPRESENTATION_CONTEXT(2) 
PARAMETRIC_REPRESENTATION_CONTEXT() REPRESENTATION_CONTEXT('2D SPACE',''
  ) );
#9733 = ORIENTED_EDGE('',*,*,#2114,.F.);
#9734 = ORIENTED_EDGE('',*,*,#9672,.F.);
#9735 = ADVANCED_FACE('',(#9736),#2157,.F.);
#9736 = FACE_BOUND('',#9737,.F.);
#9737 = EDGE_LOOP('',(#9738,#9759,#9777,#9778));
#9738 = ORIENTED_EDGE('',*,*,#9739,.T.);
#9739 = EDGE_CURVE('',#9696,#9740,#9742,.T.);
#9740 = VERTEX_POINT('',#9741);
#9741 = CARTESIAN_POINT('',(25.938874558264,0.,-8.577182760277));
#9742 = SURFACE_CURVE('',#9743,(#9747,#9753),.PCURVE_S1.);
#9743 = LINE('',#9744,#9745);
#9744 = CARTESIAN_POINT('',(22.344186590734,0.,-8.27258810444));
#9745 = VECTOR('',#9746,1.);
#9746 = DIRECTION('',(0.99642923586,0.,-8.443209060273E-02));
#9747 = PCURVE('',#2157,#9748);
#9748 = DEFINITIONAL_REPRESENTATION('',(#9749),#9752);
#9749 = B_SPLINE_CURVE_WITH_KNOTS('',1,(#9750,#9751),.UNSPECIFIED.,.F.,
  .F.,(2,2),(0.,3.607569748219),.PIECEWISE_BEZIER_KNOTS.);
#9750 = CARTESIAN_POINT('',(0.,0.));
#9751 = CARTESIAN_POINT('',(3.607569748219E-03,0.));
#9752 = ( GEOMETRIC_REPRESENTATION_CONTEXT(2) 
PARAMETRIC_REPRESENTATION_CONTEXT() REPRESENTATION_CONTEXT('2D SPACE',''
  ) );
#9753 = PCURVE('',#5403,#9754);
#9754 = DEFINITIONAL_REPRESENTATION('',(#9755),#9758);
#9755 = B_SPLINE_CURVE_WITH_KNOTS('',1,(#9756,#9757),.UNSPECIFIED.,.F.,
  .F.,(2,2),(0.,3.607569748219),.PIECEWISE_BEZIER_KNOTS.);
#9756 = CARTESIAN_POINT('',(0.,0.));
#9757 = CARTESIAN_POINT('',(3.607569748219E-03,0.));
#9758 = ( GEOMETRIC_REPRESENTATION_CONTEXT(2) 
PARAMETRIC_REPRESENTATION_CONTEXT() REPRESENTATION_CONTEXT('2D SPACE',''
  ) );
#9759 = ORIENTED_EDGE('',*,*,#9760,.T.);
#9760 = EDGE_CURVE('',#9740,#2142,#9761,.T.);
#9761 = SURFACE_CURVE('',#9762,(#9765,#9771),.PCURVE_S1.);
#9762 = B_SPLINE_CURVE_WITH_KNOTS('',1,(#9763,#9764),.UNSPECIFIED.,.F.,
  .F.,(2,2),(0.,1.),.PIECEWISE_BEZIER_KNOTS.);
#9763 = CARTESIAN_POINT('',(25.938874558264,0.,-8.577182760277));
#9764 = CARTESIAN_POINT('',(37.438324734958,700.,31.539135841962));
#9765 = PCURVE('',#2157,#9766);
#9766 = DEFINITIONAL_REPRESENTATION('',(#9767),#9770);
#9767 = B_SPLINE_CURVE_WITH_KNOTS('',1,(#9768,#9769),.UNSPECIFIED.,.F.,
  .F.,(2,2),(0.,1.),.PIECEWISE_BEZIER_KNOTS.);
#9768 = CARTESIAN_POINT('',(3.607569748219E-03,0.));
#9769 = CARTESIAN_POINT('',(3.607569748219E-03,1.));
#9770 = ( GEOMETRIC_REPRESENTATION_CONTEXT(2) 
PARAMETRIC_REPRESENTATION_CONTEXT() REPRESENTATION_CONTEXT('2D SPACE',''
  ) );
#9771 = PCURVE('',#2184,#9772);
#9772 = DEFINITIONAL_REPRESENTATION('',(#9773),#9776);
#9773 = B_SPLINE_CURVE_WITH_KNOTS('',1,(#9774,#9775),.UNSPECIFIED.,.F.,
  .F.,(2,2),(0.,1.),.PIECEWISE_BEZIER_KNOTS.);
#9774 = CARTESIAN_POINT('',(0.,0.));
#9775 = CARTESIAN_POINT('',(0.,1.));
#9776 = ( GEOMETRIC_REPRESENTATION_CONTEXT(2) 
PARAMETRIC_REPRESENTATION_CONTEXT() REPRESENTATION_CONTEXT('2D SPACE',''
  ) );
#9777 = ORIENTED_EDGE('',*,*,#2141,.F.);
#9778 = ORIENTED_EDGE('',*,*,#9716,.F.);
#9779 = ADVANCED_FACE('',(#9780),#2184,.F.);
#9780 = FACE_BOUND('',#9781,.F.);
#9781 = EDGE_LOOP('',(#9782,#9803,#9821,#9822));
#9782 = ORIENTED_EDGE('',*,*,#9783,.T.);
#9783 = EDGE_CURVE('',#9740,#9784,#9786,.T.);
#9784 = VERTEX_POINT('',#9785);
#9785 = CARTESIAN_POINT('',(29.760690242794,0.,-8.823783950771));
#9786 = SURFACE_CURVE('',#9787,(#9791,#9797),.PCURVE_S1.);
#9787 = LINE('',#9788,#9789);
#9788 = CARTESIAN_POINT('',(25.938874558264,0.,-8.577182760277));
#9789 = VECTOR('',#9790,1.);
#9790 = DIRECTION('',(0.99792476477,0.,-6.439071251176E-02));
#9791 = PCURVE('',#2184,#9792);
#9792 = DEFINITIONAL_REPRESENTATION('',(#9793),#9796);
#9793 = B_SPLINE_CURVE_WITH_KNOTS('',1,(#9794,#9795),.UNSPECIFIED.,.F.,
  .F.,(2,2),(0.,3.829763344343),.PIECEWISE_BEZIER_KNOTS.);
#9794 = CARTESIAN_POINT('',(0.,0.));
#9795 = CARTESIAN_POINT('',(3.829763344343E-03,0.));
#9796 = ( GEOMETRIC_REPRESENTATION_CONTEXT(2) 
PARAMETRIC_REPRESENTATION_CONTEXT() REPRESENTATION_CONTEXT('2D SPACE',''
  ) );
#9797 = PCURVE('',#5430,#9798);
#9798 = DEFINITIONAL_REPRESENTATION('',(#9799),#9802);
#9799 = B_SPLINE_CURVE_WITH_KNOTS('',1,(#9800,#9801),.UNSPECIFIED.,.F.,
  .F.,(2,2),(0.,3.829763344343),.PIECEWISE_BEZIER_KNOTS.);
#9800 = CARTESIAN_POINT('',(0.,0.));
#9801 = CARTESIAN_POINT('',(3.829763344343E-03,0.));
#9802 = ( GEOMETRIC_REPRESENTATION_CONTEXT(2) 
PARAMETRIC_REPRESENTATION_CONTEXT() REPRESENTATION_CONTEXT('2D SPACE',''
  ) );
#9803 = ORIENTED_EDGE('',*,*,#9804,.T.);
#9804 = EDGE_CURVE('',#9784,#2169,#9805,.T.);
#9805 = SURFACE_CURVE('',#9806,(#9809,#9815),.PCURVE_S1.);
#9806 = B_SPLINE_CURVE_WITH_KNOTS('',1,(#9807,#9808),.UNSPECIFIED.,.F.,
  .F.,(2,2),(0.,1.),.PIECEWISE_BEZIER_KNOTS.);
#9807 = CARTESIAN_POINT('',(29.760690242794,0.,-8.823783950771));
#9808 = CARTESIAN_POINT('',(39.731414145676,700.,31.391175127666));
#9809 = PCURVE('',#2184,#9810);
#9810 = DEFINITIONAL_REPRESENTATION('',(#9811),#9814);
#9811 = B_SPLINE_CURVE_WITH_KNOTS('',1,(#9812,#9813),.UNSPECIFIED.,.F.,
  .F.,(2,2),(0.,1.),.PIECEWISE_BEZIER_KNOTS.);
#9812 = CARTESIAN_POINT('',(3.829763344343E-03,0.));
#9813 = CARTESIAN_POINT('',(3.829763344343E-03,1.));
#9814 = ( GEOMETRIC_REPRESENTATION_CONTEXT(2) 
PARAMETRIC_REPRESENTATION_CONTEXT() REPRESENTATION_CONTEXT('2D SPACE',''
  ) );
#9815 = PCURVE('',#2211,#9816);
#9816 = DEFINITIONAL_REPRESENTATION('',(#9817),#9820);
#9817 = B_SPLINE_CURVE_WITH_KNOTS('',1,(#9818,#9819),.UNSPECIFIED.,.F.,
  .F.,(2,2),(0.,1.),.PIECEWISE_BEZIER_KNOTS.);
#9818 = CARTESIAN_POINT('',(0.,0.));
#9819 = CARTESIAN_POINT('',(0.,1.));
#9820 = ( GEOMETRIC_REPRESENTATION_CONTEXT(2) 
PARAMETRIC_REPRESENTATION_CONTEXT() REPRESENTATION_CONTEXT('2D SPACE',''
  ) );
#9821 = ORIENTED_EDGE('',*,*,#2168,.F.);
#9822 = ORIENTED_EDGE('',*,*,#9760,.F.);
#9823 = ADVANCED_FACE('',(#9824),#2211,.F.);
#9824 = FACE_BOUND('',#9825,.F.);
#9825 = EDGE_LOOP('',(#9826,#9847,#9865,#9866));
#9826 = ORIENTED_EDGE('',*,*,#9827,.T.);
#9827 = EDGE_CURVE('',#9784,#9828,#9830,.T.);
#9828 = VERTEX_POINT('',#9829);
#9829 = CARTESIAN_POINT('',(33.799098228672,0.,-9.013969704136));
#9830 = SURFACE_CURVE('',#9831,(#9835,#9841),.PCURVE_S1.);
#9831 = LINE('',#9832,#9833);
#9832 = CARTESIAN_POINT('',(29.760690242794,0.,-8.823783950771));
#9833 = VECTOR('',#9834,1.);
#9834 = DIRECTION('',(0.998892907496,0.,-4.704210193897E-02));
#9835 = PCURVE('',#2211,#9836);
#9836 = DEFINITIONAL_REPRESENTATION('',(#9837),#9840);
#9837 = B_SPLINE_CURVE_WITH_KNOTS('',1,(#9838,#9839),.UNSPECIFIED.,.F.,
  .F.,(2,2),(0.,4.042883832265),.PIECEWISE_BEZIER_KNOTS.);
#9838 = CARTESIAN_POINT('',(0.,0.));
#9839 = CARTESIAN_POINT('',(4.042883832265E-03,0.));
#9840 = ( GEOMETRIC_REPRESENTATION_CONTEXT(2) 
PARAMETRIC_REPRESENTATION_CONTEXT() REPRESENTATION_CONTEXT('2D SPACE',''
  ) );
#9841 = PCURVE('',#5457,#9842);
#9842 = DEFINITIONAL_REPRESENTATION('',(#9843),#9846);
#9843 = B_SPLINE_CURVE_WITH_KNOTS('',1,(#9844,#9845),.UNSPECIFIED.,.F.,
  .F.,(2,2),(0.,4.042883832265),.PIECEWISE_BEZIER_KNOTS.);
#9844 = CARTESIAN_POINT('',(0.,0.));
#9845 = CARTESIAN_POINT('',(4.042883832265E-03,0.));
#9846 = ( GEOMETRIC_REPRESENTATION_CONTEXT(2) 
PARAMETRIC_REPRESENTATION_CONTEXT() REPRESENTATION_CONTEXT('2D SPACE',''
  ) );
#9847 = ORIENTED_EDGE('',*,*,#9848,.T.);
#9848 = EDGE_CURVE('',#9828,#2196,#9849,.T.);
#9849 = SURFACE_CURVE('',#9850,(#9853,#9859),.PCURVE_S1.);
#9850 = B_SPLINE_CURVE_WITH_KNOTS('',1,(#9851,#9852),.UNSPECIFIED.,.F.,
  .F.,(2,2),(0.,1.),.PIECEWISE_BEZIER_KNOTS.);
#9851 = CARTESIAN_POINT('',(33.799098228672,0.,-9.013969704136));
#9852 = CARTESIAN_POINT('',(42.154458937203,700.,31.277063675647));
#9853 = PCURVE('',#2211,#9854);
#9854 = DEFINITIONAL_REPRESENTATION('',(#9855),#9858);
#9855 = B_SPLINE_CURVE_WITH_KNOTS('',1,(#9856,#9857),.UNSPECIFIED.,.F.,
  .F.,(2,2),(0.,1.),.PIECEWISE_BEZIER_KNOTS.);
#9856 = CARTESIAN_POINT('',(4.042883832265E-03,0.));
#9857 = CARTESIAN_POINT('',(4.042883832265E-03,1.));
#9858 = ( GEOMETRIC_REPRESENTATION_CONTEXT(2) 
PARAMETRIC_REPRESENTATION_CONTEXT() REPRESENTATION_CONTEXT('2D SPACE',''
  ) );
#9859 = PCURVE('',#2238,#9860);
#9860 = DEFINITIONAL_REPRESENTATION('',(#9861),#9864);
#9861 = B_SPLINE_CURVE_WITH_KNOTS('',1,(#9862,#9863),.UNSPECIFIED.,.F.,
  .F.,(2,2),(0.,1.),.PIECEWISE_BEZIER_KNOTS.);
#9862 = CARTESIAN_POINT('',(0.,0.));
#9863 = CARTESIAN_POINT('',(0.,1.));
#9864 = ( GEOMETRIC_REPRESENTATION_CONTEXT(2) 
PARAMETRIC_REPRESENTATION_CONTEXT() REPRESENTATION_CONTEXT('2D SPACE',''
  ) );
#9865 = ORIENTED_EDGE('',*,*,#2195,.F.);
#9866 = ORIENTED_EDGE('',*,*,#9804,.F.);
#9867 = ADVANCED_FACE('',(#9868),#2238,.F.);
#9868 = FACE_BOUND('',#9869,.F.);
#9869 = EDGE_LOOP('',(#9870,#9891,#9909,#9910));
#9870 = ORIENTED_EDGE('',*,*,#9871,.T.);
#9871 = EDGE_CURVE('',#9828,#9872,#9874,.T.);
#9872 = VERTEX_POINT('',#9873);
#9873 = CARTESIAN_POINT('',(38.043107847798,0.,-9.149775264884));
#9874 = SURFACE_CURVE('',#9875,(#9879,#9885),.PCURVE_S1.);
#9875 = LINE('',#9876,#9877);
#9876 = CARTESIAN_POINT('',(33.799098228672,0.,-9.013969704136));
#9877 = VECTOR('',#9878,1.);
#9878 = DIRECTION('',(0.999488413562,0.,-3.198298228487E-02));
#9879 = PCURVE('',#2238,#9880);
#9880 = DEFINITIONAL_REPRESENTATION('',(#9881),#9884);
#9881 = B_SPLINE_CURVE_WITH_KNOTS('',1,(#9882,#9883),.UNSPECIFIED.,.F.,
  .F.,(2,2),(0.,4.246181908205),.PIECEWISE_BEZIER_KNOTS.);
#9882 = CARTESIAN_POINT('',(0.,0.));
#9883 = CARTESIAN_POINT('',(4.246181908205E-03,0.));
#9884 = ( GEOMETRIC_REPRESENTATION_CONTEXT(2) 
PARAMETRIC_REPRESENTATION_CONTEXT() REPRESENTATION_CONTEXT('2D SPACE',''
  ) );
#9885 = PCURVE('',#5484,#9886);
#9886 = DEFINITIONAL_REPRESENTATION('',(#9887),#9890);
#9887 = B_SPLINE_CURVE_WITH_KNOTS('',1,(#9888,#9889),.UNSPECIFIED.,.F.,
  .F.,(2,2),(0.,4.246181908205),.PIECEWISE_BEZIER_KNOTS.);
#9888 = CARTESIAN_POINT('',(0.,0.));
#9889 = CARTESIAN_POINT('',(4.246181908205E-03,0.));
#9890 = ( GEOMETRIC_REPRESENTATION_CONTEXT(2) 
PARAMETRIC_REPRESENTATION_CONTEXT() REPRESENTATION_CONTEXT('2D SPACE',''
  ) );
#9891 = ORIENTED_EDGE('',*,*,#9892,.T.);
#9892 = EDGE_CURVE('',#9872,#2223,#9893,.T.);
#9893 = SURFACE_CURVE('',#9894,(#9897,#9903),.PCURVE_S1.);
#9894 = B_SPLINE_CURVE_WITH_KNOTS('',1,(#9895,#9896),.UNSPECIFIED.,.F.,
  .F.,(2,2),(0.,1.),.PIECEWISE_BEZIER_KNOTS.);
#9895 = CARTESIAN_POINT('',(38.043107847798,0.,-9.149775264884));
#9896 = CARTESIAN_POINT('',(44.700864708679,700.,31.195580339198));
#9897 = PCURVE('',#2238,#9898);
#9898 = DEFINITIONAL_REPRESENTATION('',(#9899),#9902);
#9899 = B_SPLINE_CURVE_WITH_KNOTS('',1,(#9900,#9901),.UNSPECIFIED.,.F.,
  .F.,(2,2),(0.,1.),.PIECEWISE_BEZIER_KNOTS.);
#9900 = CARTESIAN_POINT('',(4.246181908205E-03,0.));
#9901 = CARTESIAN_POINT('',(4.246181908205E-03,1.));
#9902 = ( GEOMETRIC_REPRESENTATION_CONTEXT(2) 
PARAMETRIC_REPRESENTATION_CONTEXT() REPRESENTATION_CONTEXT('2D SPACE',''
  ) );
#9903 = PCURVE('',#2265,#9904);
#9904 = DEFINITIONAL_REPRESENTATION('',(#9905),#9908);
#9905 = B_SPLINE_CURVE_WITH_KNOTS('',1,(#9906,#9907),.UNSPECIFIED.,.F.,
  .F.,(2,2),(0.,1.),.PIECEWISE_BEZIER_KNOTS.);
#9906 = CARTESIAN_POINT('',(0.,0.));
#9907 = CARTESIAN_POINT('',(0.,1.));
#9908 = ( GEOMETRIC_REPRESENTATION_CONTEXT(2) 
PARAMETRIC_REPRESENTATION_CONTEXT() REPRESENTATION_CONTEXT('2D SPACE',''
  ) );
#9909 = ORIENTED_EDGE('',*,*,#2222,.F.);
#9910 = ORIENTED_EDGE('',*,*,#9848,.F.);
#9911 = ADVANCED_FACE('',(#9912),#2265,.F.);
#9912 = FACE_BOUND('',#9913,.F.);
#9913 = EDGE_LOOP('',(#9914,#9935,#9953,#9954));
#9914 = ORIENTED_EDGE('',*,*,#9915,.T.);
#9915 = EDGE_CURVE('',#9872,#9916,#9918,.T.);
#9916 = VERTEX_POINT('',#9917);
#9917 = CARTESIAN_POINT('',(42.481296121958,0.,-9.233696501539));
#9918 = SURFACE_CURVE('',#9919,(#9923,#9929),.PCURVE_S1.);
#9919 = LINE('',#9920,#9921);
#9920 = CARTESIAN_POINT('',(38.043107847798,0.,-9.149775264884));
#9921 = VECTOR('',#9922,1.);
#9922 = DIRECTION('',(0.999821274768,0.,-1.890551563585E-02));
#9923 = PCURVE('',#2265,#9924);
#9924 = DEFINITIONAL_REPRESENTATION('',(#9925),#9928);
#9925 = B_SPLINE_CURVE_WITH_KNOTS('',1,(#9926,#9927),.UNSPECIFIED.,.F.,
  .F.,(2,2),(0.,4.438981632183),.PIECEWISE_BEZIER_KNOTS.);
#9926 = CARTESIAN_POINT('',(0.,0.));
#9927 = CARTESIAN_POINT('',(4.438981632183E-03,0.));
#9928 = ( GEOMETRIC_REPRESENTATION_CONTEXT(2) 
PARAMETRIC_REPRESENTATION_CONTEXT() REPRESENTATION_CONTEXT('2D SPACE',''
  ) );
#9929 = PCURVE('',#5511,#9930);
#9930 = DEFINITIONAL_REPRESENTATION('',(#9931),#9934);
#9931 = B_SPLINE_CURVE_WITH_KNOTS('',1,(#9932,#9933),.UNSPECIFIED.,.F.,
  .F.,(2,2),(0.,4.438981632183),.PIECEWISE_BEZIER_KNOTS.);
#9932 = CARTESIAN_POINT('',(0.,0.));
#9933 = CARTESIAN_POINT('',(4.438981632183E-03,0.));
#9934 = ( GEOMETRIC_REPRESENTATION_CONTEXT(2) 
PARAMETRIC_REPRESENTATION_CONTEXT() REPRESENTATION_CONTEXT('2D SPACE',''
  ) );
#9935 = ORIENTED_EDGE('',*,*,#9936,.T.);
#9936 = EDGE_CURVE('',#9916,#2250,#9937,.T.);
#9937 = SURFACE_CURVE('',#9938,(#9941,#9947),.PCURVE_S1.);
#9938 = B_SPLINE_CURVE_WITH_KNOTS('',1,(#9939,#9940),.UNSPECIFIED.,.F.,
  .F.,(2,2),(0.,1.),.PIECEWISE_BEZIER_KNOTS.);
#9939 = CARTESIAN_POINT('',(42.481296121958,0.,-9.233696501539));
#9940 = CARTESIAN_POINT('',(47.363777673175,700.,31.145227597206));
#9941 = PCURVE('',#2265,#9942);
#9942 = DEFINITIONAL_REPRESENTATION('',(#9943),#9946);
#9943 = B_SPLINE_CURVE_WITH_KNOTS('',1,(#9944,#9945),.UNSPECIFIED.,.F.,
  .F.,(2,2),(0.,1.),.PIECEWISE_BEZIER_KNOTS.);
#9944 = CARTESIAN_POINT('',(4.438981632183E-03,0.));
#9945 = CARTESIAN_POINT('',(4.438981632183E-03,1.));
#9946 = ( GEOMETRIC_REPRESENTATION_CONTEXT(2) 
PARAMETRIC_REPRESENTATION_CONTEXT() REPRESENTATION_CONTEXT('2D SPACE',''
  ) );
#9947 = PCURVE('',#2292,#9948);
#9948 = DEFINITIONAL_REPRESENTATION('',(#9949),#9952);
#9949 = B_SPLINE_CURVE_WITH_KNOTS('',1,(#9950,#9951),.UNSPECIFIED.,.F.,
  .F.,(2,2),(0.,1.),.PIECEWISE_BEZIER_KNOTS.);
#9950 = CARTESIAN_POINT('',(0.,0.));
#9951 = CARTESIAN_POINT('',(0.,1.));
#9952 = ( GEOMETRIC_REPRESENTATION_CONTEXT(2) 
PARAMETRIC_REPRESENTATION_CONTEXT() REPRESENTATION_CONTEXT('2D SPACE',''
  ) );
#9953 = ORIENTED_EDGE('',*,*,#2249,.F.);
#9954 = ORIENTED_EDGE('',*,*,#9892,.F.);
#9955 = ADVANCED_FACE('',(#9956),#2292,.F.);
#9956 = FACE_BOUND('',#9957,.F.);
#9957 = EDGE_LOOP('',(#9958,#9979,#9997,#9998));
#9958 = ORIENTED_EDGE('',*,*,#9959,.T.);
#9959 = EDGE_CURVE('',#9916,#9960,#9962,.T.);
#9960 = VERTEX_POINT('',#9961);
#9961 = CARTESIAN_POINT('',(47.101827414624,0.,-9.268679761603));
#9962 = SURFACE_CURVE('',#9963,(#9967,#9973),.PCURVE_S1.);
#9963 = LINE('',#9964,#9965);
#9964 = CARTESIAN_POINT('',(42.481296121958,0.,-9.233696501539));
#9965 = VECTOR('',#9966,1.);
#9966 = DIRECTION('',(0.999971339216,0.,-7.571046531489E-03));
#9967 = PCURVE('',#2292,#9968);
#9968 = DEFINITIONAL_REPRESENTATION('',(#9969),#9972);
#9969 = B_SPLINE_CURVE_WITH_KNOTS('',1,(#9970,#9971),.UNSPECIFIED.,.F.,
  .F.,(2,2),(0.,4.620663724508),.PIECEWISE_BEZIER_KNOTS.);
#9970 = CARTESIAN_POINT('',(0.,0.));
#9971 = CARTESIAN_POINT('',(4.620663724508E-03,0.));
#9972 = ( GEOMETRIC_REPRESENTATION_CONTEXT(2) 
PARAMETRIC_REPRESENTATION_CONTEXT() REPRESENTATION_CONTEXT('2D SPACE',''
  ) );
#9973 = PCURVE('',#5538,#9974);
#9974 = DEFINITIONAL_REPRESENTATION('',(#9975),#9978);
#9975 = B_SPLINE_CURVE_WITH_KNOTS('',1,(#9976,#9977),.UNSPECIFIED.,.F.,
  .F.,(2,2),(0.,4.620663724508),.PIECEWISE_BEZIER_KNOTS.);
#9976 = CARTESIAN_POINT('',(0.,0.));
#9977 = CARTESIAN_POINT('',(4.620663724508E-03,0.));
#9978 = ( GEOMETRIC_REPRESENTATION_CONTEXT(2) 
PARAMETRIC_REPRESENTATION_CONTEXT() REPRESENTATION_CONTEXT('2D SPACE',''
  ) );
#9979 = ORIENTED_EDGE('',*,*,#9980,.T.);
#9980 = EDGE_CURVE('',#9960,#2277,#9981,.T.);
#9981 = SURFACE_CURVE('',#9982,(#9985,#9991),.PCURVE_S1.);
#9982 = B_SPLINE_CURVE_WITH_KNOTS('',1,(#9983,#9984),.UNSPECIFIED.,.F.,
  .F.,(2,2),(0.,1.),.PIECEWISE_BEZIER_KNOTS.);
#9983 = CARTESIAN_POINT('',(47.101827414624,0.,-9.268679761603));
#9984 = CARTESIAN_POINT('',(50.136096448774,700.,31.124237641167));
#9985 = PCURVE('',#2292,#9986);
#9986 = DEFINITIONAL_REPRESENTATION('',(#9987),#9990);
#9987 = B_SPLINE_CURVE_WITH_KNOTS('',1,(#9988,#9989),.UNSPECIFIED.,.F.,
  .F.,(2,2),(0.,1.),.PIECEWISE_BEZIER_KNOTS.);
#9988 = CARTESIAN_POINT('',(4.620663724508E-03,0.));
#9989 = CARTESIAN_POINT('',(4.620663724508E-03,1.));
#9990 = ( GEOMETRIC_REPRESENTATION_CONTEXT(2) 
PARAMETRIC_REPRESENTATION_CONTEXT() REPRESENTATION_CONTEXT('2D SPACE',''
  ) );
#9991 = PCURVE('',#2319,#9992);
#9992 = DEFINITIONAL_REPRESENTATION('',(#9993),#9996);
#9993 = B_SPLINE_CURVE_WITH_KNOTS('',1,(#9994,#9995),.UNSPECIFIED.,.F.,
  .F.,(2,2),(0.,1.),.PIECEWISE_BEZIER_KNOTS.);
#9994 = CARTESIAN_POINT('',(0.,0.));
#9995 = CARTESIAN_POINT('',(0.,1.));
#9996 = ( GEOMETRIC_REPRESENTATION_CONTEXT(2) 
PARAMETRIC_REPRESENTATION_CONTEXT() REPRESENTATION_CONTEXT('2D SPACE',''
  ) );
#9997 = ORIENTED_EDGE('',*,*,#2276,.F.);
#9998 = ORIENTED_EDGE('',*,*,#9936,.F.);
#9999 = ADVANCED_FACE('',(#10000),#2319,.F.);
#10000 = FACE_BOUND('',#10001,.F.);
#10001 = EDGE_LOOP('',(#10002,#10023,#10041,#10042));
#10002 = ORIENTED_EDGE('',*,*,#10003,.T.);
#10003 = EDGE_CURVE('',#9960,#10004,#10006,.T.);
#10004 = VERTEX_POINT('',#10005);
#10005 = CARTESIAN_POINT('',(51.892470216705,0.,-9.258098050288));
#10006 = SURFACE_CURVE('',#10007,(#10011,#10017),.PCURVE_S1.);
#10007 = LINE('',#10008,#10009);
#10008 = CARTESIAN_POINT('',(47.101827414624,0.,-9.268679761603));
#10009 = VECTOR('',#10010,1.);
#10010 = DIRECTION('',(0.999997560546,0.,2.208823729628E-03));
#10011 = PCURVE('',#2319,#10012);
#10012 = DEFINITIONAL_REPRESENTATION('',(#10013),#10016);
#10013 = B_SPLINE_CURVE_WITH_KNOTS('',1,(#10014,#10015),.UNSPECIFIED.,
  .F.,.F.,(2,2),(0.,4.790654488663),.PIECEWISE_BEZIER_KNOTS.);
#10014 = CARTESIAN_POINT('',(0.,0.));
#10015 = CARTESIAN_POINT('',(4.790654488663E-03,0.));
#10016 = ( GEOMETRIC_REPRESENTATION_CONTEXT(2) 
PARAMETRIC_REPRESENTATION_CONTEXT() REPRESENTATION_CONTEXT('2D SPACE',''
  ) );
#10017 = PCURVE('',#5565,#10018);
#10018 = DEFINITIONAL_REPRESENTATION('',(#10019),#10022);
#10019 = B_SPLINE_CURVE_WITH_KNOTS('',1,(#10020,#10021),.UNSPECIFIED.,
  .F.,.F.,(2,2),(0.,4.790654488663),.PIECEWISE_BEZIER_KNOTS.);
#10020 = CARTESIAN_POINT('',(0.,0.));
#10021 = CARTESIAN_POINT('',(4.790654488663E-03,0.));
#10022 = ( GEOMETRIC_REPRESENTATION_CONTEXT(2) 
PARAMETRIC_REPRESENTATION_CONTEXT() REPRESENTATION_CONTEXT('2D SPACE',''
  ) );
#10023 = ORIENTED_EDGE('',*,*,#10024,.T.);
#10024 = EDGE_CURVE('',#10004,#2304,#10025,.T.);
#10025 = SURFACE_CURVE('',#10026,(#10029,#10035),.PCURVE_S1.);
#10026 = B_SPLINE_CURVE_WITH_KNOTS('',1,(#10027,#10028),.UNSPECIFIED.,
  .F.,.F.,(2,2),(0.,1.),.PIECEWISE_BEZIER_KNOTS.);
#10027 = CARTESIAN_POINT('',(51.892470216705,0.,-9.258098050288));
#10028 = CARTESIAN_POINT('',(53.010482130023,700.,31.130586667956));
#10029 = PCURVE('',#2319,#10030);
#10030 = DEFINITIONAL_REPRESENTATION('',(#10031),#10034);
#10031 = B_SPLINE_CURVE_WITH_KNOTS('',1,(#10032,#10033),.UNSPECIFIED.,
  .F.,.F.,(2,2),(0.,1.),.PIECEWISE_BEZIER_KNOTS.);
#10032 = CARTESIAN_POINT('',(4.790654488663E-03,0.));
#10033 = CARTESIAN_POINT('',(4.790654488663E-03,1.));
#10034 = ( GEOMETRIC_REPRESENTATION_CONTEXT(2) 
PARAMETRIC_REPRESENTATION_CONTEXT() REPRESENTATION_CONTEXT('2D SPACE',''
  ) );
#10035 = PCURVE('',#2346,#10036);
#10036 = DEFINITIONAL_REPRESENTATION('',(#10037),#10040);
#10037 = B_SPLINE_CURVE_WITH_KNOTS('',1,(#10038,#10039),.UNSPECIFIED.,
  .F.,.F.,(2,2),(0.,1.),.PIECEWISE_BEZIER_KNOTS.);
#10038 = CARTESIAN_POINT('',(0.,0.));
#10039 = CARTESIAN_POINT('',(0.,1.));
#10040 = ( GEOMETRIC_REPRESENTATION_CONTEXT(2) 
PARAMETRIC_REPRESENTATION_CONTEXT() REPRESENTATION_CONTEXT('2D SPACE',''
  ) );
#10041 = ORIENTED_EDGE('',*,*,#2303,.F.);
#10042 = ORIENTED_EDGE('',*,*,#9980,.F.);
#10043 = ADVANCED_FACE('',(#10044),#2346,.F.);
#10044 = FACE_BOUND('',#10045,.F.);
#10045 = EDGE_LOOP('',(#10046,#10067,#10085,#10086));
#10046 = ORIENTED_EDGE('',*,*,#10047,.T.);
#10047 = EDGE_CURVE('',#10004,#10048,#10050,.T.);
#10048 = VERTEX_POINT('',#10049);
#10049 = CARTESIAN_POINT('',(56.840611676981,0.,-9.205713937065));
#10050 = SURFACE_CURVE('',#10051,(#10055,#10061),.PCURVE_S1.);
#10051 = LINE('',#10052,#10053);
#10052 = CARTESIAN_POINT('',(51.892470216705,0.,-9.258098050288));
#10053 = VECTOR('',#10054,1.);
#10054 = DIRECTION('',(0.999943966406,0.,1.05860308105E-02));
#10055 = PCURVE('',#2346,#10056);
#10056 = DEFINITIONAL_REPRESENTATION('',(#10057),#10060);
#10057 = B_SPLINE_CURVE_WITH_KNOTS('',1,(#10058,#10059),.UNSPECIFIED.,
  .F.,.F.,(2,2),(0.,4.948418737963),.PIECEWISE_BEZIER_KNOTS.);
#10058 = CARTESIAN_POINT('',(0.,0.));
#10059 = CARTESIAN_POINT('',(4.948418737963E-03,0.));
#10060 = ( GEOMETRIC_REPRESENTATION_CONTEXT(2) 
PARAMETRIC_REPRESENTATION_CONTEXT() REPRESENTATION_CONTEXT('2D SPACE',''
  ) );
#10061 = PCURVE('',#5592,#10062);
#10062 = DEFINITIONAL_REPRESENTATION('',(#10063),#10066);
#10063 = B_SPLINE_CURVE_WITH_KNOTS('',1,(#10064,#10065),.UNSPECIFIED.,
  .F.,.F.,(2,2),(0.,4.948418737963),.PIECEWISE_BEZIER_KNOTS.);
#10064 = CARTESIAN_POINT('',(0.,0.));
#10065 = CARTESIAN_POINT('',(4.948418737963E-03,0.));
#10066 = ( GEOMETRIC_REPRESENTATION_CONTEXT(2) 
PARAMETRIC_REPRESENTATION_CONTEXT() REPRESENTATION_CONTEXT('2D SPACE',''
  ) );
#10067 = ORIENTED_EDGE('',*,*,#10068,.T.);
#10068 = EDGE_CURVE('',#10048,#2331,#10069,.T.);
#10069 = SURFACE_CURVE('',#10070,(#10073,#10079),.PCURVE_S1.);
#10070 = B_SPLINE_CURVE_WITH_KNOTS('',1,(#10071,#10072),.UNSPECIFIED.,
  .F.,.F.,(2,2),(0.,1.),.PIECEWISE_BEZIER_KNOTS.);
#10071 = CARTESIAN_POINT('',(56.840611676981,0.,-9.205713937065));
#10072 = CARTESIAN_POINT('',(55.979367006188,700.,31.16201713589));
#10073 = PCURVE('',#2346,#10074);
#10074 = DEFINITIONAL_REPRESENTATION('',(#10075),#10078);
#10075 = B_SPLINE_CURVE_WITH_KNOTS('',1,(#10076,#10077),.UNSPECIFIED.,
  .F.,.F.,(2,2),(0.,1.),.PIECEWISE_BEZIER_KNOTS.);
#10076 = CARTESIAN_POINT('',(4.948418737963E-03,0.));
#10077 = CARTESIAN_POINT('',(4.948418737963E-03,1.));
#10078 = ( GEOMETRIC_REPRESENTATION_CONTEXT(2) 
PARAMETRIC_REPRESENTATION_CONTEXT() REPRESENTATION_CONTEXT('2D SPACE',''
  ) );
#10079 = PCURVE('',#2373,#10080);
#10080 = DEFINITIONAL_REPRESENTATION('',(#10081),#10084);
#10081 = B_SPLINE_CURVE_WITH_KNOTS('',1,(#10082,#10083),.UNSPECIFIED.,
  .F.,.F.,(2,2),(0.,1.),.PIECEWISE_BEZIER_KNOTS.);
#10082 = CARTESIAN_POINT('',(0.,0.));
#10083 = CARTESIAN_POINT('',(0.,1.));
#10084 = ( GEOMETRIC_REPRESENTATION_CONTEXT(2) 
PARAMETRIC_REPRESENTATION_CONTEXT() REPRESENTATION_CONTEXT('2D SPACE',''
  ) );
#10085 = ORIENTED_EDGE('',*,*,#2330,.F.);
#10086 = ORIENTED_EDGE('',*,*,#10024,.F.);
#10087 = ADVANCED_FACE('',(#10088),#2373,.F.);
#10088 = FACE_BOUND('',#10089,.F.);
#10089 = EDGE_LOOP('',(#10090,#10111,#10129,#10130));
#10090 = ORIENTED_EDGE('',*,*,#10091,.T.);
#10091 = EDGE_CURVE('',#10048,#10092,#10094,.T.);
#10092 = VERTEX_POINT('',#10093);
#10093 = CARTESIAN_POINT('',(61.933270631956,0.,-9.115630107637));
#10094 = SURFACE_CURVE('',#10095,(#10099,#10105),.PCURVE_S1.);
#10095 = LINE('',#10096,#10097);
#10096 = CARTESIAN_POINT('',(56.840611676981,0.,-9.205713937065));
#10097 = VECTOR('',#10098,1.);
#10098 = DIRECTION('',(0.999843587091,0.,1.768619103515E-02));
#10099 = PCURVE('',#2373,#10100);
#10100 = DEFINITIONAL_REPRESENTATION('',(#10101),#10104);
#10101 = B_SPLINE_CURVE_WITH_KNOTS('',1,(#10102,#10103),.UNSPECIFIED.,
  .F.,.F.,(2,2),(0.,5.093455637189),.PIECEWISE_BEZIER_KNOTS.);
#10102 = CARTESIAN_POINT('',(0.,0.));
#10103 = CARTESIAN_POINT('',(5.093455637189E-03,0.));
#10104 = ( GEOMETRIC_REPRESENTATION_CONTEXT(2) 
PARAMETRIC_REPRESENTATION_CONTEXT() REPRESENTATION_CONTEXT('2D SPACE',''
  ) );
#10105 = PCURVE('',#5619,#10106);
#10106 = DEFINITIONAL_REPRESENTATION('',(#10107),#10110);
#10107 = B_SPLINE_CURVE_WITH_KNOTS('',1,(#10108,#10109),.UNSPECIFIED.,
  .F.,.F.,(2,2),(0.,5.093455637189),.PIECEWISE_BEZIER_KNOTS.);
#10108 = CARTESIAN_POINT('',(0.,0.));
#10109 = CARTESIAN_POINT('',(5.093455637189E-03,0.));
#10110 = ( GEOMETRIC_REPRESENTATION_CONTEXT(2) 
PARAMETRIC_REPRESENTATION_CONTEXT() REPRESENTATION_CONTEXT('2D SPACE',''
  ) );
#10111 = ORIENTED_EDGE('',*,*,#10112,.T.);
#10112 = EDGE_CURVE('',#10092,#2358,#10113,.T.);
#10113 = SURFACE_CURVE('',#10114,(#10117,#10123),.PCURVE_S1.);
#10114 = B_SPLINE_CURVE_WITH_KNOTS('',1,(#10115,#10116),.UNSPECIFIED.,
  .F.,.F.,(2,2),(0.,1.),.PIECEWISE_BEZIER_KNOTS.);
#10115 = CARTESIAN_POINT('',(61.933270631956,0.,-9.115630107637));
#10116 = CARTESIAN_POINT('',(59.034962379173,700.,31.216067433547));
#10117 = PCURVE('',#2373,#10118);
#10118 = DEFINITIONAL_REPRESENTATION('',(#10119),#10122);
#10119 = B_SPLINE_CURVE_WITH_KNOTS('',1,(#10120,#10121),.UNSPECIFIED.,
  .F.,.F.,(2,2),(0.,1.),.PIECEWISE_BEZIER_KNOTS.);
#10120 = CARTESIAN_POINT('',(5.093455637189E-03,0.));
#10121 = CARTESIAN_POINT('',(5.093455637189E-03,1.));
#10122 = ( GEOMETRIC_REPRESENTATION_CONTEXT(2) 
PARAMETRIC_REPRESENTATION_CONTEXT() REPRESENTATION_CONTEXT('2D SPACE',''
  ) );
#10123 = PCURVE('',#2400,#10124);
#10124 = DEFINITIONAL_REPRESENTATION('',(#10125),#10128);
#10125 = B_SPLINE_CURVE_WITH_KNOTS('',1,(#10126,#10127),.UNSPECIFIED.,
  .F.,.F.,(2,2),(0.,1.),.PIECEWISE_BEZIER_KNOTS.);
#10126 = CARTESIAN_POINT('',(0.,0.));
#10127 = CARTESIAN_POINT('',(0.,1.));
#10128 = ( GEOMETRIC_REPRESENTATION_CONTEXT(2) 
PARAMETRIC_REPRESENTATION_CONTEXT() REPRESENTATION_CONTEXT('2D SPACE',''
  ) );
#10129 = ORIENTED_EDGE('',*,*,#2357,.F.);
#10130 = ORIENTED_EDGE('',*,*,#10068,.F.);
#10131 = ADVANCED_FACE('',(#10132),#2400,.F.);
#10132 = FACE_BOUND('',#10133,.F.);
#10133 = EDGE_LOOP('',(#10134,#10155,#10173,#10174));
#10134 = ORIENTED_EDGE('',*,*,#10135,.T.);
#10135 = EDGE_CURVE('',#10092,#10136,#10138,.T.);
#10136 = VERTEX_POINT('',#10137);
#10137 = CARTESIAN_POINT('',(67.15710998453,0.,-8.992228957008));
#10138 = SURFACE_CURVE('',#10139,(#10143,#10149),.PCURVE_S1.);
#10139 = LINE('',#10140,#10141);
#10140 = CARTESIAN_POINT('',(61.933270631956,0.,-9.115630107637));
#10141 = VECTOR('',#10142,1.);
#10142 = DIRECTION('',(0.99972110092,0.,2.361610414004E-02));
#10143 = PCURVE('',#2400,#10144);
#10144 = DEFINITIONAL_REPRESENTATION('',(#10145),#10148);
#10145 = B_SPLINE_CURVE_WITH_KNOTS('',1,(#10146,#10147),.UNSPECIFIED.,
  .F.,.F.,(2,2),(0.,5.22529668301),.PIECEWISE_BEZIER_KNOTS.);
#10146 = CARTESIAN_POINT('',(0.,0.));
#10147 = CARTESIAN_POINT('',(5.22529668301E-03,0.));
#10148 = ( GEOMETRIC_REPRESENTATION_CONTEXT(2) 
PARAMETRIC_REPRESENTATION_CONTEXT() REPRESENTATION_CONTEXT('2D SPACE',''
  ) );
#10149 = PCURVE('',#5646,#10150);
#10150 = DEFINITIONAL_REPRESENTATION('',(#10151),#10154);
#10151 = B_SPLINE_CURVE_WITH_KNOTS('',1,(#10152,#10153),.UNSPECIFIED.,
  .F.,.F.,(2,2),(0.,5.22529668301),.PIECEWISE_BEZIER_KNOTS.);
#10152 = CARTESIAN_POINT('',(0.,0.));
#10153 = CARTESIAN_POINT('',(5.22529668301E-03,0.));
#10154 = ( GEOMETRIC_REPRESENTATION_CONTEXT(2) 
PARAMETRIC_REPRESENTATION_CONTEXT() REPRESENTATION_CONTEXT('2D SPACE',''
  ) );
#10155 = ORIENTED_EDGE('',*,*,#10156,.T.);
#10156 = EDGE_CURVE('',#10136,#2385,#10157,.T.);
#10157 = SURFACE_CURVE('',#10158,(#10161,#10167),.PCURVE_S1.);
#10158 = B_SPLINE_CURVE_WITH_KNOTS('',1,(#10159,#10160),.UNSPECIFIED.,
  .F.,.F.,(2,2),(0.,1.),.PIECEWISE_BEZIER_KNOTS.);
#10159 = CARTESIAN_POINT('',(67.15710998453,0.,-8.992228957008));
#10160 = CARTESIAN_POINT('',(62.169265990718,700.,31.290108123924));
#10161 = PCURVE('',#2400,#10162);
#10162 = DEFINITIONAL_REPRESENTATION('',(#10163),#10166);
#10163 = B_SPLINE_CURVE_WITH_KNOTS('',1,(#10164,#10165),.UNSPECIFIED.,
  .F.,.F.,(2,2),(0.,1.),.PIECEWISE_BEZIER_KNOTS.);
#10164 = CARTESIAN_POINT('',(5.22529668301E-03,0.));
#10165 = CARTESIAN_POINT('',(5.22529668301E-03,1.));
#10166 = ( GEOMETRIC_REPRESENTATION_CONTEXT(2) 
PARAMETRIC_REPRESENTATION_CONTEXT() REPRESENTATION_CONTEXT('2D SPACE',''
  ) );
#10167 = PCURVE('',#2427,#10168);
#10168 = DEFINITIONAL_REPRESENTATION('',(#10169),#10172);
#10169 = B_SPLINE_CURVE_WITH_KNOTS('',1,(#10170,#10171),.UNSPECIFIED.,
  .F.,.F.,(2,2),(0.,1.),.PIECEWISE_BEZIER_KNOTS.);
#10170 = CARTESIAN_POINT('',(0.,0.));
#10171 = CARTESIAN_POINT('',(0.,1.));
#10172 = ( GEOMETRIC_REPRESENTATION_CONTEXT(2) 
PARAMETRIC_REPRESENTATION_CONTEXT() REPRESENTATION_CONTEXT('2D SPACE',''
  ) );
#10173 = ORIENTED_EDGE('',*,*,#2384,.F.);
#10174 = ORIENTED_EDGE('',*,*,#10112,.F.);
#10175 = ADVANCED_FACE('',(#10176),#2427,.F.);
#10176 = FACE_BOUND('',#10177,.F.);
#10177 = EDGE_LOOP('',(#10178,#10199,#10217,#10218));
#10178 = ORIENTED_EDGE('',*,*,#10179,.T.);
#10179 = EDGE_CURVE('',#10136,#10180,#10182,.T.);
#10180 = VERTEX_POINT('',#10181);
#10181 = CARTESIAN_POINT('',(72.498449322161,0.,-8.84010304202));
#10182 = SURFACE_CURVE('',#10183,(#10187,#10193),.PCURVE_S1.);
#10183 = LINE('',#10184,#10185);
#10184 = CARTESIAN_POINT('',(67.15710998453,0.,-8.992228957008));
#10185 = VECTOR('',#10186,1.);
#10186 = DIRECTION('',(0.999594667004,0.,2.846931148225E-02));
#10187 = PCURVE('',#2427,#10188);
#10188 = DEFINITIONAL_REPRESENTATION('',(#10189),#10192);
#10189 = B_SPLINE_CURVE_WITH_KNOTS('',1,(#10190,#10191),.UNSPECIFIED.,
  .F.,.F.,(2,2),(0.,5.343505236615),.PIECEWISE_BEZIER_KNOTS.);
#10190 = CARTESIAN_POINT('',(0.,0.));
#10191 = CARTESIAN_POINT('',(5.343505236615E-03,0.));
#10192 = ( GEOMETRIC_REPRESENTATION_CONTEXT(2) 
PARAMETRIC_REPRESENTATION_CONTEXT() REPRESENTATION_CONTEXT('2D SPACE',''
  ) );
#10193 = PCURVE('',#5673,#10194);
#10194 = DEFINITIONAL_REPRESENTATION('',(#10195),#10198);
#10195 = B_SPLINE_CURVE_WITH_KNOTS('',1,(#10196,#10197),.UNSPECIFIED.,
  .F.,.F.,(2,2),(0.,5.343505236615),.PIECEWISE_BEZIER_KNOTS.);
#10196 = CARTESIAN_POINT('',(0.,0.));
#10197 = CARTESIAN_POINT('',(5.343505236615E-03,0.));
#10198 = ( GEOMETRIC_REPRESENTATION_CONTEXT(2) 
PARAMETRIC_REPRESENTATION_CONTEXT() REPRESENTATION_CONTEXT('2D SPACE',''
  ) );
#10199 = ORIENTED_EDGE('',*,*,#10200,.T.);
#10200 = EDGE_CURVE('',#10180,#2412,#10201,.T.);
#10201 = SURFACE_CURVE('',#10202,(#10205,#10211),.PCURVE_S1.);
#10202 = B_SPLINE_CURVE_WITH_KNOTS('',1,(#10203,#10204),.UNSPECIFIED.,
  .F.,.F.,(2,2),(0.,1.),.PIECEWISE_BEZIER_KNOTS.);
#10203 = CARTESIAN_POINT('',(72.498449322161,0.,-8.84010304202));
#10204 = CARTESIAN_POINT('',(65.374069593297,700.,31.381383672917));
#10205 = PCURVE('',#2427,#10206);
#10206 = DEFINITIONAL_REPRESENTATION('',(#10207),#10210);
#10207 = B_SPLINE_CURVE_WITH_KNOTS('',1,(#10208,#10209),.UNSPECIFIED.,
  .F.,.F.,(2,2),(0.,1.),.PIECEWISE_BEZIER_KNOTS.);
#10208 = CARTESIAN_POINT('',(5.343505236615E-03,0.));
#10209 = CARTESIAN_POINT('',(5.343505236615E-03,1.));
#10210 = ( GEOMETRIC_REPRESENTATION_CONTEXT(2) 
PARAMETRIC_REPRESENTATION_CONTEXT() REPRESENTATION_CONTEXT('2D SPACE',''
  ) );
#10211 = PCURVE('',#2454,#10212);
#10212 = DEFINITIONAL_REPRESENTATION('',(#10213),#10216);
#10213 = B_SPLINE_CURVE_WITH_KNOTS('',1,(#10214,#10215),.UNSPECIFIED.,
  .F.,.F.,(2,2),(0.,1.),.PIECEWISE_BEZIER_KNOTS.);
#10214 = CARTESIAN_POINT('',(0.,0.));
#10215 = CARTESIAN_POINT('',(0.,1.));
#10216 = ( GEOMETRIC_REPRESENTATION_CONTEXT(2) 
PARAMETRIC_REPRESENTATION_CONTEXT() REPRESENTATION_CONTEXT('2D SPACE',''
  ) );
#10217 = ORIENTED_EDGE('',*,*,#2411,.F.);
#10218 = ORIENTED_EDGE('',*,*,#10156,.F.);
#10219 = ADVANCED_FACE('',(#10220),#2454,.F.);
#10220 = FACE_BOUND('',#10221,.F.);
#10221 = EDGE_LOOP('',(#10222,#10243,#10261,#10262));
#10222 = ORIENTED_EDGE('',*,*,#10223,.T.);
#10223 = EDGE_CURVE('',#10180,#10224,#10226,.T.);
#10224 = VERTEX_POINT('',#10225);
#10225 = CARTESIAN_POINT('',(77.943278652691,0.,-8.663978561218));
#10226 = SURFACE_CURVE('',#10227,(#10231,#10237),.PCURVE_S1.);
#10227 = LINE('',#10228,#10229);
#10228 = CARTESIAN_POINT('',(72.498449322161,0.,-8.84010304202));
#10229 = VECTOR('',#10230,1.);
#10230 = DIRECTION('',(0.99947724251,0.,3.233019801438E-02));
#10231 = PCURVE('',#2454,#10232);
#10232 = DEFINITIONAL_REPRESENTATION('',(#10233),#10236);
#10233 = B_SPLINE_CURVE_WITH_KNOTS('',1,(#10234,#10235),.UNSPECIFIED.,
  .F.,.F.,(2,2),(0.,5.447677144557),.PIECEWISE_BEZIER_KNOTS.);
#10234 = CARTESIAN_POINT('',(0.,0.));
#10235 = CARTESIAN_POINT('',(5.447677144557E-03,0.));
#10236 = ( GEOMETRIC_REPRESENTATION_CONTEXT(2) 
PARAMETRIC_REPRESENTATION_CONTEXT() REPRESENTATION_CONTEXT('2D SPACE',''
  ) );
#10237 = PCURVE('',#5700,#10238);
#10238 = DEFINITIONAL_REPRESENTATION('',(#10239),#10242);
#10239 = B_SPLINE_CURVE_WITH_KNOTS('',1,(#10240,#10241),.UNSPECIFIED.,
  .F.,.F.,(2,2),(0.,5.447677144557),.PIECEWISE_BEZIER_KNOTS.);
#10240 = CARTESIAN_POINT('',(0.,0.));
#10241 = CARTESIAN_POINT('',(5.447677144557E-03,0.));
#10242 = ( GEOMETRIC_REPRESENTATION_CONTEXT(2) 
PARAMETRIC_REPRESENTATION_CONTEXT() REPRESENTATION_CONTEXT('2D SPACE',''
  ) );
#10243 = ORIENTED_EDGE('',*,*,#10244,.T.);
#10244 = EDGE_CURVE('',#10224,#2439,#10245,.T.);
#10245 = SURFACE_CURVE('',#10246,(#10249,#10255),.PCURVE_S1.);
#10246 = B_SPLINE_CURVE_WITH_KNOTS('',1,(#10247,#10248),.UNSPECIFIED.,
  .F.,.F.,(2,2),(0.,1.),.PIECEWISE_BEZIER_KNOTS.);
#10247 = CARTESIAN_POINT('',(77.943278652691,0.,-8.663978561218));
#10248 = CARTESIAN_POINT('',(68.640967191614,700.,31.487058361398));
#10249 = PCURVE('',#2454,#10250);
#10250 = DEFINITIONAL_REPRESENTATION('',(#10251),#10254);
#10251 = B_SPLINE_CURVE_WITH_KNOTS('',1,(#10252,#10253),.UNSPECIFIED.,
  .F.,.F.,(2,2),(0.,1.),.PIECEWISE_BEZIER_KNOTS.);
#10252 = CARTESIAN_POINT('',(5.447677144557E-03,0.));
#10253 = CARTESIAN_POINT('',(5.447677144557E-03,1.));
#10254 = ( GEOMETRIC_REPRESENTATION_CONTEXT(2) 
PARAMETRIC_REPRESENTATION_CONTEXT() REPRESENTATION_CONTEXT('2D SPACE',''
  ) );
#10255 = PCURVE('',#2481,#10256);
#10256 = DEFINITIONAL_REPRESENTATION('',(#10257),#10260);
#10257 = B_SPLINE_CURVE_WITH_KNOTS('',1,(#10258,#10259),.UNSPECIFIED.,
  .F.,.F.,(2,2),(0.,1.),.PIECEWISE_BEZIER_KNOTS.);
#10258 = CARTESIAN_POINT('',(0.,0.));
#10259 = CARTESIAN_POINT('',(0.,1.));
#10260 = ( GEOMETRIC_REPRESENTATION_CONTEXT(2) 
PARAMETRIC_REPRESENTATION_CONTEXT() REPRESENTATION_CONTEXT('2D SPACE',''
  ) );
#10261 = ORIENTED_EDGE('',*,*,#2438,.F.);
#10262 = ORIENTED_EDGE('',*,*,#10200,.F.);
#10263 = ADVANCED_FACE('',(#10264),#2481,.F.);
#10264 = FACE_BOUND('',#10265,.F.);
#10265 = EDGE_LOOP('',(#10266,#10287,#10305,#10306));
#10266 = ORIENTED_EDGE('',*,*,#10267,.T.);
#10267 = EDGE_CURVE('',#10224,#10268,#10270,.T.);
#10268 = VERTEX_POINT('',#10269);
#10269 = CARTESIAN_POINT('',(83.477274072638,0.,-8.468634291597));
#10270 = SURFACE_CURVE('',#10271,(#10275,#10281),.PCURVE_S1.);
#10271 = LINE('',#10272,#10273);
#10272 = CARTESIAN_POINT('',(77.943278652691,0.,-8.663978561218));
#10273 = VECTOR('',#10274,1.);
#10274 = DIRECTION('',(0.999377573402,0.,3.527698657792E-02));
#10275 = PCURVE('',#2481,#10276);
#10276 = DEFINITIONAL_REPRESENTATION('',(#10277),#10280);
#10277 = B_SPLINE_CURVE_WITH_KNOTS('',1,(#10278,#10279),.UNSPECIFIED.,
  .F.,.F.,(2,2),(0.,5.537442071179),.PIECEWISE_BEZIER_KNOTS.);
#10278 = CARTESIAN_POINT('',(0.,0.));
#10279 = CARTESIAN_POINT('',(5.537442071179E-03,0.));
#10280 = ( GEOMETRIC_REPRESENTATION_CONTEXT(2) 
PARAMETRIC_REPRESENTATION_CONTEXT() REPRESENTATION_CONTEXT('2D SPACE',''
  ) );
#10281 = PCURVE('',#5727,#10282);
#10282 = DEFINITIONAL_REPRESENTATION('',(#10283),#10286);
#10283 = B_SPLINE_CURVE_WITH_KNOTS('',1,(#10284,#10285),.UNSPECIFIED.,
  .F.,.F.,(2,2),(0.,5.537442071179),.PIECEWISE_BEZIER_KNOTS.);
#10284 = CARTESIAN_POINT('',(0.,0.));
#10285 = CARTESIAN_POINT('',(5.537442071179E-03,0.));
#10286 = ( GEOMETRIC_REPRESENTATION_CONTEXT(2) 
PARAMETRIC_REPRESENTATION_CONTEXT() REPRESENTATION_CONTEXT('2D SPACE',''
  ) );
#10287 = ORIENTED_EDGE('',*,*,#10288,.T.);
#10288 = EDGE_CURVE('',#10268,#2466,#10289,.T.);
#10289 = SURFACE_CURVE('',#10290,(#10293,#10299),.PCURVE_S1.);
#10290 = B_SPLINE_CURVE_WITH_KNOTS('',1,(#10291,#10292),.UNSPECIFIED.,
  .F.,.F.,(2,2),(0.,1.),.PIECEWISE_BEZIER_KNOTS.);
#10291 = CARTESIAN_POINT('',(83.477274072638,0.,-8.468634291597));
#10292 = CARTESIAN_POINT('',(71.961364443583,700.,31.604264923171));
#10293 = PCURVE('',#2481,#10294);
#10294 = DEFINITIONAL_REPRESENTATION('',(#10295),#10298);
#10295 = B_SPLINE_CURVE_WITH_KNOTS('',1,(#10296,#10297),.UNSPECIFIED.,
  .F.,.F.,(2,2),(0.,1.),.PIECEWISE_BEZIER_KNOTS.);
#10296 = CARTESIAN_POINT('',(5.537442071179E-03,0.));
#10297 = CARTESIAN_POINT('',(5.537442071179E-03,1.));
#10298 = ( GEOMETRIC_REPRESENTATION_CONTEXT(2) 
PARAMETRIC_REPRESENTATION_CONTEXT() REPRESENTATION_CONTEXT('2D SPACE',''
  ) );
#10299 = PCURVE('',#2508,#10300);
#10300 = DEFINITIONAL_REPRESENTATION('',(#10301),#10304);
#10301 = B_SPLINE_CURVE_WITH_KNOTS('',1,(#10302,#10303),.UNSPECIFIED.,
  .F.,.F.,(2,2),(0.,1.),.PIECEWISE_BEZIER_KNOTS.);
#10302 = CARTESIAN_POINT('',(0.,0.));
#10303 = CARTESIAN_POINT('',(0.,1.));
#10304 = ( GEOMETRIC_REPRESENTATION_CONTEXT(2) 
PARAMETRIC_REPRESENTATION_CONTEXT() REPRESENTATION_CONTEXT('2D SPACE',''
  ) );
#10305 = ORIENTED_EDGE('',*,*,#2465,.F.);
#10306 = ORIENTED_EDGE('',*,*,#10244,.F.);
#10307 = ADVANCED_FACE('',(#10308),#2508,.F.);
#10308 = FACE_BOUND('',#10309,.F.);
#10309 = EDGE_LOOP('',(#10310,#10331,#10349,#10350));
#10310 = ORIENTED_EDGE('',*,*,#10311,.T.);
#10311 = EDGE_CURVE('',#10268,#10312,#10314,.T.);
#10312 = VERTEX_POINT('',#10313);
#10313 = CARTESIAN_POINT('',(89.098721465277,0.,-8.258013800625));
#10314 = SURFACE_CURVE('',#10315,(#10319,#10325),.PCURVE_S1.);
#10315 = LINE('',#10316,#10317);
#10316 = CARTESIAN_POINT('',(83.477274072638,0.,-8.468634291597));
#10317 = VECTOR('',#10318,1.);
#10318 = DIRECTION('',(0.999298838613,0.,3.74410356116E-02));
#10319 = PCURVE('',#2508,#10320);
#10320 = DEFINITIONAL_REPRESENTATION('',(#10321),#10324);
#10321 = B_SPLINE_CURVE_WITH_KNOTS('',1,(#10322,#10323),.UNSPECIFIED.,
  .F.,.F.,(2,2),(0.,5.625391700089),.PIECEWISE_BEZIER_KNOTS.);
#10322 = CARTESIAN_POINT('',(0.,0.));
#10323 = CARTESIAN_POINT('',(5.625391700089E-03,0.));
#10324 = ( GEOMETRIC_REPRESENTATION_CONTEXT(2) 
PARAMETRIC_REPRESENTATION_CONTEXT() REPRESENTATION_CONTEXT('2D SPACE',''
  ) );
#10325 = PCURVE('',#5754,#10326);
#10326 = DEFINITIONAL_REPRESENTATION('',(#10327),#10330);
#10327 = B_SPLINE_CURVE_WITH_KNOTS('',1,(#10328,#10329),.UNSPECIFIED.,
  .F.,.F.,(2,2),(0.,5.625391700089),.PIECEWISE_BEZIER_KNOTS.);
#10328 = CARTESIAN_POINT('',(0.,0.));
#10329 = CARTESIAN_POINT('',(5.625391700089E-03,0.));
#10330 = ( GEOMETRIC_REPRESENTATION_CONTEXT(2) 
PARAMETRIC_REPRESENTATION_CONTEXT() REPRESENTATION_CONTEXT('2D SPACE',''
  ) );
#10331 = ORIENTED_EDGE('',*,*,#10332,.T.);
#10332 = EDGE_CURVE('',#10312,#2493,#10333,.T.);
#10333 = SURFACE_CURVE('',#10334,(#10337,#10343),.PCURVE_S1.);
#10334 = B_SPLINE_CURVE_WITH_KNOTS('',1,(#10335,#10336),.UNSPECIFIED.,
  .F.,.F.,(2,2),(0.,1.),.PIECEWISE_BEZIER_KNOTS.);
#10335 = CARTESIAN_POINT('',(89.098721465277,0.,-8.258013800625));
#10336 = CARTESIAN_POINT('',(75.334232879166,700.,31.730637217754));
#10337 = PCURVE('',#2508,#10338);
#10338 = DEFINITIONAL_REPRESENTATION('',(#10339),#10342);
#10339 = B_SPLINE_CURVE_WITH_KNOTS('',1,(#10340,#10341),.UNSPECIFIED.,
  .F.,.F.,(2,2),(0.,1.),.PIECEWISE_BEZIER_KNOTS.);
#10340 = CARTESIAN_POINT('',(5.625391700089E-03,0.));
#10341 = CARTESIAN_POINT('',(5.625391700089E-03,1.));
#10342 = ( GEOMETRIC_REPRESENTATION_CONTEXT(2) 
PARAMETRIC_REPRESENTATION_CONTEXT() REPRESENTATION_CONTEXT('2D SPACE',''
  ) );
#10343 = PCURVE('',#2535,#10344);
#10344 = DEFINITIONAL_REPRESENTATION('',(#10345),#10348);
#10345 = B_SPLINE_CURVE_WITH_KNOTS('',1,(#10346,#10347),.UNSPECIFIED.,
  .F.,.F.,(2,2),(0.,1.),.PIECEWISE_BEZIER_KNOTS.);
#10346 = CARTESIAN_POINT('',(0.,0.));
#10347 = CARTESIAN_POINT('',(0.,1.));
#10348 = ( GEOMETRIC_REPRESENTATION_CONTEXT(2) 
PARAMETRIC_REPRESENTATION_CONTEXT() REPRESENTATION_CONTEXT('2D SPACE',''
  ) );
#10349 = ORIENTED_EDGE('',*,*,#2492,.F.);
#10350 = ORIENTED_EDGE('',*,*,#10288,.F.);
#10351 = ADVANCED_FACE('',(#10352),#2535,.F.);
#10352 = FACE_BOUND('',#10353,.F.);
#10353 = EDGE_LOOP('',(#10354,#10375,#10393,#10394));
#10354 = ORIENTED_EDGE('',*,*,#10355,.T.);
#10355 = EDGE_CURVE('',#10312,#10356,#10358,.T.);
#10356 = VERTEX_POINT('',#10357);
#10357 = CARTESIAN_POINT('',(94.81186218625,0.,-8.022330320087));
#10358 = SURFACE_CURVE('',#10359,(#10363,#10369),.PCURVE_S1.);
#10359 = LINE('',#10360,#10361);
#10360 = CARTESIAN_POINT('',(89.098721465277,0.,-8.258013800625));
#10361 = VECTOR('',#10362,1.);
#10362 = DIRECTION('',(0.999150184656,0.,4.121781776442E-02));
#10363 = PCURVE('',#2535,#10364);
#10364 = DEFINITIONAL_REPRESENTATION('',(#10365),#10368);
#10365 = B_SPLINE_CURVE_WITH_KNOTS('',1,(#10366,#10367),.UNSPECIFIED.,
  .F.,.F.,(2,2),(0.,5.717999965078),.PIECEWISE_BEZIER_KNOTS.);
#10366 = CARTESIAN_POINT('',(0.,0.));
#10367 = CARTESIAN_POINT('',(5.717999965078E-03,0.));
#10368 = ( GEOMETRIC_REPRESENTATION_CONTEXT(2) 
PARAMETRIC_REPRESENTATION_CONTEXT() REPRESENTATION_CONTEXT('2D SPACE',''
  ) );
#10369 = PCURVE('',#5781,#10370);
#10370 = DEFINITIONAL_REPRESENTATION('',(#10371),#10374);
#10371 = B_SPLINE_CURVE_WITH_KNOTS('',1,(#10372,#10373),.UNSPECIFIED.,
  .F.,.F.,(2,2),(0.,5.717999965078),.PIECEWISE_BEZIER_KNOTS.);
#10372 = CARTESIAN_POINT('',(0.,0.));
#10373 = CARTESIAN_POINT('',(5.717999965078E-03,0.));
#10374 = ( GEOMETRIC_REPRESENTATION_CONTEXT(2) 
PARAMETRIC_REPRESENTATION_CONTEXT() REPRESENTATION_CONTEXT('2D SPACE',''
  ) );
#10375 = ORIENTED_EDGE('',*,*,#10376,.T.);
#10376 = EDGE_CURVE('',#10356,#2520,#10377,.T.);
#10377 = SURFACE_CURVE('',#10378,(#10381,#10387),.PCURVE_S1.);
#10378 = B_SPLINE_CURVE_WITH_KNOTS('',1,(#10379,#10380),.UNSPECIFIED.,
  .F.,.F.,(2,2),(0.,1.),.PIECEWISE_BEZIER_KNOTS.);
#10379 = CARTESIAN_POINT('',(94.81186218625,0.,-8.022330320087));
#10380 = CARTESIAN_POINT('',(78.76211731175,700.,31.872047306076));
#10381 = PCURVE('',#2535,#10382);
#10382 = DEFINITIONAL_REPRESENTATION('',(#10383),#10386);
#10383 = B_SPLINE_CURVE_WITH_KNOTS('',1,(#10384,#10385),.UNSPECIFIED.,
  .F.,.F.,(2,2),(0.,1.),.PIECEWISE_BEZIER_KNOTS.);
#10384 = CARTESIAN_POINT('',(5.717999965078E-03,0.));
#10385 = CARTESIAN_POINT('',(5.717999965078E-03,1.));
#10386 = ( GEOMETRIC_REPRESENTATION_CONTEXT(2) 
PARAMETRIC_REPRESENTATION_CONTEXT() REPRESENTATION_CONTEXT('2D SPACE',''
  ) );
#10387 = PCURVE('',#2562,#10388);
#10388 = DEFINITIONAL_REPRESENTATION('',(#10389),#10392);
#10389 = B_SPLINE_CURVE_WITH_KNOTS('',1,(#10390,#10391),.UNSPECIFIED.,
  .F.,.F.,(2,2),(0.,1.),.PIECEWISE_BEZIER_KNOTS.);
#10390 = CARTESIAN_POINT('',(0.,0.));
#10391 = CARTESIAN_POINT('',(0.,1.));
#10392 = ( GEOMETRIC_REPRESENTATION_CONTEXT(2) 
PARAMETRIC_REPRESENTATION_CONTEXT() REPRESENTATION_CONTEXT('2D SPACE',''
  ) );
#10393 = ORIENTED_EDGE('',*,*,#2519,.F.);
#10394 = ORIENTED_EDGE('',*,*,#10332,.F.);
#10395 = ADVANCED_FACE('',(#10396),#2562,.F.);
#10396 = FACE_BOUND('',#10397,.F.);
#10397 = EDGE_LOOP('',(#10398,#10419,#10437,#10438));
#10398 = ORIENTED_EDGE('',*,*,#10399,.T.);
#10399 = EDGE_CURVE('',#10356,#10400,#10402,.T.);
#10400 = VERTEX_POINT('',#10401);
#10401 = CARTESIAN_POINT('',(100.56764148932,0.,-7.760336060072));
#10402 = SURFACE_CURVE('',#10403,(#10407,#10413),.PCURVE_S1.);
#10403 = LINE('',#10404,#10405);
#10404 = CARTESIAN_POINT('',(94.81186218625,0.,-8.022330320087));
#10405 = VECTOR('',#10406,1.);
#10406 = DIRECTION('',(0.998965641566,0.,4.547138628175E-02));
#10407 = PCURVE('',#2562,#10408);
#10408 = DEFINITIONAL_REPRESENTATION('',(#10409),#10412);
#10409 = B_SPLINE_CURVE_WITH_KNOTS('',1,(#10410,#10411),.UNSPECIFIED.,
  .F.,.F.,(2,2),(0.,5.761739006412),.PIECEWISE_BEZIER_KNOTS.);
#10410 = CARTESIAN_POINT('',(0.,0.));
#10411 = CARTESIAN_POINT('',(5.761739006412E-03,0.));
#10412 = ( GEOMETRIC_REPRESENTATION_CONTEXT(2) 
PARAMETRIC_REPRESENTATION_CONTEXT() REPRESENTATION_CONTEXT('2D SPACE',''
  ) );
#10413 = PCURVE('',#5808,#10414);
#10414 = DEFINITIONAL_REPRESENTATION('',(#10415),#10418);
#10415 = B_SPLINE_CURVE_WITH_KNOTS('',1,(#10416,#10417),.UNSPECIFIED.,
  .F.,.F.,(2,2),(0.,5.761739006412),.PIECEWISE_BEZIER_KNOTS.);
#10416 = CARTESIAN_POINT('',(0.,0.));
#10417 = CARTESIAN_POINT('',(5.761739006412E-03,0.));
#10418 = ( GEOMETRIC_REPRESENTATION_CONTEXT(2) 
PARAMETRIC_REPRESENTATION_CONTEXT() REPRESENTATION_CONTEXT('2D SPACE',''
  ) );
#10419 = ORIENTED_EDGE('',*,*,#10420,.T.);
#10420 = EDGE_CURVE('',#10400,#2547,#10421,.T.);
#10421 = SURFACE_CURVE('',#10422,(#10425,#10431),.PCURVE_S1.);
#10422 = B_SPLINE_CURVE_WITH_KNOTS('',1,(#10423,#10424),.UNSPECIFIED.,
  .F.,.F.,(2,2),(0.,1.),.PIECEWISE_BEZIER_KNOTS.);
#10423 = CARTESIAN_POINT('',(100.56764148932,0.,-7.760336060072));
#10424 = CARTESIAN_POINT('',(82.215584893596,700.,32.029243862086));
#10425 = PCURVE('',#2562,#10426);
#10426 = DEFINITIONAL_REPRESENTATION('',(#10427),#10430);
#10427 = B_SPLINE_CURVE_WITH_KNOTS('',1,(#10428,#10429),.UNSPECIFIED.,
  .F.,.F.,(2,2),(0.,1.),.PIECEWISE_BEZIER_KNOTS.);
#10428 = CARTESIAN_POINT('',(5.761739006412E-03,0.));
#10429 = CARTESIAN_POINT('',(5.761739006412E-03,1.));
#10430 = ( GEOMETRIC_REPRESENTATION_CONTEXT(2) 
PARAMETRIC_REPRESENTATION_CONTEXT() REPRESENTATION_CONTEXT('2D SPACE',''
  ) );
#10431 = PCURVE('',#2589,#10432);
#10432 = DEFINITIONAL_REPRESENTATION('',(#10433),#10436);
#10433 = B_SPLINE_CURVE_WITH_KNOTS('',1,(#10434,#10435),.UNSPECIFIED.,
  .F.,.F.,(2,2),(0.,1.),.PIECEWISE_BEZIER_KNOTS.);
#10434 = CARTESIAN_POINT('',(0.,0.));
#10435 = CARTESIAN_POINT('',(0.,1.));
#10436 = ( GEOMETRIC_REPRESENTATION_CONTEXT(2) 
PARAMETRIC_REPRESENTATION_CONTEXT() REPRESENTATION_CONTEXT('2D SPACE',''
  ) );
#10437 = ORIENTED_EDGE('',*,*,#2546,.F.);
#10438 = ORIENTED_EDGE('',*,*,#10376,.F.);
#10439 = ADVANCED_FACE('',(#10440),#2589,.F.);
#10440 = FACE_BOUND('',#10441,.F.);
#10441 = EDGE_LOOP('',(#10442,#10463,#10481,#10482));
#10442 = ORIENTED_EDGE('',*,*,#10443,.T.);
#10443 = EDGE_CURVE('',#10400,#10444,#10446,.T.);
#10444 = VERTEX_POINT('',#10445);
#10445 = CARTESIAN_POINT('',(106.35010981826,0.,-7.47592009763));
#10446 = SURFACE_CURVE('',#10447,(#10451,#10457),.PCURVE_S1.);
#10447 = LINE('',#10448,#10449);
#10448 = CARTESIAN_POINT('',(100.56764148932,0.,-7.760336060072));
#10449 = VECTOR('',#10450,1.);
#10450 = DIRECTION('',(0.998792563546,0.,4.91265203856E-02));
#10451 = PCURVE('',#2589,#10452);
#10452 = DEFINITIONAL_REPRESENTATION('',(#10453),#10456);
#10453 = B_SPLINE_CURVE_WITH_KNOTS('',1,(#10454,#10455),.UNSPECIFIED.,
  .F.,.F.,(2,2),(0.,5.789458732458),.PIECEWISE_BEZIER_KNOTS.);
#10454 = CARTESIAN_POINT('',(0.,0.));
#10455 = CARTESIAN_POINT('',(5.789458732458E-03,0.));
#10456 = ( GEOMETRIC_REPRESENTATION_CONTEXT(2) 
PARAMETRIC_REPRESENTATION_CONTEXT() REPRESENTATION_CONTEXT('2D SPACE',''
  ) );
#10457 = PCURVE('',#5835,#10458);
#10458 = DEFINITIONAL_REPRESENTATION('',(#10459),#10462);
#10459 = B_SPLINE_CURVE_WITH_KNOTS('',1,(#10460,#10461),.UNSPECIFIED.,
  .F.,.F.,(2,2),(0.,5.789458732458),.PIECEWISE_BEZIER_KNOTS.);
#10460 = CARTESIAN_POINT('',(0.,0.));
#10461 = CARTESIAN_POINT('',(5.789458732458E-03,0.));
#10462 = ( GEOMETRIC_REPRESENTATION_CONTEXT(2) 
PARAMETRIC_REPRESENTATION_CONTEXT() REPRESENTATION_CONTEXT('2D SPACE',''
  ) );
#10463 = ORIENTED_EDGE('',*,*,#10464,.T.);
#10464 = EDGE_CURVE('',#10444,#2574,#10465,.T.);
#10465 = SURFACE_CURVE('',#10466,(#10469,#10475),.PCURVE_S1.);
#10466 = B_SPLINE_CURVE_WITH_KNOTS('',1,(#10467,#10468),.UNSPECIFIED.,
  .F.,.F.,(2,2),(0.,1.),.PIECEWISE_BEZIER_KNOTS.);
#10467 = CARTESIAN_POINT('',(106.35010981826,0.,-7.47592009763));
#10468 = CARTESIAN_POINT('',(85.685065890958,700.,32.199893439551));
#10469 = PCURVE('',#2589,#10470);
#10470 = DEFINITIONAL_REPRESENTATION('',(#10471),#10474);
#10471 = B_SPLINE_CURVE_WITH_KNOTS('',1,(#10472,#10473),.UNSPECIFIED.,
  .F.,.F.,(2,2),(0.,1.),.PIECEWISE_BEZIER_KNOTS.);
#10472 = CARTESIAN_POINT('',(5.789458732458E-03,0.));
#10473 = CARTESIAN_POINT('',(5.789458732458E-03,1.));
#10474 = ( GEOMETRIC_REPRESENTATION_CONTEXT(2) 
PARAMETRIC_REPRESENTATION_CONTEXT() REPRESENTATION_CONTEXT('2D SPACE',''
  ) );
#10475 = PCURVE('',#2616,#10476);
#10476 = DEFINITIONAL_REPRESENTATION('',(#10477),#10480);
#10477 = B_SPLINE_CURVE_WITH_KNOTS('',1,(#10478,#10479),.UNSPECIFIED.,
  .F.,.F.,(2,2),(0.,1.),.PIECEWISE_BEZIER_KNOTS.);
#10478 = CARTESIAN_POINT('',(0.,0.));
#10479 = CARTESIAN_POINT('',(0.,1.));
#10480 = ( GEOMETRIC_REPRESENTATION_CONTEXT(2) 
PARAMETRIC_REPRESENTATION_CONTEXT() REPRESENTATION_CONTEXT('2D SPACE',''
  ) );
#10481 = ORIENTED_EDGE('',*,*,#2573,.F.);
#10482 = ORIENTED_EDGE('',*,*,#10420,.F.);
#10483 = ADVANCED_FACE('',(#10484),#2616,.F.);
#10484 = FACE_BOUND('',#10485,.F.);
#10485 = EDGE_LOOP('',(#10486,#10507,#10525,#10526));
#10486 = ORIENTED_EDGE('',*,*,#10487,.T.);
#10487 = EDGE_CURVE('',#10444,#10488,#10490,.T.);
#10488 = VERTEX_POINT('',#10489);
#10489 = CARTESIAN_POINT('',(112.14319595919,0.,-7.172870337842));
#10490 = SURFACE_CURVE('',#10491,(#10495,#10501),.PCURVE_S1.);
#10491 = LINE('',#10492,#10493);
#10492 = CARTESIAN_POINT('',(106.35010981826,0.,-7.47592009763));
#10493 = VECTOR('',#10494,1.);
#10494 = DIRECTION('',(0.998634512669,0.,5.224088539641E-02));
#10495 = PCURVE('',#2616,#10496);
#10496 = DEFINITIONAL_REPRESENTATION('',(#10497),#10500);
#10497 = B_SPLINE_CURVE_WITH_KNOTS('',1,(#10498,#10499),.UNSPECIFIED.,
  .F.,.F.,(2,2),(0.,5.801007342973),.PIECEWISE_BEZIER_KNOTS.);
#10498 = CARTESIAN_POINT('',(0.,0.));
#10499 = CARTESIAN_POINT('',(5.801007342973E-03,0.));
#10500 = ( GEOMETRIC_REPRESENTATION_CONTEXT(2) 
PARAMETRIC_REPRESENTATION_CONTEXT() REPRESENTATION_CONTEXT('2D SPACE',''
  ) );
#10501 = PCURVE('',#5862,#10502);
#10502 = DEFINITIONAL_REPRESENTATION('',(#10503),#10506);
#10503 = B_SPLINE_CURVE_WITH_KNOTS('',1,(#10504,#10505),.UNSPECIFIED.,
  .F.,.F.,(2,2),(0.,5.801007342973),.PIECEWISE_BEZIER_KNOTS.);
#10504 = CARTESIAN_POINT('',(0.,0.));
#10505 = CARTESIAN_POINT('',(5.801007342973E-03,0.));
#10506 = ( GEOMETRIC_REPRESENTATION_CONTEXT(2) 
PARAMETRIC_REPRESENTATION_CONTEXT() REPRESENTATION_CONTEXT('2D SPACE',''
  ) );
#10507 = ORIENTED_EDGE('',*,*,#10508,.T.);
#10508 = EDGE_CURVE('',#10488,#2601,#10509,.T.);
#10509 = SURFACE_CURVE('',#10510,(#10513,#10519),.PCURVE_S1.);
#10510 = B_SPLINE_CURVE_WITH_KNOTS('',1,(#10511,#10512),.UNSPECIFIED.,
  .F.,.F.,(2,2),(0.,1.),.PIECEWISE_BEZIER_KNOTS.);
#10511 = CARTESIAN_POINT('',(112.14319595919,0.,-7.172870337842));
#10512 = CARTESIAN_POINT('',(89.16091757552,700.,32.381723295423));
#10513 = PCURVE('',#2616,#10514);
#10514 = DEFINITIONAL_REPRESENTATION('',(#10515),#10518);
#10515 = B_SPLINE_CURVE_WITH_KNOTS('',1,(#10516,#10517),.UNSPECIFIED.,
  .F.,.F.,(2,2),(0.,1.),.PIECEWISE_BEZIER_KNOTS.);
#10516 = CARTESIAN_POINT('',(5.801007342973E-03,0.));
#10517 = CARTESIAN_POINT('',(5.801007342973E-03,1.));
#10518 = ( GEOMETRIC_REPRESENTATION_CONTEXT(2) 
PARAMETRIC_REPRESENTATION_CONTEXT() REPRESENTATION_CONTEXT('2D SPACE',''
  ) );
#10519 = PCURVE('',#2643,#10520);
#10520 = DEFINITIONAL_REPRESENTATION('',(#10521),#10524);
#10521 = B_SPLINE_CURVE_WITH_KNOTS('',1,(#10522,#10523),.UNSPECIFIED.,
  .F.,.F.,(2,2),(0.,1.),.PIECEWISE_BEZIER_KNOTS.);
#10522 = CARTESIAN_POINT('',(0.,0.));
#10523 = CARTESIAN_POINT('',(0.,1.));
#10524 = ( GEOMETRIC_REPRESENTATION_CONTEXT(2) 
PARAMETRIC_REPRESENTATION_CONTEXT() REPRESENTATION_CONTEXT('2D SPACE',''
  ) );
#10525 = ORIENTED_EDGE('',*,*,#2600,.F.);
#10526 = ORIENTED_EDGE('',*,*,#10464,.F.);
#10527 = ADVANCED_FACE('',(#10528),#2643,.F.);
#10528 = FACE_BOUND('',#10529,.F.);
#10529 = EDGE_LOOP('',(#10530,#10551,#10569,#10570));
#10530 = ORIENTED_EDGE('',*,*,#10531,.T.);
#10531 = EDGE_CURVE('',#10488,#10532,#10534,.T.);
#10532 = VERTEX_POINT('',#10533);
#10533 = CARTESIAN_POINT('',(117.93074937882,0.,-6.854822146765));
#10534 = SURFACE_CURVE('',#10535,(#10539,#10545),.PCURVE_S1.);
#10535 = LINE('',#10536,#10537);
#10536 = CARTESIAN_POINT('',(112.14319595919,0.,-7.172870337842));
#10537 = VECTOR('',#10538,1.);
#10538 = DIRECTION('',(0.998493450014,0.,5.487103315591E-02));
#10539 = PCURVE('',#2643,#10540);
#10540 = DEFINITIONAL_REPRESENTATION('',(#10541),#10544);
#10541 = B_SPLINE_CURVE_WITH_KNOTS('',1,(#10542,#10543),.UNSPECIFIED.,
  .F.,.F.,(2,2),(0.,5.796285813942),.PIECEWISE_BEZIER_KNOTS.);
#10542 = CARTESIAN_POINT('',(0.,0.));
#10543 = CARTESIAN_POINT('',(5.796285813942E-03,0.));
#10544 = ( GEOMETRIC_REPRESENTATION_CONTEXT(2) 
PARAMETRIC_REPRESENTATION_CONTEXT() REPRESENTATION_CONTEXT('2D SPACE',''
  ) );
#10545 = PCURVE('',#5889,#10546);
#10546 = DEFINITIONAL_REPRESENTATION('',(#10547),#10550);
#10547 = B_SPLINE_CURVE_WITH_KNOTS('',1,(#10548,#10549),.UNSPECIFIED.,
  .F.,.F.,(2,2),(0.,5.796285813942),.PIECEWISE_BEZIER_KNOTS.);
#10548 = CARTESIAN_POINT('',(0.,0.));
#10549 = CARTESIAN_POINT('',(5.796285813942E-03,0.));
#10550 = ( GEOMETRIC_REPRESENTATION_CONTEXT(2) 
PARAMETRIC_REPRESENTATION_CONTEXT() REPRESENTATION_CONTEXT('2D SPACE',''
  ) );
#10551 = ORIENTED_EDGE('',*,*,#10552,.T.);
#10552 = EDGE_CURVE('',#10532,#2628,#10553,.T.);
#10553 = SURFACE_CURVE('',#10554,(#10557,#10563),.PCURVE_S1.);
#10554 = B_SPLINE_CURVE_WITH_KNOTS('',1,(#10555,#10556),.UNSPECIFIED.,
  .F.,.F.,(2,2),(0.,1.),.PIECEWISE_BEZIER_KNOTS.);
#10555 = CARTESIAN_POINT('',(117.93074937882,0.,-6.854822146765));
#10556 = CARTESIAN_POINT('',(92.633449627297,700.,32.57255221007));
#10557 = PCURVE('',#2643,#10558);
#10558 = DEFINITIONAL_REPRESENTATION('',(#10559),#10562);
#10559 = B_SPLINE_CURVE_WITH_KNOTS('',1,(#10560,#10561),.UNSPECIFIED.,
  .F.,.F.,(2,2),(0.,1.),.PIECEWISE_BEZIER_KNOTS.);
#10560 = CARTESIAN_POINT('',(5.796285813942E-03,0.));
#10561 = CARTESIAN_POINT('',(5.796285813942E-03,1.));
#10562 = ( GEOMETRIC_REPRESENTATION_CONTEXT(2) 
PARAMETRIC_REPRESENTATION_CONTEXT() REPRESENTATION_CONTEXT('2D SPACE',''
  ) );
#10563 = PCURVE('',#2670,#10564);
#10564 = DEFINITIONAL_REPRESENTATION('',(#10565),#10568);
#10565 = B_SPLINE_CURVE_WITH_KNOTS('',1,(#10566,#10567),.UNSPECIFIED.,
  .F.,.F.,(2,2),(0.,1.),.PIECEWISE_BEZIER_KNOTS.);
#10566 = CARTESIAN_POINT('',(0.,0.));
#10567 = CARTESIAN_POINT('',(0.,1.));
#10568 = ( GEOMETRIC_REPRESENTATION_CONTEXT(2) 
PARAMETRIC_REPRESENTATION_CONTEXT() REPRESENTATION_CONTEXT('2D SPACE',''
  ) );
#10569 = ORIENTED_EDGE('',*,*,#2627,.F.);
#10570 = ORIENTED_EDGE('',*,*,#10508,.F.);
#10571 = ADVANCED_FACE('',(#10572),#2670,.F.);
#10572 = FACE_BOUND('',#10573,.F.);
#10573 = EDGE_LOOP('',(#10574,#10595,#10613,#10614));
#10574 = ORIENTED_EDGE('',*,*,#10575,.T.);
#10575 = EDGE_CURVE('',#10532,#10576,#10578,.T.);
#10576 = VERTEX_POINT('',#10577);
#10577 = CARTESIAN_POINT('',(123.69658406095,0.,-6.525215771887));
#10578 = SURFACE_CURVE('',#10579,(#10583,#10589),.PCURVE_S1.);
#10579 = LINE('',#10580,#10581);
#10580 = CARTESIAN_POINT('',(117.93074937882,0.,-6.854822146765));
#10581 = VECTOR('',#10582,1.);
#10582 = DIRECTION('',(0.998370051022,0.,5.707224564102E-02));
#10583 = PCURVE('',#2670,#10584);
#10584 = DEFINITIONAL_REPRESENTATION('',(#10585),#10588);
#10585 = B_SPLINE_CURVE_WITH_KNOTS('',1,(#10586,#10587),.UNSPECIFIED.,
  .F.,.F.,(2,2),(0.,5.77524804177),.PIECEWISE_BEZIER_KNOTS.);
#10586 = CARTESIAN_POINT('',(0.,0.));
#10587 = CARTESIAN_POINT('',(5.77524804177E-03,0.));
#10588 = ( GEOMETRIC_REPRESENTATION_CONTEXT(2) 
PARAMETRIC_REPRESENTATION_CONTEXT() REPRESENTATION_CONTEXT('2D SPACE',''
  ) );
#10589 = PCURVE('',#5916,#10590);
#10590 = DEFINITIONAL_REPRESENTATION('',(#10591),#10594);
#10591 = B_SPLINE_CURVE_WITH_KNOTS('',1,(#10592,#10593),.UNSPECIFIED.,
  .F.,.F.,(2,2),(0.,5.77524804177),.PIECEWISE_BEZIER_KNOTS.);
#10592 = CARTESIAN_POINT('',(0.,0.));
#10593 = CARTESIAN_POINT('',(5.77524804177E-03,0.));
#10594 = ( GEOMETRIC_REPRESENTATION_CONTEXT(2) 
PARAMETRIC_REPRESENTATION_CONTEXT() REPRESENTATION_CONTEXT('2D SPACE',''
  ) );
#10595 = ORIENTED_EDGE('',*,*,#10596,.T.);
#10596 = EDGE_CURVE('',#10576,#2655,#10597,.T.);
#10597 = SURFACE_CURVE('',#10598,(#10601,#10607),.PCURVE_S1.);
#10598 = B_SPLINE_CURVE_WITH_KNOTS('',1,(#10599,#10600),.UNSPECIFIED.,
  .F.,.F.,(2,2),(0.,1.),.PIECEWISE_BEZIER_KNOTS.);
#10599 = CARTESIAN_POINT('',(123.69658406095,0.,-6.525215771887));
#10600 = CARTESIAN_POINT('',(96.092950436573,700.,32.770316034997));
#10601 = PCURVE('',#2670,#10602);
#10602 = DEFINITIONAL_REPRESENTATION('',(#10603),#10606);
#10603 = B_SPLINE_CURVE_WITH_KNOTS('',1,(#10604,#10605),.UNSPECIFIED.,
  .F.,.F.,(2,2),(0.,1.),.PIECEWISE_BEZIER_KNOTS.);
#10604 = CARTESIAN_POINT('',(5.77524804177E-03,0.));
#10605 = CARTESIAN_POINT('',(5.77524804177E-03,1.));
#10606 = ( GEOMETRIC_REPRESENTATION_CONTEXT(2) 
PARAMETRIC_REPRESENTATION_CONTEXT() REPRESENTATION_CONTEXT('2D SPACE',''
  ) );
#10607 = PCURVE('',#2697,#10608);
#10608 = DEFINITIONAL_REPRESENTATION('',(#10609),#10612);
#10609 = B_SPLINE_CURVE_WITH_KNOTS('',1,(#10610,#10611),.UNSPECIFIED.,
  .F.,.F.,(2,2),(0.,1.),.PIECEWISE_BEZIER_KNOTS.);
#10610 = CARTESIAN_POINT('',(0.,0.));
#10611 = CARTESIAN_POINT('',(0.,1.));
#10612 = ( GEOMETRIC_REPRESENTATION_CONTEXT(2) 
PARAMETRIC_REPRESENTATION_CONTEXT() REPRESENTATION_CONTEXT('2D SPACE',''
  ) );
#10613 = ORIENTED_EDGE('',*,*,#2654,.F.);
#10614 = ORIENTED_EDGE('',*,*,#10552,.F.);
#10615 = ADVANCED_FACE('',(#10616),#2697,.F.);
#10616 = FACE_BOUND('',#10617,.F.);
#10617 = EDGE_LOOP('',(#10618,#10639,#10657,#10658));
#10618 = ORIENTED_EDGE('',*,*,#10619,.T.);
#10619 = EDGE_CURVE('',#10576,#10620,#10622,.T.);
#10620 = VERTEX_POINT('',#10621);
#10621 = CARTESIAN_POINT('',(129.42452357744,0.,-6.187263473189));
#10622 = SURFACE_CURVE('',#10623,(#10627,#10633),.PCURVE_S1.);
#10623 = LINE('',#10624,#10625);
#10624 = CARTESIAN_POINT('',(123.69658406095,0.,-6.525215771887));
#10625 = VECTOR('',#10626,1.);
#10626 = DIRECTION('',(0.998263991242,0.,5.889824946239E-02));
#10627 = PCURVE('',#2697,#10628);
#10628 = DEFINITIONAL_REPRESENTATION('',(#10629),#10632);
#10629 = B_SPLINE_CURVE_WITH_KNOTS('',1,(#10630,#10631),.UNSPECIFIED.,
  .F.,.F.,(2,2),(0.,5.737900562117),.PIECEWISE_BEZIER_KNOTS.);
#10630 = CARTESIAN_POINT('',(0.,0.));
#10631 = CARTESIAN_POINT('',(5.737900562117E-03,0.));
#10632 = ( GEOMETRIC_REPRESENTATION_CONTEXT(2) 
PARAMETRIC_REPRESENTATION_CONTEXT() REPRESENTATION_CONTEXT('2D SPACE',''
  ) );
#10633 = PCURVE('',#5943,#10634);
#10634 = DEFINITIONAL_REPRESENTATION('',(#10635),#10638);
#10635 = B_SPLINE_CURVE_WITH_KNOTS('',1,(#10636,#10637),.UNSPECIFIED.,
  .F.,.F.,(2,2),(0.,5.737900562117),.PIECEWISE_BEZIER_KNOTS.);
#10636 = CARTESIAN_POINT('',(0.,0.));
#10637 = CARTESIAN_POINT('',(5.737900562117E-03,0.));
#10638 = ( GEOMETRIC_REPRESENTATION_CONTEXT(2) 
PARAMETRIC_REPRESENTATION_CONTEXT() REPRESENTATION_CONTEXT('2D SPACE',''
  ) );
#10639 = ORIENTED_EDGE('',*,*,#10640,.T.);
#10640 = EDGE_CURVE('',#10620,#2682,#10641,.T.);
#10641 = SURFACE_CURVE('',#10642,(#10645,#10651),.PCURVE_S1.);
#10642 = B_SPLINE_CURVE_WITH_KNOTS('',1,(#10643,#10644),.UNSPECIFIED.,
  .F.,.F.,(2,2),(0.,1.),.PIECEWISE_BEZIER_KNOTS.);
#10643 = CARTESIAN_POINT('',(129.42452357744,0.,-6.187263473189));
#10644 = CARTESIAN_POINT('',(99.529714146465,700.,32.973087414216));
#10645 = PCURVE('',#2697,#10646);
#10646 = DEFINITIONAL_REPRESENTATION('',(#10647),#10650);
#10647 = B_SPLINE_CURVE_WITH_KNOTS('',1,(#10648,#10649),.UNSPECIFIED.,
  .F.,.F.,(2,2),(0.,1.),.PIECEWISE_BEZIER_KNOTS.);
#10648 = CARTESIAN_POINT('',(5.737900562117E-03,0.));
#10649 = CARTESIAN_POINT('',(5.737900562117E-03,1.));
#10650 = ( GEOMETRIC_REPRESENTATION_CONTEXT(2) 
PARAMETRIC_REPRESENTATION_CONTEXT() REPRESENTATION_CONTEXT('2D SPACE',''
  ) );
#10651 = PCURVE('',#2724,#10652);
#10652 = DEFINITIONAL_REPRESENTATION('',(#10653),#10656);
#10653 = B_SPLINE_CURVE_WITH_KNOTS('',1,(#10654,#10655),.UNSPECIFIED.,
  .F.,.F.,(2,2),(0.,1.),.PIECEWISE_BEZIER_KNOTS.);
#10654 = CARTESIAN_POINT('',(0.,0.));
#10655 = CARTESIAN_POINT('',(0.,1.));
#10656 = ( GEOMETRIC_REPRESENTATION_CONTEXT(2) 
PARAMETRIC_REPRESENTATION_CONTEXT() REPRESENTATION_CONTEXT('2D SPACE',''
  ) );
#10657 = ORIENTED_EDGE('',*,*,#2681,.F.);
#10658 = ORIENTED_EDGE('',*,*,#10596,.F.);
#10659 = ADVANCED_FACE('',(#10660),#2724,.F.);
#10660 = FACE_BOUND('',#10661,.F.);
#10661 = EDGE_LOOP('',(#10662,#10683,#10701,#10702));
#10662 = ORIENTED_EDGE('',*,*,#10663,.T.);
#10663 = EDGE_CURVE('',#10620,#10664,#10666,.T.);
#10664 = VERTEX_POINT('',#10665);
#10665 = CARTESIAN_POINT('',(135.09844709525,0.,-5.843926846429));
#10666 = SURFACE_CURVE('',#10667,(#10671,#10677),.PCURVE_S1.);
#10667 = LINE('',#10668,#10669);
#10668 = CARTESIAN_POINT('',(129.42452357744,0.,-6.187263473189));
#10669 = VECTOR('',#10670,1.);
#10670 = DIRECTION('',(0.998174202314,0.,6.040084299088E-02));
#10671 = PCURVE('',#2724,#10672);
#10672 = DEFINITIONAL_REPRESENTATION('',(#10673),#10676);
#10673 = B_SPLINE_CURVE_WITH_KNOTS('',1,(#10674,#10675),.UNSPECIFIED.,
  .F.,.F.,(2,2),(0.,5.684301903068),.PIECEWISE_BEZIER_KNOTS.);
#10674 = CARTESIAN_POINT('',(0.,0.));
#10675 = CARTESIAN_POINT('',(5.684301903068E-03,0.));
#10676 = ( GEOMETRIC_REPRESENTATION_CONTEXT(2) 
PARAMETRIC_REPRESENTATION_CONTEXT() REPRESENTATION_CONTEXT('2D SPACE',''
  ) );
#10677 = PCURVE('',#5970,#10678);
#10678 = DEFINITIONAL_REPRESENTATION('',(#10679),#10682);
#10679 = B_SPLINE_CURVE_WITH_KNOTS('',1,(#10680,#10681),.UNSPECIFIED.,
  .F.,.F.,(2,2),(0.,5.684301903068),.PIECEWISE_BEZIER_KNOTS.);
#10680 = CARTESIAN_POINT('',(0.,0.));
#10681 = CARTESIAN_POINT('',(5.684301903068E-03,0.));
#10682 = ( GEOMETRIC_REPRESENTATION_CONTEXT(2) 
PARAMETRIC_REPRESENTATION_CONTEXT() REPRESENTATION_CONTEXT('2D SPACE',''
  ) );
#10683 = ORIENTED_EDGE('',*,*,#10684,.T.);
#10684 = EDGE_CURVE('',#10664,#2709,#10685,.T.);
#10685 = SURFACE_CURVE('',#10686,(#10689,#10695),.PCURVE_S1.);
#10686 = B_SPLINE_CURVE_WITH_KNOTS('',1,(#10687,#10688),.UNSPECIFIED.,
  .F.,.F.,(2,2),(0.,1.),.PIECEWISE_BEZIER_KNOTS.);
#10687 = CARTESIAN_POINT('',(135.09844709525,0.,-5.843926846429));
#10688 = CARTESIAN_POINT('',(102.93406825715,700.,33.179089390272));
#10689 = PCURVE('',#2724,#10690);
#10690 = DEFINITIONAL_REPRESENTATION('',(#10691),#10694);
#10691 = B_SPLINE_CURVE_WITH_KNOTS('',1,(#10692,#10693),.UNSPECIFIED.,
  .F.,.F.,(2,2),(0.,1.),.PIECEWISE_BEZIER_KNOTS.);
#10692 = CARTESIAN_POINT('',(5.684301903068E-03,0.));
#10693 = CARTESIAN_POINT('',(5.684301903068E-03,1.));
#10694 = ( GEOMETRIC_REPRESENTATION_CONTEXT(2) 
PARAMETRIC_REPRESENTATION_CONTEXT() REPRESENTATION_CONTEXT('2D SPACE',''
  ) );
#10695 = PCURVE('',#2751,#10696);
#10696 = DEFINITIONAL_REPRESENTATION('',(#10697),#10700);
#10697 = B_SPLINE_CURVE_WITH_KNOTS('',1,(#10698,#10699),.UNSPECIFIED.,
  .F.,.F.,(2,2),(0.,1.),.PIECEWISE_BEZIER_KNOTS.);
#10698 = CARTESIAN_POINT('',(0.,0.));
#10699 = CARTESIAN_POINT('',(0.,1.));
#10700 = ( GEOMETRIC_REPRESENTATION_CONTEXT(2) 
PARAMETRIC_REPRESENTATION_CONTEXT() REPRESENTATION_CONTEXT('2D SPACE',''
  ) );
#10701 = ORIENTED_EDGE('',*,*,#2708,.F.);
#10702 = ORIENTED_EDGE('',*,*,#10640,.F.);
#10703 = ADVANCED_FACE('',(#10704),#2751,.F.);
#10704 = FACE_BOUND('',#10705,.F.);
#10705 = EDGE_LOOP('',(#10706,#10727,#10745,#10746));
#10706 = ORIENTED_EDGE('',*,*,#10707,.T.);
#10707 = EDGE_CURVE('',#10664,#10708,#10710,.T.);
#10708 = VERTEX_POINT('',#10709);
#10709 = CARTESIAN_POINT('',(140.70233600418,0.,-5.497904375451));
#10710 = SURFACE_CURVE('',#10711,(#10715,#10721),.PCURVE_S1.);
#10711 = LINE('',#10712,#10713);
#10712 = CARTESIAN_POINT('',(135.09844709525,0.,-5.843926846429));
#10713 = VECTOR('',#10714,1.);
#10714 = DIRECTION('',(0.99809909736,0.,6.162947224004E-02));
#10715 = PCURVE('',#2751,#10716);
#10716 = DEFINITIONAL_REPRESENTATION('',(#10717),#10720);
#10717 = B_SPLINE_CURVE_WITH_KNOTS('',1,(#10718,#10719),.UNSPECIFIED.,
  .F.,.F.,(2,2),(0.,5.614561643981),.PIECEWISE_BEZIER_KNOTS.);
#10718 = CARTESIAN_POINT('',(0.,0.));
#10719 = CARTESIAN_POINT('',(5.614561643981E-03,0.));
#10720 = ( GEOMETRIC_REPRESENTATION_CONTEXT(2) 
PARAMETRIC_REPRESENTATION_CONTEXT() REPRESENTATION_CONTEXT('2D SPACE',''
  ) );
#10721 = PCURVE('',#5997,#10722);
#10722 = DEFINITIONAL_REPRESENTATION('',(#10723),#10726);
#10723 = B_SPLINE_CURVE_WITH_KNOTS('',1,(#10724,#10725),.UNSPECIFIED.,
  .F.,.F.,(2,2),(0.,5.614561643981),.PIECEWISE_BEZIER_KNOTS.);
#10724 = CARTESIAN_POINT('',(0.,0.));
#10725 = CARTESIAN_POINT('',(5.614561643981E-03,0.));
#10726 = ( GEOMETRIC_REPRESENTATION_CONTEXT(2) 
PARAMETRIC_REPRESENTATION_CONTEXT() REPRESENTATION_CONTEXT('2D SPACE',''
  ) );
#10727 = ORIENTED_EDGE('',*,*,#10728,.T.);
#10728 = EDGE_CURVE('',#10708,#2736,#10729,.T.);
#10729 = SURFACE_CURVE('',#10730,(#10733,#10739),.PCURVE_S1.);
#10730 = B_SPLINE_CURVE_WITH_KNOTS('',1,(#10731,#10732),.UNSPECIFIED.,
  .F.,.F.,(2,2),(0.,1.),.PIECEWISE_BEZIER_KNOTS.);
#10731 = CARTESIAN_POINT('',(140.70233600418,0.,-5.497904375451));
#10732 = CARTESIAN_POINT('',(106.29640160251,700.,33.386702872858));
#10733 = PCURVE('',#2751,#10734);
#10734 = DEFINITIONAL_REPRESENTATION('',(#10735),#10738);
#10735 = B_SPLINE_CURVE_WITH_KNOTS('',1,(#10736,#10737),.UNSPECIFIED.,
  .F.,.F.,(2,2),(0.,1.),.PIECEWISE_BEZIER_KNOTS.);
#10736 = CARTESIAN_POINT('',(5.614561643981E-03,0.));
#10737 = CARTESIAN_POINT('',(5.614561643981E-03,1.));
#10738 = ( GEOMETRIC_REPRESENTATION_CONTEXT(2) 
PARAMETRIC_REPRESENTATION_CONTEXT() REPRESENTATION_CONTEXT('2D SPACE',''
  ) );
#10739 = PCURVE('',#2778,#10740);
#10740 = DEFINITIONAL_REPRESENTATION('',(#10741),#10744);
#10741 = B_SPLINE_CURVE_WITH_KNOTS('',1,(#10742,#10743),.UNSPECIFIED.,
  .F.,.F.,(2,2),(0.,1.),.PIECEWISE_BEZIER_KNOTS.);
#10742 = CARTESIAN_POINT('',(0.,0.));
#10743 = CARTESIAN_POINT('',(0.,1.));
#10744 = ( GEOMETRIC_REPRESENTATION_CONTEXT(2) 
PARAMETRIC_REPRESENTATION_CONTEXT() REPRESENTATION_CONTEXT('2D SPACE',''
  ) );
#10745 = ORIENTED_EDGE('',*,*,#2735,.F.);
#10746 = ORIENTED_EDGE('',*,*,#10684,.F.);
#10747 = ADVANCED_FACE('',(#10748),#2778,.F.);
#10748 = FACE_BOUND('',#10749,.F.);
#10749 = EDGE_LOOP('',(#10750,#10771,#10789,#10790));
#10750 = ORIENTED_EDGE('',*,*,#10751,.T.);
#10751 = EDGE_CURVE('',#10708,#10752,#10754,.T.);
#10752 = VERTEX_POINT('',#10753);
#10753 = CARTESIAN_POINT('',(146.22032084971,0.,-5.151628821822));
#10754 = SURFACE_CURVE('',#10755,(#10759,#10765),.PCURVE_S1.);
#10755 = LINE('',#10756,#10757);
#10756 = CARTESIAN_POINT('',(140.70233600418,0.,-5.497904375451));
#10757 = VECTOR('',#10758,1.);
#10758 = DIRECTION('',(0.998036765116,0.,6.26307869733E-02));
#10759 = PCURVE('',#2778,#10760);
#10760 = DEFINITIONAL_REPRESENTATION('',(#10761),#10764);
#10761 = B_SPLINE_CURVE_WITH_KNOTS('',1,(#10762,#10763),.UNSPECIFIED.,
  .F.,.F.,(2,2),(0.,5.528839255631),.PIECEWISE_BEZIER_KNOTS.);
#10762 = CARTESIAN_POINT('',(0.,0.));
#10763 = CARTESIAN_POINT('',(5.528839255631E-03,0.));
#10764 = ( GEOMETRIC_REPRESENTATION_CONTEXT(2) 
PARAMETRIC_REPRESENTATION_CONTEXT() REPRESENTATION_CONTEXT('2D SPACE',''
  ) );
#10765 = PCURVE('',#6024,#10766);
#10766 = DEFINITIONAL_REPRESENTATION('',(#10767),#10770);
#10767 = B_SPLINE_CURVE_WITH_KNOTS('',1,(#10768,#10769),.UNSPECIFIED.,
  .F.,.F.,(2,2),(0.,5.528839255631),.PIECEWISE_BEZIER_KNOTS.);
#10768 = CARTESIAN_POINT('',(0.,0.));
#10769 = CARTESIAN_POINT('',(5.528839255631E-03,0.));
#10770 = ( GEOMETRIC_REPRESENTATION_CONTEXT(2) 
PARAMETRIC_REPRESENTATION_CONTEXT() REPRESENTATION_CONTEXT('2D SPACE',''
  ) );
#10771 = ORIENTED_EDGE('',*,*,#10772,.T.);
#10772 = EDGE_CURVE('',#10752,#2763,#10773,.T.);
#10773 = SURFACE_CURVE('',#10774,(#10777,#10783),.PCURVE_S1.);
#10774 = B_SPLINE_CURVE_WITH_KNOTS('',1,(#10775,#10776),.UNSPECIFIED.,
  .F.,.F.,(2,2),(0.,1.),.PIECEWISE_BEZIER_KNOTS.);
#10775 = CARTESIAN_POINT('',(146.22032084971,0.,-5.151628821822));
#10776 = CARTESIAN_POINT('',(109.60719250983,700.,33.594468205036));
#10777 = PCURVE('',#2778,#10778);
#10778 = DEFINITIONAL_REPRESENTATION('',(#10779),#10782);
#10779 = B_SPLINE_CURVE_WITH_KNOTS('',1,(#10780,#10781),.UNSPECIFIED.,
  .F.,.F.,(2,2),(0.,1.),.PIECEWISE_BEZIER_KNOTS.);
#10780 = CARTESIAN_POINT('',(5.528839255631E-03,0.));
#10781 = CARTESIAN_POINT('',(5.528839255631E-03,1.));
#10782 = ( GEOMETRIC_REPRESENTATION_CONTEXT(2) 
PARAMETRIC_REPRESENTATION_CONTEXT() REPRESENTATION_CONTEXT('2D SPACE',''
  ) );
#10783 = PCURVE('',#2805,#10784);
#10784 = DEFINITIONAL_REPRESENTATION('',(#10785),#10788);
#10785 = B_SPLINE_CURVE_WITH_KNOTS('',1,(#10786,#10787),.UNSPECIFIED.,
  .F.,.F.,(2,2),(0.,1.),.PIECEWISE_BEZIER_KNOTS.);
#10786 = CARTESIAN_POINT('',(0.,0.));
#10787 = CARTESIAN_POINT('',(0.,1.));
#10788 = ( GEOMETRIC_REPRESENTATION_CONTEXT(2) 
PARAMETRIC_REPRESENTATION_CONTEXT() REPRESENTATION_CONTEXT('2D SPACE',''
  ) );
#10789 = ORIENTED_EDGE('',*,*,#2762,.F.);
#10790 = ORIENTED_EDGE('',*,*,#10728,.F.);
#10791 = ADVANCED_FACE('',(#10792),#2805,.F.);
#10792 = FACE_BOUND('',#10793,.F.);
#10793 = EDGE_LOOP('',(#10794,#10815,#10833,#10834));
#10794 = ORIENTED_EDGE('',*,*,#10795,.T.);
#10795 = EDGE_CURVE('',#10752,#10796,#10798,.T.);
#10796 = VERTEX_POINT('',#10797);
#10797 = CARTESIAN_POINT('',(151.6367282705,0.,-4.807273666589));
#10798 = SURFACE_CURVE('',#10799,(#10803,#10809),.PCURVE_S1.);
#10799 = LINE('',#10800,#10801);
#10800 = CARTESIAN_POINT('',(146.22032084971,0.,-5.151628821822));
#10801 = VECTOR('',#10802,1.);
#10802 = DIRECTION('',(0.997985132832,0.,6.344820443494E-02));
#10803 = PCURVE('',#2805,#10804);
#10804 = DEFINITIONAL_REPRESENTATION('',(#10805),#10808);
#10805 = B_SPLINE_CURVE_WITH_KNOTS('',1,(#10806,#10807),.UNSPECIFIED.,
  .F.,.F.,(2,2),(0.,5.427342795589),.PIECEWISE_BEZIER_KNOTS.);
#10806 = CARTESIAN_POINT('',(0.,0.));
#10807 = CARTESIAN_POINT('',(5.427342795589E-03,0.));
#10808 = ( GEOMETRIC_REPRESENTATION_CONTEXT(2) 
PARAMETRIC_REPRESENTATION_CONTEXT() REPRESENTATION_CONTEXT('2D SPACE',''
  ) );
#10809 = PCURVE('',#6051,#10810);
#10810 = DEFINITIONAL_REPRESENTATION('',(#10811),#10814);
#10811 = B_SPLINE_CURVE_WITH_KNOTS('',1,(#10812,#10813),.UNSPECIFIED.,
  .F.,.F.,(2,2),(0.,5.427342795589),.PIECEWISE_BEZIER_KNOTS.);
#10812 = CARTESIAN_POINT('',(0.,0.));
#10813 = CARTESIAN_POINT('',(5.427342795589E-03,0.));
#10814 = ( GEOMETRIC_REPRESENTATION_CONTEXT(2) 
PARAMETRIC_REPRESENTATION_CONTEXT() REPRESENTATION_CONTEXT('2D SPACE',''
  ) );
#10815 = ORIENTED_EDGE('',*,*,#10816,.T.);
#10816 = EDGE_CURVE('',#10796,#2790,#10817,.T.);
#10817 = SURFACE_CURVE('',#10818,(#10821,#10827),.PCURVE_S1.);
#10818 = B_SPLINE_CURVE_WITH_KNOTS('',1,(#10819,#10820),.UNSPECIFIED.,
  .F.,.F.,(2,2),(0.,1.),.PIECEWISE_BEZIER_KNOTS.);
#10819 = CARTESIAN_POINT('',(151.6367282705,0.,-4.807273666589));
#10820 = CARTESIAN_POINT('',(112.8570369623,700.,33.801081298175));
#10821 = PCURVE('',#2805,#10822);
#10822 = DEFINITIONAL_REPRESENTATION('',(#10823),#10826);
#10823 = B_SPLINE_CURVE_WITH_KNOTS('',1,(#10824,#10825),.UNSPECIFIED.,
  .F.,.F.,(2,2),(0.,1.),.PIECEWISE_BEZIER_KNOTS.);
#10824 = CARTESIAN_POINT('',(5.427342795589E-03,0.));
#10825 = CARTESIAN_POINT('',(5.427342795589E-03,1.));
#10826 = ( GEOMETRIC_REPRESENTATION_CONTEXT(2) 
PARAMETRIC_REPRESENTATION_CONTEXT() REPRESENTATION_CONTEXT('2D SPACE',''
  ) );
#10827 = PCURVE('',#2832,#10828);
#10828 = DEFINITIONAL_REPRESENTATION('',(#10829),#10832);
#10829 = B_SPLINE_CURVE_WITH_KNOTS('',1,(#10830,#10831),.UNSPECIFIED.,
  .F.,.F.,(2,2),(0.,1.),.PIECEWISE_BEZIER_KNOTS.);
#10830 = CARTESIAN_POINT('',(0.,0.));
#10831 = CARTESIAN_POINT('',(0.,1.));
#10832 = ( GEOMETRIC_REPRESENTATION_CONTEXT(2) 
PARAMETRIC_REPRESENTATION_CONTEXT() REPRESENTATION_CONTEXT('2D SPACE',''
  ) );
#10833 = ORIENTED_EDGE('',*,*,#2789,.F.);
#10834 = ORIENTED_EDGE('',*,*,#10772,.F.);
#10835 = ADVANCED_FACE('',(#10836),#2832,.F.);
#10836 = FACE_BOUND('',#10837,.F.);
#10837 = EDGE_LOOP('',(#10838,#10859,#10877,#10878));
#10838 = ORIENTED_EDGE('',*,*,#10839,.T.);
#10839 = EDGE_CURVE('',#10796,#10840,#10842,.T.);
#10840 = VERTEX_POINT('',#10841);
#10841 = CARTESIAN_POINT('',(156.936127668,0.,-4.466767476934));
#10842 = SURFACE_CURVE('',#10843,(#10847,#10853),.PCURVE_S1.);
#10843 = LINE('',#10844,#10845);
#10844 = CARTESIAN_POINT('',(151.6367282705,0.,-4.807273666589));
#10845 = VECTOR('',#10846,1.);
#10846 = DIRECTION('',(0.997942098861,0.,6.412150436138E-02));
#10847 = PCURVE('',#2832,#10848);
#10848 = DEFINITIONAL_REPRESENTATION('',(#10849),#10852);
#10849 = B_SPLINE_CURVE_WITH_KNOTS('',1,(#10850,#10851),.UNSPECIFIED.,
  .F.,.F.,(2,2),(0.,5.310327526571),.PIECEWISE_BEZIER_KNOTS.);
#10850 = CARTESIAN_POINT('',(0.,0.));
#10851 = CARTESIAN_POINT('',(5.310327526571E-03,0.));
#10852 = ( GEOMETRIC_REPRESENTATION_CONTEXT(2) 
PARAMETRIC_REPRESENTATION_CONTEXT() REPRESENTATION_CONTEXT('2D SPACE',''
  ) );
#10853 = PCURVE('',#6078,#10854);
#10854 = DEFINITIONAL_REPRESENTATION('',(#10855),#10858);
#10855 = B_SPLINE_CURVE_WITH_KNOTS('',1,(#10856,#10857),.UNSPECIFIED.,
  .F.,.F.,(2,2),(0.,5.310327526571),.PIECEWISE_BEZIER_KNOTS.);
#10856 = CARTESIAN_POINT('',(0.,0.));
#10857 = CARTESIAN_POINT('',(5.310327526571E-03,0.));
#10858 = ( GEOMETRIC_REPRESENTATION_CONTEXT(2) 
PARAMETRIC_REPRESENTATION_CONTEXT() REPRESENTATION_CONTEXT('2D SPACE',''
  ) );
#10859 = ORIENTED_EDGE('',*,*,#10860,.T.);
#10860 = EDGE_CURVE('',#10840,#2817,#10861,.T.);
#10861 = SURFACE_CURVE('',#10862,(#10865,#10871),.PCURVE_S1.);
#10862 = B_SPLINE_CURVE_WITH_KNOTS('',1,(#10863,#10864),.UNSPECIFIED.,
  .F.,.F.,(2,2),(0.,1.),.PIECEWISE_BEZIER_KNOTS.);
#10863 = CARTESIAN_POINT('',(156.936127668,0.,-4.466767476934));
#10864 = CARTESIAN_POINT('',(116.0366766008,700.,34.005385011969));
#10865 = PCURVE('',#2832,#10866);
#10866 = DEFINITIONAL_REPRESENTATION('',(#10867),#10870);
#10867 = B_SPLINE_CURVE_WITH_KNOTS('',1,(#10868,#10869),.UNSPECIFIED.,
  .F.,.F.,(2,2),(0.,1.),.PIECEWISE_BEZIER_KNOTS.);
#10868 = CARTESIAN_POINT('',(5.310327526571E-03,0.));
#10869 = CARTESIAN_POINT('',(5.310327526571E-03,1.));
#10870 = ( GEOMETRIC_REPRESENTATION_CONTEXT(2) 
PARAMETRIC_REPRESENTATION_CONTEXT() REPRESENTATION_CONTEXT('2D SPACE',''
  ) );
#10871 = PCURVE('',#2859,#10872);
#10872 = DEFINITIONAL_REPRESENTATION('',(#10873),#10876);
#10873 = B_SPLINE_CURVE_WITH_KNOTS('',1,(#10874,#10875),.UNSPECIFIED.,
  .F.,.F.,(2,2),(0.,1.),.PIECEWISE_BEZIER_KNOTS.);
#10874 = CARTESIAN_POINT('',(0.,0.));
#10875 = CARTESIAN_POINT('',(0.,1.));
#10876 = ( GEOMETRIC_REPRESENTATION_CONTEXT(2) 
PARAMETRIC_REPRESENTATION_CONTEXT() REPRESENTATION_CONTEXT('2D SPACE',''
  ) );
#10877 = ORIENTED_EDGE('',*,*,#2816,.F.);
#10878 = ORIENTED_EDGE('',*,*,#10816,.F.);
#10879 = ADVANCED_FACE('',(#10880),#2859,.F.);
#10880 = FACE_BOUND('',#10881,.F.);
#10881 = EDGE_LOOP('',(#10882,#10903,#10921,#10922));
#10882 = ORIENTED_EDGE('',*,*,#10883,.T.);
#10883 = EDGE_CURVE('',#10840,#10884,#10886,.T.);
#10884 = VERTEX_POINT('',#10885);
#10885 = CARTESIAN_POINT('',(162.10337737345,0.,-4.131814793751));
#10886 = SURFACE_CURVE('',#10887,(#10891,#10897),.PCURVE_S1.);
#10887 = LINE('',#10888,#10889);
#10888 = CARTESIAN_POINT('',(156.936127668,0.,-4.466767476934));
#10889 = VECTOR('',#10890,1.);
#10890 = DIRECTION('',(0.997905636776,0.,6.468647533104E-02));
#10891 = PCURVE('',#2859,#10892);
#10892 = DEFINITIONAL_REPRESENTATION('',(#10893),#10896);
#10893 = B_SPLINE_CURVE_WITH_KNOTS('',1,(#10894,#10895),.UNSPECIFIED.,
  .F.,.F.,(2,2),(0.,5.178094516176),.PIECEWISE_BEZIER_KNOTS.);
#10894 = CARTESIAN_POINT('',(0.,0.));
#10895 = CARTESIAN_POINT('',(5.178094516176E-03,0.));
#10896 = ( GEOMETRIC_REPRESENTATION_CONTEXT(2) 
PARAMETRIC_REPRESENTATION_CONTEXT() REPRESENTATION_CONTEXT('2D SPACE',''
  ) );
#10897 = PCURVE('',#6105,#10898);
#10898 = DEFINITIONAL_REPRESENTATION('',(#10899),#10902);
#10899 = B_SPLINE_CURVE_WITH_KNOTS('',1,(#10900,#10901),.UNSPECIFIED.,
  .F.,.F.,(2,2),(0.,5.178094516176),.PIECEWISE_BEZIER_KNOTS.);
#10900 = CARTESIAN_POINT('',(0.,0.));
#10901 = CARTESIAN_POINT('',(5.178094516176E-03,0.));
#10902 = ( GEOMETRIC_REPRESENTATION_CONTEXT(2) 
PARAMETRIC_REPRESENTATION_CONTEXT() REPRESENTATION_CONTEXT('2D SPACE',''
  ) );
#10903 = ORIENTED_EDGE('',*,*,#10904,.T.);
#10904 = EDGE_CURVE('',#10884,#2844,#10905,.T.);
#10905 = SURFACE_CURVE('',#10906,(#10909,#10915),.PCURVE_S1.);
#10906 = B_SPLINE_CURVE_WITH_KNOTS('',1,(#10907,#10908),.UNSPECIFIED.,
  .F.,.F.,(2,2),(0.,1.),.PIECEWISE_BEZIER_KNOTS.);
#10907 = CARTESIAN_POINT('',(162.10337737345,0.,-4.131814793751));
#10908 = CARTESIAN_POINT('',(119.13702642407,700.,34.206356621878));
#10909 = PCURVE('',#2859,#10910);
#10910 = DEFINITIONAL_REPRESENTATION('',(#10911),#10914);
#10911 = B_SPLINE_CURVE_WITH_KNOTS('',1,(#10912,#10913),.UNSPECIFIED.,
  .F.,.F.,(2,2),(0.,1.),.PIECEWISE_BEZIER_KNOTS.);
#10912 = CARTESIAN_POINT('',(5.178094516176E-03,0.));
#10913 = CARTESIAN_POINT('',(5.178094516176E-03,1.));
#10914 = ( GEOMETRIC_REPRESENTATION_CONTEXT(2) 
PARAMETRIC_REPRESENTATION_CONTEXT() REPRESENTATION_CONTEXT('2D SPACE',''
  ) );
#10915 = PCURVE('',#2886,#10916);
#10916 = DEFINITIONAL_REPRESENTATION('',(#10917),#10920);
#10917 = B_SPLINE_CURVE_WITH_KNOTS('',1,(#10918,#10919),.UNSPECIFIED.,
  .F.,.F.,(2,2),(0.,1.),.PIECEWISE_BEZIER_KNOTS.);
#10918 = CARTESIAN_POINT('',(0.,0.));
#10919 = CARTESIAN_POINT('',(0.,1.));
#10920 = ( GEOMETRIC_REPRESENTATION_CONTEXT(2) 
PARAMETRIC_REPRESENTATION_CONTEXT() REPRESENTATION_CONTEXT('2D SPACE',''
  ) );
#10921 = ORIENTED_EDGE('',*,*,#2843,.F.);
#10922 = ORIENTED_EDGE('',*,*,#10860,.F.);
#10923 = ADVANCED_FACE('',(#10924),#2886,.F.);
#10924 = FACE_BOUND('',#10925,.F.);
#10925 = EDGE_LOOP('',(#10926,#10947,#10965,#10966));
#10926 = ORIENTED_EDGE('',*,*,#10927,.T.);
#10927 = EDGE_CURVE('',#10884,#10928,#10930,.T.);
#10928 = VERTEX_POINT('',#10929);
#10929 = CARTESIAN_POINT('',(167.12367011996,0.,-3.803921935168));
#10930 = SURFACE_CURVE('',#10931,(#10935,#10941),.PCURVE_S1.);
#10931 = LINE('',#10932,#10933);
#10932 = CARTESIAN_POINT('',(162.10337737345,0.,-4.131814793751));
#10933 = VECTOR('',#10934,1.);
#10934 = DIRECTION('',(0.997873873664,0.,6.517462894358E-02));
#10935 = PCURVE('',#2886,#10936);
#10936 = DEFINITIONAL_REPRESENTATION('',(#10937),#10940);
#10937 = B_SPLINE_CURVE_WITH_KNOTS('',1,(#10938,#10939),.UNSPECIFIED.,
  .F.,.F.,(2,2),(0.,5.030989265277),.PIECEWISE_BEZIER_KNOTS.);
#10938 = CARTESIAN_POINT('',(0.,0.));
#10939 = CARTESIAN_POINT('',(5.030989265277E-03,0.));
#10940 = ( GEOMETRIC_REPRESENTATION_CONTEXT(2) 
PARAMETRIC_REPRESENTATION_CONTEXT() REPRESENTATION_CONTEXT('2D SPACE',''
  ) );
#10941 = PCURVE('',#6132,#10942);
#10942 = DEFINITIONAL_REPRESENTATION('',(#10943),#10946);
#10943 = B_SPLINE_CURVE_WITH_KNOTS('',1,(#10944,#10945),.UNSPECIFIED.,
  .F.,.F.,(2,2),(0.,5.030989265277),.PIECEWISE_BEZIER_KNOTS.);
#10944 = CARTESIAN_POINT('',(0.,0.));
#10945 = CARTESIAN_POINT('',(5.030989265277E-03,0.));
#10946 = ( GEOMETRIC_REPRESENTATION_CONTEXT(2) 
PARAMETRIC_REPRESENTATION_CONTEXT() REPRESENTATION_CONTEXT('2D SPACE',''
  ) );
#10947 = ORIENTED_EDGE('',*,*,#10948,.T.);
#10948 = EDGE_CURVE('',#10928,#2871,#10949,.T.);
#10949 = SURFACE_CURVE('',#10950,(#10953,#10959),.PCURVE_S1.);
#10950 = B_SPLINE_CURVE_WITH_KNOTS('',1,(#10951,#10952),.UNSPECIFIED.,
  .F.,.F.,(2,2),(0.,1.),.PIECEWISE_BEZIER_KNOTS.);
#10951 = CARTESIAN_POINT('',(167.12367011996,0.,-3.803921935168));
#10952 = CARTESIAN_POINT('',(122.14920207197,700.,34.403092337028));
#10953 = PCURVE('',#2886,#10954);
#10954 = DEFINITIONAL_REPRESENTATION('',(#10955),#10958);
#10955 = B_SPLINE_CURVE_WITH_KNOTS('',1,(#10956,#10957),.UNSPECIFIED.,
  .F.,.F.,(2,2),(0.,1.),.PIECEWISE_BEZIER_KNOTS.);
#10956 = CARTESIAN_POINT('',(5.030989265277E-03,0.));
#10957 = CARTESIAN_POINT('',(5.030989265277E-03,1.));
#10958 = ( GEOMETRIC_REPRESENTATION_CONTEXT(2) 
PARAMETRIC_REPRESENTATION_CONTEXT() REPRESENTATION_CONTEXT('2D SPACE',''
  ) );
#10959 = PCURVE('',#2913,#10960);
#10960 = DEFINITIONAL_REPRESENTATION('',(#10961),#10964);
#10961 = B_SPLINE_CURVE_WITH_KNOTS('',1,(#10962,#10963),.UNSPECIFIED.,
  .F.,.F.,(2,2),(0.,1.),.PIECEWISE_BEZIER_KNOTS.);
#10962 = CARTESIAN_POINT('',(0.,0.));
#10963 = CARTESIAN_POINT('',(0.,1.));
#10964 = ( GEOMETRIC_REPRESENTATION_CONTEXT(2) 
PARAMETRIC_REPRESENTATION_CONTEXT() REPRESENTATION_CONTEXT('2D SPACE',''
  ) );
#10965 = ORIENTED_EDGE('',*,*,#2870,.F.);
#10966 = ORIENTED_EDGE('',*,*,#10904,.F.);
#10967 = ADVANCED_FACE('',(#10968),#2913,.F.);
#10968 = FACE_BOUND('',#10969,.F.);
#10969 = EDGE_LOOP('',(#10970,#10991,#11009,#11010));
#10970 = ORIENTED_EDGE('',*,*,#10971,.T.);
#10971 = EDGE_CURVE('',#10928,#10972,#10974,.T.);
#10972 = VERTEX_POINT('',#10973);
#10973 = CARTESIAN_POINT('',(171.98257767217,0.,-3.484425992382));
#10974 = SURFACE_CURVE('',#10975,(#10979,#10985),.PCURVE_S1.);
#10975 = LINE('',#10976,#10977);
#10976 = CARTESIAN_POINT('',(167.12367011996,0.,-3.803921935168));
#10977 = VECTOR('',#10978,1.);
#10978 = DIRECTION('',(0.997845145763,0.,6.561299472646E-02));
#10979 = PCURVE('',#2913,#10980);
#10980 = DEFINITIONAL_REPRESENTATION('',(#10981),#10984);
#10981 = B_SPLINE_CURVE_WITH_KNOTS('',1,(#10982,#10983),.UNSPECIFIED.,
  .F.,.F.,(2,2),(0.,4.869400400293),.PIECEWISE_BEZIER_KNOTS.);
#10982 = CARTESIAN_POINT('',(0.,0.));
#10983 = CARTESIAN_POINT('',(4.869400400293E-03,0.));
#10984 = ( GEOMETRIC_REPRESENTATION_CONTEXT(2) 
PARAMETRIC_REPRESENTATION_CONTEXT() REPRESENTATION_CONTEXT('2D SPACE',''
  ) );
#10985 = PCURVE('',#6159,#10986);
#10986 = DEFINITIONAL_REPRESENTATION('',(#10987),#10990);
#10987 = B_SPLINE_CURVE_WITH_KNOTS('',1,(#10988,#10989),.UNSPECIFIED.,
  .F.,.F.,(2,2),(0.,4.869400400293),.PIECEWISE_BEZIER_KNOTS.);
#10988 = CARTESIAN_POINT('',(0.,0.));
#10989 = CARTESIAN_POINT('',(4.869400400293E-03,0.));
#10990 = ( GEOMETRIC_REPRESENTATION_CONTEXT(2) 
PARAMETRIC_REPRESENTATION_CONTEXT() REPRESENTATION_CONTEXT('2D SPACE',''
  ) );
#10991 = ORIENTED_EDGE('',*,*,#10992,.T.);
#10992 = EDGE_CURVE('',#10972,#2898,#10993,.T.);
#10993 = SURFACE_CURVE('',#10994,(#10997,#11003),.PCURVE_S1.);
#10994 = B_SPLINE_CURVE_WITH_KNOTS('',1,(#10995,#10996),.UNSPECIFIED.,
  .F.,.F.,(2,2),(0.,1.),.PIECEWISE_BEZIER_KNOTS.);
#10995 = CARTESIAN_POINT('',(171.98257767217,0.,-3.484425992382));
#10996 = CARTESIAN_POINT('',(125.0645466033,700.,34.594789902699));
#10997 = PCURVE('',#2913,#10998);
#10998 = DEFINITIONAL_REPRESENTATION('',(#10999),#11002);
#10999 = B_SPLINE_CURVE_WITH_KNOTS('',1,(#11000,#11001),.UNSPECIFIED.,
  .F.,.F.,(2,2),(0.,1.),.PIECEWISE_BEZIER_KNOTS.);
#11000 = CARTESIAN_POINT('',(4.869400400293E-03,0.));
#11001 = CARTESIAN_POINT('',(4.869400400293E-03,1.));
#11002 = ( GEOMETRIC_REPRESENTATION_CONTEXT(2) 
PARAMETRIC_REPRESENTATION_CONTEXT() REPRESENTATION_CONTEXT('2D SPACE',''
  ) );
#11003 = PCURVE('',#2940,#11004);
#11004 = DEFINITIONAL_REPRESENTATION('',(#11005),#11008);
#11005 = B_SPLINE_CURVE_WITH_KNOTS('',1,(#11006,#11007),.UNSPECIFIED.,
  .F.,.F.,(2,2),(0.,1.),.PIECEWISE_BEZIER_KNOTS.);
#11006 = CARTESIAN_POINT('',(0.,0.));
#11007 = CARTESIAN_POINT('',(0.,1.));
#11008 = ( GEOMETRIC_REPRESENTATION_CONTEXT(2) 
PARAMETRIC_REPRESENTATION_CONTEXT() REPRESENTATION_CONTEXT('2D SPACE',''
  ) );
#11009 = ORIENTED_EDGE('',*,*,#2897,.F.);
#11010 = ORIENTED_EDGE('',*,*,#10948,.F.);
#11011 = ADVANCED_FACE('',(#11012),#2940,.F.);
#11012 = FACE_BOUND('',#11013,.F.);
#11013 = EDGE_LOOP('',(#11014,#11035,#11053,#11054));
#11014 = ORIENTED_EDGE('',*,*,#11015,.T.);
#11015 = EDGE_CURVE('',#10972,#11016,#11018,.T.);
#11016 = VERTEX_POINT('',#11017);
#11017 = CARTESIAN_POINT('',(176.66609450725,0.,-3.174525260686));
#11018 = SURFACE_CURVE('',#11019,(#11023,#11029),.PCURVE_S1.);
#11019 = LINE('',#11020,#11021);
#11020 = CARTESIAN_POINT('',(171.98257767217,0.,-3.484425992382));
#11021 = VECTOR('',#11022,1.);
#11022 = DIRECTION('',(0.997818034894,0.,6.602400503773E-02));
#11023 = PCURVE('',#2940,#11024);
#11024 = DEFINITIONAL_REPRESENTATION('',(#11025),#11028);
#11025 = B_SPLINE_CURVE_WITH_KNOTS('',1,(#11026,#11027),.UNSPECIFIED.,
  .F.,.F.,(2,2),(0.,4.693758452241),.PIECEWISE_BEZIER_KNOTS.);
#11026 = CARTESIAN_POINT('',(0.,0.));
#11027 = CARTESIAN_POINT('',(4.693758452241E-03,0.));
#11028 = ( GEOMETRIC_REPRESENTATION_CONTEXT(2) 
PARAMETRIC_REPRESENTATION_CONTEXT() REPRESENTATION_CONTEXT('2D SPACE',''
  ) );
#11029 = PCURVE('',#6186,#11030);
#11030 = DEFINITIONAL_REPRESENTATION('',(#11031),#11034);
#11031 = B_SPLINE_CURVE_WITH_KNOTS('',1,(#11032,#11033),.UNSPECIFIED.,
  .F.,.F.,(2,2),(0.,4.693758452241),.PIECEWISE_BEZIER_KNOTS.);
#11032 = CARTESIAN_POINT('',(0.,0.));
#11033 = CARTESIAN_POINT('',(4.693758452241E-03,0.));
#11034 = ( GEOMETRIC_REPRESENTATION_CONTEXT(2) 
PARAMETRIC_REPRESENTATION_CONTEXT() REPRESENTATION_CONTEXT('2D SPACE',''
  ) );
#11035 = ORIENTED_EDGE('',*,*,#11036,.T.);
#11036 = EDGE_CURVE('',#11016,#2925,#11037,.T.);
#11037 = SURFACE_CURVE('',#11038,(#11041,#11047),.PCURVE_S1.);
#11038 = B_SPLINE_CURVE_WITH_KNOTS('',1,(#11039,#11040),.UNSPECIFIED.,
  .F.,.F.,(2,2),(0.,1.),.PIECEWISE_BEZIER_KNOTS.);
#11039 = CARTESIAN_POINT('',(176.66609450725,0.,-3.174525260686));
#11040 = CARTESIAN_POINT('',(127.87465670435,700.,34.780730341717));
#11041 = PCURVE('',#2940,#11042);
#11042 = DEFINITIONAL_REPRESENTATION('',(#11043),#11046);
#11043 = B_SPLINE_CURVE_WITH_KNOTS('',1,(#11044,#11045),.UNSPECIFIED.,
  .F.,.F.,(2,2),(0.,1.),.PIECEWISE_BEZIER_KNOTS.);
#11044 = CARTESIAN_POINT('',(4.693758452241E-03,0.));
#11045 = CARTESIAN_POINT('',(4.693758452241E-03,1.));
#11046 = ( GEOMETRIC_REPRESENTATION_CONTEXT(2) 
PARAMETRIC_REPRESENTATION_CONTEXT() REPRESENTATION_CONTEXT('2D SPACE',''
  ) );
#11047 = PCURVE('',#2967,#11048);
#11048 = DEFINITIONAL_REPRESENTATION('',(#11049),#11052);
#11049 = B_SPLINE_CURVE_WITH_KNOTS('',1,(#11050,#11051),.UNSPECIFIED.,
  .F.,.F.,(2,2),(0.,1.),.PIECEWISE_BEZIER_KNOTS.);
#11050 = CARTESIAN_POINT('',(0.,0.));
#11051 = CARTESIAN_POINT('',(0.,1.));
#11052 = ( GEOMETRIC_REPRESENTATION_CONTEXT(2) 
PARAMETRIC_REPRESENTATION_CONTEXT() REPRESENTATION_CONTEXT('2D SPACE',''
  ) );
#11053 = ORIENTED_EDGE('',*,*,#2924,.F.);
#11054 = ORIENTED_EDGE('',*,*,#10992,.F.);
#11055 = ADVANCED_FACE('',(#11056),#2967,.F.);
#11056 = FACE_BOUND('',#11057,.F.);
#11057 = EDGE_LOOP('',(#11058,#11079,#11097,#11098));
#11058 = ORIENTED_EDGE('',*,*,#11059,.T.);
#11059 = EDGE_CURVE('',#11016,#11060,#11062,.T.);
#11060 = VERTEX_POINT('',#11061);
#11061 = CARTESIAN_POINT('',(181.16068047603,0.,-2.875309398694));
#11062 = SURFACE_CURVE('',#11063,(#11067,#11073),.PCURVE_S1.);
#11063 = LINE('',#11064,#11065);
#11064 = CARTESIAN_POINT('',(176.66609450725,0.,-3.174525260686));
#11065 = VECTOR('',#11066,1.);
#11066 = DIRECTION('',(0.997791389115,0.,6.64254755955E-02));
#11067 = PCURVE('',#2967,#11068);
#11068 = DEFINITIONAL_REPRESENTATION('',(#11069),#11072);
#11069 = B_SPLINE_CURVE_WITH_KNOTS('',1,(#11070,#11071),.UNSPECIFIED.,
  .F.,.F.,(2,2),(0.,4.504534733228),.PIECEWISE_BEZIER_KNOTS.);
#11070 = CARTESIAN_POINT('',(0.,0.));
#11071 = CARTESIAN_POINT('',(4.504534733228E-03,0.));
#11072 = ( GEOMETRIC_REPRESENTATION_CONTEXT(2) 
PARAMETRIC_REPRESENTATION_CONTEXT() REPRESENTATION_CONTEXT('2D SPACE',''
  ) );
#11073 = PCURVE('',#6213,#11074);
#11074 = DEFINITIONAL_REPRESENTATION('',(#11075),#11078);
#11075 = B_SPLINE_CURVE_WITH_KNOTS('',1,(#11076,#11077),.UNSPECIFIED.,
  .F.,.F.,(2,2),(0.,4.504534733228),.PIECEWISE_BEZIER_KNOTS.);
#11076 = CARTESIAN_POINT('',(0.,0.));
#11077 = CARTESIAN_POINT('',(4.504534733228E-03,0.));
#11078 = ( GEOMETRIC_REPRESENTATION_CONTEXT(2) 
PARAMETRIC_REPRESENTATION_CONTEXT() REPRESENTATION_CONTEXT('2D SPACE',''
  ) );
#11079 = ORIENTED_EDGE('',*,*,#11080,.T.);
#11080 = EDGE_CURVE('',#11060,#2952,#11081,.T.);
#11081 = SURFACE_CURVE('',#11082,(#11085,#11091),.PCURVE_S1.);
#11082 = B_SPLINE_CURVE_WITH_KNOTS('',1,(#11083,#11084),.UNSPECIFIED.,
  .F.,.F.,(2,2),(0.,1.),.PIECEWISE_BEZIER_KNOTS.);
#11083 = CARTESIAN_POINT('',(181.16068047603,0.,-2.875309398694));
#11084 = CARTESIAN_POINT('',(130.57140828562,700.,34.960259858912));
#11085 = PCURVE('',#2967,#11086);
#11086 = DEFINITIONAL_REPRESENTATION('',(#11087),#11090);
#11087 = B_SPLINE_CURVE_WITH_KNOTS('',1,(#11088,#11089),.UNSPECIFIED.,
  .F.,.F.,(2,2),(0.,1.),.PIECEWISE_BEZIER_KNOTS.);
#11088 = CARTESIAN_POINT('',(4.504534733228E-03,0.));
#11089 = CARTESIAN_POINT('',(4.504534733228E-03,1.));
#11090 = ( GEOMETRIC_REPRESENTATION_CONTEXT(2) 
PARAMETRIC_REPRESENTATION_CONTEXT() REPRESENTATION_CONTEXT('2D SPACE',''
  ) );
#11091 = PCURVE('',#2994,#11092);
#11092 = DEFINITIONAL_REPRESENTATION('',(#11093),#11096);
#11093 = B_SPLINE_CURVE_WITH_KNOTS('',1,(#11094,#11095),.UNSPECIFIED.,
  .F.,.F.,(2,2),(0.,1.),.PIECEWISE_BEZIER_KNOTS.);
#11094 = CARTESIAN_POINT('',(0.,0.));
#11095 = CARTESIAN_POINT('',(0.,1.));
#11096 = ( GEOMETRIC_REPRESENTATION_CONTEXT(2) 
PARAMETRIC_REPRESENTATION_CONTEXT() REPRESENTATION_CONTEXT('2D SPACE',''
  ) );
#11097 = ORIENTED_EDGE('',*,*,#2951,.F.);
#11098 = ORIENTED_EDGE('',*,*,#11036,.F.);
#11099 = ADVANCED_FACE('',(#11100),#2994,.F.);
#11100 = FACE_BOUND('',#11101,.F.);
#11101 = EDGE_LOOP('',(#11102,#11123,#11141,#11142));
#11102 = ORIENTED_EDGE('',*,*,#11103,.T.);
#11103 = EDGE_CURVE('',#11060,#11104,#11106,.T.);
#11104 = VERTEX_POINT('',#11105);
#11105 = CARTESIAN_POINT('',(185.45330239875,0.,-2.587787737526));
#11106 = SURFACE_CURVE('',#11107,(#11111,#11117),.PCURVE_S1.);
#11107 = LINE('',#11108,#11109);
#11108 = CARTESIAN_POINT('',(181.16068047603,0.,-2.875309398694));
#11109 = VECTOR('',#11110,1.);
#11110 = DIRECTION('',(0.997764330752,0.,6.683068366999E-02));
#11111 = PCURVE('',#2994,#11112);
#11112 = DEFINITIONAL_REPRESENTATION('',(#11113),#11116);
#11113 = B_SPLINE_CURVE_WITH_KNOTS('',1,(#11114,#11115),.UNSPECIFIED.,
  .F.,.F.,(2,2),(0.,4.302240309078),.PIECEWISE_BEZIER_KNOTS.);
#11114 = CARTESIAN_POINT('',(0.,0.));
#11115 = CARTESIAN_POINT('',(4.302240309078E-03,0.));
#11116 = ( GEOMETRIC_REPRESENTATION_CONTEXT(2) 
PARAMETRIC_REPRESENTATION_CONTEXT() REPRESENTATION_CONTEXT('2D SPACE',''
  ) );
#11117 = PCURVE('',#6240,#11118);
#11118 = DEFINITIONAL_REPRESENTATION('',(#11119),#11122);
#11119 = B_SPLINE_CURVE_WITH_KNOTS('',1,(#11120,#11121),.UNSPECIFIED.,
  .F.,.F.,(2,2),(0.,4.302240309078),.PIECEWISE_BEZIER_KNOTS.);
#11120 = CARTESIAN_POINT('',(0.,0.));
#11121 = CARTESIAN_POINT('',(4.302240309078E-03,0.));
#11122 = ( GEOMETRIC_REPRESENTATION_CONTEXT(2) 
PARAMETRIC_REPRESENTATION_CONTEXT() REPRESENTATION_CONTEXT('2D SPACE',''
  ) );
#11123 = ORIENTED_EDGE('',*,*,#11124,.T.);
#11124 = EDGE_CURVE('',#11104,#2979,#11125,.T.);
#11125 = SURFACE_CURVE('',#11126,(#11129,#11135),.PCURVE_S1.);
#11126 = B_SPLINE_CURVE_WITH_KNOTS('',1,(#11127,#11128),.UNSPECIFIED.,
  .F.,.F.,(2,2),(0.,1.),.PIECEWISE_BEZIER_KNOTS.);
#11127 = CARTESIAN_POINT('',(185.45330239875,0.,-2.587787737526));
#11128 = CARTESIAN_POINT('',(133.14698143925,700.,35.132772855613));
#11129 = PCURVE('',#2994,#11130);
#11130 = DEFINITIONAL_REPRESENTATION('',(#11131),#11134);
#11131 = B_SPLINE_CURVE_WITH_KNOTS('',1,(#11132,#11133),.UNSPECIFIED.,
  .F.,.F.,(2,2),(0.,1.),.PIECEWISE_BEZIER_KNOTS.);
#11132 = CARTESIAN_POINT('',(4.302240309078E-03,0.));
#11133 = CARTESIAN_POINT('',(4.302240309078E-03,1.));
#11134 = ( GEOMETRIC_REPRESENTATION_CONTEXT(2) 
PARAMETRIC_REPRESENTATION_CONTEXT() REPRESENTATION_CONTEXT('2D SPACE',''
  ) );
#11135 = PCURVE('',#3021,#11136);
#11136 = DEFINITIONAL_REPRESENTATION('',(#11137),#11140);
#11137 = B_SPLINE_CURVE_WITH_KNOTS('',1,(#11138,#11139),.UNSPECIFIED.,
  .F.,.F.,(2,2),(0.,1.),.PIECEWISE_BEZIER_KNOTS.);
#11138 = CARTESIAN_POINT('',(0.,0.));
#11139 = CARTESIAN_POINT('',(0.,1.));
#11140 = ( GEOMETRIC_REPRESENTATION_CONTEXT(2) 
PARAMETRIC_REPRESENTATION_CONTEXT() REPRESENTATION_CONTEXT('2D SPACE',''
  ) );
#11141 = ORIENTED_EDGE('',*,*,#2978,.F.);
#11142 = ORIENTED_EDGE('',*,*,#11080,.F.);
#11143 = ADVANCED_FACE('',(#11144),#3021,.F.);
#11144 = FACE_BOUND('',#11145,.F.);
#11145 = EDGE_LOOP('',(#11146,#11167,#11185,#11186));
#11146 = ORIENTED_EDGE('',*,*,#11147,.T.);
#11147 = EDGE_CURVE('',#11104,#11148,#11150,.T.);
#11148 = VERTEX_POINT('',#11149);
#11149 = CARTESIAN_POINT('',(189.53147456373,0.,-2.312914360017));
#11150 = SURFACE_CURVE('',#11151,(#11155,#11161),.PCURVE_S1.);
#11151 = LINE('',#11152,#11153);
#11152 = CARTESIAN_POINT('',(185.45330239875,0.,-2.587787737526));
#11153 = VECTOR('',#11154,1.);
#11154 = DIRECTION('',(0.997736254494,0.,6.724854249431E-02));
#11155 = PCURVE('',#3021,#11156);
#11156 = DEFINITIONAL_REPRESENTATION('',(#11157),#11160);
#11157 = B_SPLINE_CURVE_WITH_KNOTS('',1,(#11158,#11159),.UNSPECIFIED.,
  .F.,.F.,(2,2),(0.,4.087425055081),.PIECEWISE_BEZIER_KNOTS.);
#11158 = CARTESIAN_POINT('',(0.,0.));
#11159 = CARTESIAN_POINT('',(4.087425055081E-03,0.));
#11160 = ( GEOMETRIC_REPRESENTATION_CONTEXT(2) 
PARAMETRIC_REPRESENTATION_CONTEXT() REPRESENTATION_CONTEXT('2D SPACE',''
  ) );
#11161 = PCURVE('',#6267,#11162);
#11162 = DEFINITIONAL_REPRESENTATION('',(#11163),#11166);
#11163 = B_SPLINE_CURVE_WITH_KNOTS('',1,(#11164,#11165),.UNSPECIFIED.,
  .F.,.F.,(2,2),(0.,4.087425055081),.PIECEWISE_BEZIER_KNOTS.);
#11164 = CARTESIAN_POINT('',(0.,0.));
#11165 = CARTESIAN_POINT('',(4.087425055081E-03,0.));
#11166 = ( GEOMETRIC_REPRESENTATION_CONTEXT(2) 
PARAMETRIC_REPRESENTATION_CONTEXT() REPRESENTATION_CONTEXT('2D SPACE',''
  ) );
#11167 = ORIENTED_EDGE('',*,*,#11168,.T.);
#11168 = EDGE_CURVE('',#11148,#3006,#11169,.T.);
#11169 = SURFACE_CURVE('',#11170,(#11173,#11179),.PCURVE_S1.);
#11170 = B_SPLINE_CURVE_WITH_KNOTS('',1,(#11171,#11172),.UNSPECIFIED.,
  .F.,.F.,(2,2),(0.,1.),.PIECEWISE_BEZIER_KNOTS.);
#11171 = CARTESIAN_POINT('',(189.53147456373,0.,-2.312914360017));
#11172 = CARTESIAN_POINT('',(135.59388473824,700.,35.297696882118));
#11173 = PCURVE('',#3021,#11174);
#11174 = DEFINITIONAL_REPRESENTATION('',(#11175),#11178);
#11175 = B_SPLINE_CURVE_WITH_KNOTS('',1,(#11176,#11177),.UNSPECIFIED.,
  .F.,.F.,(2,2),(0.,1.),.PIECEWISE_BEZIER_KNOTS.);
#11176 = CARTESIAN_POINT('',(4.087425055081E-03,0.));
#11177 = CARTESIAN_POINT('',(4.087425055081E-03,1.));
#11178 = ( GEOMETRIC_REPRESENTATION_CONTEXT(2) 
PARAMETRIC_REPRESENTATION_CONTEXT() REPRESENTATION_CONTEXT('2D SPACE',''
  ) );
#11179 = PCURVE('',#3048,#11180);
#11180 = DEFINITIONAL_REPRESENTATION('',(#11181),#11184);
#11181 = B_SPLINE_CURVE_WITH_KNOTS('',1,(#11182,#11183),.UNSPECIFIED.,
  .F.,.F.,(2,2),(0.,1.),.PIECEWISE_BEZIER_KNOTS.);
#11182 = CARTESIAN_POINT('',(0.,0.));
#11183 = CARTESIAN_POINT('',(0.,1.));
#11184 = ( GEOMETRIC_REPRESENTATION_CONTEXT(2) 
PARAMETRIC_REPRESENTATION_CONTEXT() REPRESENTATION_CONTEXT('2D SPACE',''
  ) );
#11185 = ORIENTED_EDGE('',*,*,#3005,.F.);
#11186 = ORIENTED_EDGE('',*,*,#11124,.F.);
#11187 = ADVANCED_FACE('',(#11188),#3048,.F.);
#11188 = FACE_BOUND('',#11189,.F.);
#11189 = EDGE_LOOP('',(#11190,#11211,#11229,#11230));
#11190 = ORIENTED_EDGE('',*,*,#11191,.T.);
#11191 = EDGE_CURVE('',#11148,#11192,#11194,.T.);
#11192 = VERTEX_POINT('',#11193);
#11193 = CARTESIAN_POINT('',(193.38329809878,0.,-2.051608826297));
#11194 = SURFACE_CURVE('',#11195,(#11199,#11205),.PCURVE_S1.);
#11195 = LINE('',#11196,#11197);
#11196 = CARTESIAN_POINT('',(189.53147456373,0.,-2.312914360017));
#11197 = VECTOR('',#11198,1.);
#11198 = DIRECTION('',(0.99770681772,0.,6.76838671681E-02));
#11199 = PCURVE('',#3048,#11200);
#11200 = DEFINITIONAL_REPRESENTATION('',(#11201),#11204);
#11201 = B_SPLINE_CURVE_WITH_KNOTS('',1,(#11202,#11203),.UNSPECIFIED.,
  .F.,.F.,(2,2),(0.,3.860676770606),.PIECEWISE_BEZIER_KNOTS.);
#11202 = CARTESIAN_POINT('',(0.,0.));
#11203 = CARTESIAN_POINT('',(3.860676770606E-03,0.));
#11204 = ( GEOMETRIC_REPRESENTATION_CONTEXT(2) 
PARAMETRIC_REPRESENTATION_CONTEXT() REPRESENTATION_CONTEXT('2D SPACE',''
  ) );
#11205 = PCURVE('',#6294,#11206);
#11206 = DEFINITIONAL_REPRESENTATION('',(#11207),#11210);
#11207 = B_SPLINE_CURVE_WITH_KNOTS('',1,(#11208,#11209),.UNSPECIFIED.,
  .F.,.F.,(2,2),(0.,3.860676770606),.PIECEWISE_BEZIER_KNOTS.);
#11208 = CARTESIAN_POINT('',(0.,0.));
#11209 = CARTESIAN_POINT('',(3.860676770606E-03,0.));
#11210 = ( GEOMETRIC_REPRESENTATION_CONTEXT(2) 
PARAMETRIC_REPRESENTATION_CONTEXT() REPRESENTATION_CONTEXT('2D SPACE',''
  ) );
#11211 = ORIENTED_EDGE('',*,*,#11212,.T.);
#11212 = EDGE_CURVE('',#11192,#3033,#11213,.T.);
#11213 = SURFACE_CURVE('',#11214,(#11217,#11223),.PCURVE_S1.);
#11214 = B_SPLINE_CURVE_WITH_KNOTS('',1,(#11215,#11216),.UNSPECIFIED.,
  .F.,.F.,(2,2),(0.,1.),.PIECEWISE_BEZIER_KNOTS.);
#11215 = CARTESIAN_POINT('',(193.38329809878,0.,-2.051608826297));
#11216 = CARTESIAN_POINT('',(137.90497885927,700.,35.454480202351));
#11217 = PCURVE('',#3048,#11218);
#11218 = DEFINITIONAL_REPRESENTATION('',(#11219),#11222);
#11219 = B_SPLINE_CURVE_WITH_KNOTS('',1,(#11220,#11221),.UNSPECIFIED.,
  .F.,.F.,(2,2),(0.,1.),.PIECEWISE_BEZIER_KNOTS.);
#11220 = CARTESIAN_POINT('',(3.860676770606E-03,0.));
#11221 = CARTESIAN_POINT('',(3.860676770606E-03,1.));
#11222 = ( GEOMETRIC_REPRESENTATION_CONTEXT(2) 
PARAMETRIC_REPRESENTATION_CONTEXT() REPRESENTATION_CONTEXT('2D SPACE',''
  ) );
#11223 = PCURVE('',#3075,#11224);
#11224 = DEFINITIONAL_REPRESENTATION('',(#11225),#11228);
#11225 = B_SPLINE_CURVE_WITH_KNOTS('',1,(#11226,#11227),.UNSPECIFIED.,
  .F.,.F.,(2,2),(0.,1.),.PIECEWISE_BEZIER_KNOTS.);
#11226 = CARTESIAN_POINT('',(0.,0.));
#11227 = CARTESIAN_POINT('',(0.,1.));
#11228 = ( GEOMETRIC_REPRESENTATION_CONTEXT(2) 
PARAMETRIC_REPRESENTATION_CONTEXT() REPRESENTATION_CONTEXT('2D SPACE',''
  ) );
#11229 = ORIENTED_EDGE('',*,*,#3032,.F.);
#11230 = ORIENTED_EDGE('',*,*,#11168,.F.);
#11231 = ADVANCED_FACE('',(#11232),#3075,.F.);
#11232 = FACE_BOUND('',#11233,.F.);
#11233 = EDGE_LOOP('',(#11234,#11255,#11273,#11274));
#11234 = ORIENTED_EDGE('',*,*,#11235,.T.);
#11235 = EDGE_CURVE('',#11192,#11236,#11238,.T.);
#11236 = VERTEX_POINT('',#11237);
#11237 = CARTESIAN_POINT('',(196.99749917364,0.,-1.804771721758));
#11238 = SURFACE_CURVE('',#11239,(#11243,#11249),.PCURVE_S1.);
#11239 = LINE('',#11240,#11241);
#11240 = CARTESIAN_POINT('',(193.38329809878,0.,-2.051608826297));
#11241 = VECTOR('',#11242,1.);
#11242 = DIRECTION('',(0.997675924599,0.,6.813772432553E-02));
#11243 = PCURVE('',#3075,#11244);
#11244 = DEFINITIONAL_REPRESENTATION('',(#11245),#11248);
#11245 = B_SPLINE_CURVE_WITH_KNOTS('',1,(#11246,#11247),.UNSPECIFIED.,
  .F.,.F.,(2,2),(0.,3.622620317633),.PIECEWISE_BEZIER_KNOTS.);
#11246 = CARTESIAN_POINT('',(0.,0.));
#11247 = CARTESIAN_POINT('',(3.622620317633E-03,0.));
#11248 = ( GEOMETRIC_REPRESENTATION_CONTEXT(2) 
PARAMETRIC_REPRESENTATION_CONTEXT() REPRESENTATION_CONTEXT('2D SPACE',''
  ) );
#11249 = PCURVE('',#6321,#11250);
#11250 = DEFINITIONAL_REPRESENTATION('',(#11251),#11254);
#11251 = B_SPLINE_CURVE_WITH_KNOTS('',1,(#11252,#11253),.UNSPECIFIED.,
  .F.,.F.,(2,2),(0.,3.622620317633),.PIECEWISE_BEZIER_KNOTS.);
#11252 = CARTESIAN_POINT('',(0.,0.));
#11253 = CARTESIAN_POINT('',(3.622620317633E-03,0.));
#11254 = ( GEOMETRIC_REPRESENTATION_CONTEXT(2) 
PARAMETRIC_REPRESENTATION_CONTEXT() REPRESENTATION_CONTEXT('2D SPACE',''
  ) );
#11255 = ORIENTED_EDGE('',*,*,#11256,.T.);
#11256 = EDGE_CURVE('',#11236,#3060,#11257,.T.);
#11257 = SURFACE_CURVE('',#11258,(#11261,#11267),.PCURVE_S1.);
#11258 = B_SPLINE_CURVE_WITH_KNOTS('',1,(#11259,#11260),.UNSPECIFIED.,
  .F.,.F.,(2,2),(0.,1.),.PIECEWISE_BEZIER_KNOTS.);
#11259 = CARTESIAN_POINT('',(196.99749917364,0.,-1.804771721758));
#11260 = CARTESIAN_POINT('',(140.07349950419,700.,35.602582465074));
#11261 = PCURVE('',#3075,#11262);
#11262 = DEFINITIONAL_REPRESENTATION('',(#11263),#11266);
#11263 = B_SPLINE_CURVE_WITH_KNOTS('',1,(#11264,#11265),.UNSPECIFIED.,
  .F.,.F.,(2,2),(0.,1.),.PIECEWISE_BEZIER_KNOTS.);
#11264 = CARTESIAN_POINT('',(3.622620317633E-03,0.));
#11265 = CARTESIAN_POINT('',(3.622620317633E-03,1.));
#11266 = ( GEOMETRIC_REPRESENTATION_CONTEXT(2) 
PARAMETRIC_REPRESENTATION_CONTEXT() REPRESENTATION_CONTEXT('2D SPACE',''
  ) );
#11267 = PCURVE('',#3102,#11268);
#11268 = DEFINITIONAL_REPRESENTATION('',(#11269),#11272);
#11269 = B_SPLINE_CURVE_WITH_KNOTS('',1,(#11270,#11271),.UNSPECIFIED.,
  .F.,.F.,(2,2),(0.,1.),.PIECEWISE_BEZIER_KNOTS.);
#11270 = CARTESIAN_POINT('',(0.,0.));
#11271 = CARTESIAN_POINT('',(0.,1.));
#11272 = ( GEOMETRIC_REPRESENTATION_CONTEXT(2) 
PARAMETRIC_REPRESENTATION_CONTEXT() REPRESENTATION_CONTEXT('2D SPACE',''
  ) );
#11273 = ORIENTED_EDGE('',*,*,#3059,.F.);
#11274 = ORIENTED_EDGE('',*,*,#11212,.F.);
#11275 = ADVANCED_FACE('',(#11276),#3102,.F.);
#11276 = FACE_BOUND('',#11277,.F.);
#11277 = EDGE_LOOP('',(#11278,#11299,#11317,#11318));
#11278 = ORIENTED_EDGE('',*,*,#11279,.T.);
#11279 = EDGE_CURVE('',#11236,#11280,#11282,.T.);
#11280 = VERTEX_POINT('',#11281);
#11281 = CARTESIAN_POINT('',(200.36346596927,0.,-1.573294530705));
#11282 = SURFACE_CURVE('',#11283,(#11287,#11293),.PCURVE_S1.);
#11283 = LINE('',#11284,#11285);
#11284 = CARTESIAN_POINT('',(196.99749917364,0.,-1.804771721758));
#11285 = VECTOR('',#11286,1.);
#11286 = DIRECTION('',(0.99764370504,0.,6.860785519731E-02));
#11287 = PCURVE('',#3102,#11288);
#11288 = DEFINITIONAL_REPRESENTATION('',(#11289),#11292);
#11289 = B_SPLINE_CURVE_WITH_KNOTS('',1,(#11290,#11291),.UNSPECIFIED.,
  .F.,.F.,(2,2),(0.,3.373916738638),.PIECEWISE_BEZIER_KNOTS.);
#11290 = CARTESIAN_POINT('',(0.,0.));
#11291 = CARTESIAN_POINT('',(3.373916738638E-03,0.));
#11292 = ( GEOMETRIC_REPRESENTATION_CONTEXT(2) 
PARAMETRIC_REPRESENTATION_CONTEXT() REPRESENTATION_CONTEXT('2D SPACE',''
  ) );
#11293 = PCURVE('',#6348,#11294);
#11294 = DEFINITIONAL_REPRESENTATION('',(#11295),#11298);
#11295 = B_SPLINE_CURVE_WITH_KNOTS('',1,(#11296,#11297),.UNSPECIFIED.,
  .F.,.F.,(2,2),(0.,3.373916738638),.PIECEWISE_BEZIER_KNOTS.);
#11296 = CARTESIAN_POINT('',(0.,0.));
#11297 = CARTESIAN_POINT('',(3.373916738638E-03,0.));
#11298 = ( GEOMETRIC_REPRESENTATION_CONTEXT(2) 
PARAMETRIC_REPRESENTATION_CONTEXT() REPRESENTATION_CONTEXT('2D SPACE',''
  ) );
#11299 = ORIENTED_EDGE('',*,*,#11300,.T.);
#11300 = EDGE_CURVE('',#11280,#3087,#11301,.T.);
#11301 = SURFACE_CURVE('',#11302,(#11305,#11311),.PCURVE_S1.);
#11302 = B_SPLINE_CURVE_WITH_KNOTS('',1,(#11303,#11304),.UNSPECIFIED.,
  .F.,.F.,(2,2),(0.,1.),.PIECEWISE_BEZIER_KNOTS.);
#11303 = CARTESIAN_POINT('',(200.36346596927,0.,-1.573294530705));
#11304 = CARTESIAN_POINT('',(142.09307958156,700.,35.741468779706));
#11305 = PCURVE('',#3102,#11306);
#11306 = DEFINITIONAL_REPRESENTATION('',(#11307),#11310);
#11307 = B_SPLINE_CURVE_WITH_KNOTS('',1,(#11308,#11309),.UNSPECIFIED.,
  .F.,.F.,(2,2),(0.,1.),.PIECEWISE_BEZIER_KNOTS.);
#11308 = CARTESIAN_POINT('',(3.373916738638E-03,0.));
#11309 = CARTESIAN_POINT('',(3.373916738638E-03,1.));
#11310 = ( GEOMETRIC_REPRESENTATION_CONTEXT(2) 
PARAMETRIC_REPRESENTATION_CONTEXT() REPRESENTATION_CONTEXT('2D SPACE',''
  ) );
#11311 = PCURVE('',#3129,#11312);
#11312 = DEFINITIONAL_REPRESENTATION('',(#11313),#11316);
#11313 = B_SPLINE_CURVE_WITH_KNOTS('',1,(#11314,#11315),.UNSPECIFIED.,
  .F.,.F.,(2,2),(0.,1.),.PIECEWISE_BEZIER_KNOTS.);
#11314 = CARTESIAN_POINT('',(0.,0.));
#11315 = CARTESIAN_POINT('',(0.,1.));
#11316 = ( GEOMETRIC_REPRESENTATION_CONTEXT(2) 
PARAMETRIC_REPRESENTATION_CONTEXT() REPRESENTATION_CONTEXT('2D SPACE',''
  ) );
#11317 = ORIENTED_EDGE('',*,*,#3086,.F.);
#11318 = ORIENTED_EDGE('',*,*,#11256,.F.);
#11319 = ADVANCED_FACE('',(#11320),#3129,.F.);
#11320 = FACE_BOUND('',#11321,.F.);
#11321 = EDGE_LOOP('',(#11322,#11343,#11361,#11362));
#11322 = ORIENTED_EDGE('',*,*,#11323,.T.);
#11323 = EDGE_CURVE('',#11280,#11324,#11326,.T.);
#11324 = VERTEX_POINT('',#11325);
#11325 = CARTESIAN_POINT('',(203.4712843174,0.,-1.358063676746));
#11326 = SURFACE_CURVE('',#11327,(#11331,#11337),.PCURVE_S1.);
#11327 = LINE('',#11328,#11329);
#11328 = CARTESIAN_POINT('',(200.36346596927,0.,-1.573294530705));
#11329 = VECTOR('',#11330,1.);
#11330 = DIRECTION('',(0.99761048914,0.,6.908915948279E-02));
#11331 = PCURVE('',#3129,#11332);
#11332 = DEFINITIONAL_REPRESENTATION('',(#11333),#11336);
#11333 = B_SPLINE_CURVE_WITH_KNOTS('',1,(#11334,#11335),.UNSPECIFIED.,
  .F.,.F.,(2,2),(0.,3.115262301222),.PIECEWISE_BEZIER_KNOTS.);
#11334 = CARTESIAN_POINT('',(0.,0.));
#11335 = CARTESIAN_POINT('',(3.115262301222E-03,0.));
#11336 = ( GEOMETRIC_REPRESENTATION_CONTEXT(2) 
PARAMETRIC_REPRESENTATION_CONTEXT() REPRESENTATION_CONTEXT('2D SPACE',''
  ) );
#11337 = PCURVE('',#6375,#11338);
#11338 = DEFINITIONAL_REPRESENTATION('',(#11339),#11342);
#11339 = B_SPLINE_CURVE_WITH_KNOTS('',1,(#11340,#11341),.UNSPECIFIED.,
  .F.,.F.,(2,2),(0.,3.115262301222),.PIECEWISE_BEZIER_KNOTS.);
#11340 = CARTESIAN_POINT('',(0.,0.));
#11341 = CARTESIAN_POINT('',(3.115262301222E-03,0.));
#11342 = ( GEOMETRIC_REPRESENTATION_CONTEXT(2) 
PARAMETRIC_REPRESENTATION_CONTEXT() REPRESENTATION_CONTEXT('2D SPACE',''
  ) );
#11343 = ORIENTED_EDGE('',*,*,#11344,.T.);
#11344 = EDGE_CURVE('',#11324,#3114,#11345,.T.);
#11345 = SURFACE_CURVE('',#11346,(#11349,#11355),.PCURVE_S1.);
#11346 = B_SPLINE_CURVE_WITH_KNOTS('',1,(#11347,#11348),.UNSPECIFIED.,
  .F.,.F.,(2,2),(0.,1.),.PIECEWISE_BEZIER_KNOTS.);
#11347 = CARTESIAN_POINT('',(203.4712843174,0.,-1.358063676746));
#11348 = CARTESIAN_POINT('',(143.95777059044,700.,35.870607292081));
#11349 = PCURVE('',#3129,#11350);
#11350 = DEFINITIONAL_REPRESENTATION('',(#11351),#11354);
#11351 = B_SPLINE_CURVE_WITH_KNOTS('',1,(#11352,#11353),.UNSPECIFIED.,
  .F.,.F.,(2,2),(0.,1.),.PIECEWISE_BEZIER_KNOTS.);
#11352 = CARTESIAN_POINT('',(3.115262301222E-03,0.));
#11353 = CARTESIAN_POINT('',(3.115262301222E-03,1.));
#11354 = ( GEOMETRIC_REPRESENTATION_CONTEXT(2) 
PARAMETRIC_REPRESENTATION_CONTEXT() REPRESENTATION_CONTEXT('2D SPACE',''
  ) );
#11355 = PCURVE('',#3156,#11356);
#11356 = DEFINITIONAL_REPRESENTATION('',(#11357),#11360);
#11357 = B_SPLINE_CURVE_WITH_KNOTS('',1,(#11358,#11359),.UNSPECIFIED.,
  .F.,.F.,(2,2),(0.,1.),.PIECEWISE_BEZIER_KNOTS.);
#11358 = CARTESIAN_POINT('',(0.,0.));
#11359 = CARTESIAN_POINT('',(0.,1.));
#11360 = ( GEOMETRIC_REPRESENTATION_CONTEXT(2) 
PARAMETRIC_REPRESENTATION_CONTEXT() REPRESENTATION_CONTEXT('2D SPACE',''
  ) );
#11361 = ORIENTED_EDGE('',*,*,#3113,.F.);
#11362 = ORIENTED_EDGE('',*,*,#11300,.F.);
#11363 = ADVANCED_FACE('',(#11364),#3156,.F.);
#11364 = FACE_BOUND('',#11365,.F.);
#11365 = EDGE_LOOP('',(#11366,#11387,#11405,#11406));
#11366 = ORIENTED_EDGE('',*,*,#11367,.T.);
#11367 = EDGE_CURVE('',#11324,#11368,#11370,.T.);
#11368 = VERTEX_POINT('',#11369);
#11369 = CARTESIAN_POINT('',(206.31177187552,0.,-1.159958902291));
#11370 = SURFACE_CURVE('',#11371,(#11375,#11381),.PCURVE_S1.);
#11371 = LINE('',#11372,#11373);
#11372 = CARTESIAN_POINT('',(203.4712843174,0.,-1.358063676746));
#11373 = VECTOR('',#11374,1.);
#11374 = DIRECTION('',(0.997576777554,0.,6.957422571815E-02));
#11375 = PCURVE('',#3156,#11376);
#11376 = DEFINITIONAL_REPRESENTATION('',(#11377),#11380);
#11377 = B_SPLINE_CURVE_WITH_KNOTS('',1,(#11378,#11379),.UNSPECIFIED.,
  .F.,.F.,(2,2),(0.,2.847387411213),.PIECEWISE_BEZIER_KNOTS.);
#11378 = CARTESIAN_POINT('',(0.,0.));
#11379 = CARTESIAN_POINT('',(2.847387411213E-03,0.));
#11380 = ( GEOMETRIC_REPRESENTATION_CONTEXT(2) 
PARAMETRIC_REPRESENTATION_CONTEXT() REPRESENTATION_CONTEXT('2D SPACE',''
  ) );
#11381 = PCURVE('',#6402,#11382);
#11382 = DEFINITIONAL_REPRESENTATION('',(#11383),#11386);
#11383 = B_SPLINE_CURVE_WITH_KNOTS('',1,(#11384,#11385),.UNSPECIFIED.,
  .F.,.F.,(2,2),(0.,2.847387411213),.PIECEWISE_BEZIER_KNOTS.);
#11384 = CARTESIAN_POINT('',(0.,0.));
#11385 = CARTESIAN_POINT('',(2.847387411213E-03,0.));
#11386 = ( GEOMETRIC_REPRESENTATION_CONTEXT(2) 
PARAMETRIC_REPRESENTATION_CONTEXT() REPRESENTATION_CONTEXT('2D SPACE',''
  ) );
#11387 = ORIENTED_EDGE('',*,*,#11388,.T.);
#11388 = EDGE_CURVE('',#11368,#3141,#11389,.T.);
#11389 = SURFACE_CURVE('',#11390,(#11393,#11399),.PCURVE_S1.);
#11390 = B_SPLINE_CURVE_WITH_KNOTS('',1,(#11391,#11392),.UNSPECIFIED.,
  .F.,.F.,(2,2),(0.,1.),.PIECEWISE_BEZIER_KNOTS.);
#11391 = CARTESIAN_POINT('',(206.31177187552,0.,-1.159958902291));
#11392 = CARTESIAN_POINT('',(145.66206312531,700.,35.989470156754));
#11393 = PCURVE('',#3156,#11394);
#11394 = DEFINITIONAL_REPRESENTATION('',(#11395),#11398);
#11395 = B_SPLINE_CURVE_WITH_KNOTS('',1,(#11396,#11397),.UNSPECIFIED.,
  .F.,.F.,(2,2),(0.,1.),.PIECEWISE_BEZIER_KNOTS.);
#11396 = CARTESIAN_POINT('',(2.847387411213E-03,0.));
#11397 = CARTESIAN_POINT('',(2.847387411213E-03,1.));
#11398 = ( GEOMETRIC_REPRESENTATION_CONTEXT(2) 
PARAMETRIC_REPRESENTATION_CONTEXT() REPRESENTATION_CONTEXT('2D SPACE',''
  ) );
#11399 = PCURVE('',#3183,#11400);
#11400 = DEFINITIONAL_REPRESENTATION('',(#11401),#11404);
#11401 = B_SPLINE_CURVE_WITH_KNOTS('',1,(#11402,#11403),.UNSPECIFIED.,
  .F.,.F.,(2,2),(0.,1.),.PIECEWISE_BEZIER_KNOTS.);
#11402 = CARTESIAN_POINT('',(0.,0.));
#11403 = CARTESIAN_POINT('',(0.,1.));
#11404 = ( GEOMETRIC_REPRESENTATION_CONTEXT(2) 
PARAMETRIC_REPRESENTATION_CONTEXT() REPRESENTATION_CONTEXT('2D SPACE',''
  ) );
#11405 = ORIENTED_EDGE('',*,*,#3140,.F.);
#11406 = ORIENTED_EDGE('',*,*,#11344,.F.);
#11407 = ADVANCED_FACE('',(#11408),#3183,.F.);
#11408 = FACE_BOUND('',#11409,.F.);
#11409 = EDGE_LOOP('',(#11410,#11431,#11449,#11450));
#11410 = ORIENTED_EDGE('',*,*,#11411,.T.);
#11411 = EDGE_CURVE('',#11368,#11412,#11414,.T.);
#11412 = VERTEX_POINT('',#11413);
#11413 = CARTESIAN_POINT('',(208.87651066109,0.,-0.979846468063));
#11414 = SURFACE_CURVE('',#11415,(#11419,#11425),.PCURVE_S1.);
#11415 = LINE('',#11416,#11417);
#11416 = CARTESIAN_POINT('',(206.31177187552,0.,-1.159958902291));
#11417 = VECTOR('',#11418,1.);
#11418 = DIRECTION('',(0.997543208152,0.,7.005389261433E-02));
#11419 = PCURVE('',#3183,#11420);
#11420 = DEFINITIONAL_REPRESENTATION('',(#11421),#11424);
#11421 = B_SPLINE_CURVE_WITH_KNOTS('',1,(#11422,#11423),.UNSPECIFIED.,
  .F.,.F.,(2,2),(0.,2.571055333354),.PIECEWISE_BEZIER_KNOTS.);
#11422 = CARTESIAN_POINT('',(0.,0.));
#11423 = CARTESIAN_POINT('',(2.571055333354E-03,0.));
#11424 = ( GEOMETRIC_REPRESENTATION_CONTEXT(2) 
PARAMETRIC_REPRESENTATION_CONTEXT() REPRESENTATION_CONTEXT('2D SPACE',''
  ) );
#11425 = PCURVE('',#6429,#11426);
#11426 = DEFINITIONAL_REPRESENTATION('',(#11427),#11430);
#11427 = B_SPLINE_CURVE_WITH_KNOTS('',1,(#11428,#11429),.UNSPECIFIED.,
  .F.,.F.,(2,2),(0.,2.571055333354),.PIECEWISE_BEZIER_KNOTS.);
#11428 = CARTESIAN_POINT('',(0.,0.));
#11429 = CARTESIAN_POINT('',(2.571055333354E-03,0.));
#11430 = ( GEOMETRIC_REPRESENTATION_CONTEXT(2) 
PARAMETRIC_REPRESENTATION_CONTEXT() REPRESENTATION_CONTEXT('2D SPACE',''
  ) );
#11431 = ORIENTED_EDGE('',*,*,#11432,.T.);
#11432 = EDGE_CURVE('',#11412,#3168,#11433,.T.);
#11433 = SURFACE_CURVE('',#11434,(#11437,#11443),.PCURVE_S1.);
#11434 = B_SPLINE_CURVE_WITH_KNOTS('',1,(#11435,#11436),.UNSPECIFIED.,
  .F.,.F.,(2,2),(0.,1.),.PIECEWISE_BEZIER_KNOTS.);
#11435 = CARTESIAN_POINT('',(208.87651066109,0.,-0.979846468063));
#11436 = CARTESIAN_POINT('',(147.20090639665,700.,36.097537617291));
#11437 = PCURVE('',#3183,#11438);
#11438 = DEFINITIONAL_REPRESENTATION('',(#11439),#11442);
#11439 = B_SPLINE_CURVE_WITH_KNOTS('',1,(#11440,#11441),.UNSPECIFIED.,
  .F.,.F.,(2,2),(0.,1.),.PIECEWISE_BEZIER_KNOTS.);
#11440 = CARTESIAN_POINT('',(2.571055333354E-03,0.));
#11441 = CARTESIAN_POINT('',(2.571055333354E-03,1.));
#11442 = ( GEOMETRIC_REPRESENTATION_CONTEXT(2) 
PARAMETRIC_REPRESENTATION_CONTEXT() REPRESENTATION_CONTEXT('2D SPACE',''
  ) );
#11443 = PCURVE('',#3210,#11444);
#11444 = DEFINITIONAL_REPRESENTATION('',(#11445),#11448);
#11445 = B_SPLINE_CURVE_WITH_KNOTS('',1,(#11446,#11447),.UNSPECIFIED.,
  .F.,.F.,(2,2),(0.,1.),.PIECEWISE_BEZIER_KNOTS.);
#11446 = CARTESIAN_POINT('',(0.,0.));
#11447 = CARTESIAN_POINT('',(0.,1.));
#11448 = ( GEOMETRIC_REPRESENTATION_CONTEXT(2) 
PARAMETRIC_REPRESENTATION_CONTEXT() REPRESENTATION_CONTEXT('2D SPACE',''
  ) );
#11449 = ORIENTED_EDGE('',*,*,#3167,.F.);
#11450 = ORIENTED_EDGE('',*,*,#11388,.F.);
#11451 = ADVANCED_FACE('',(#11452),#3210,.F.);
#11452 = FACE_BOUND('',#11453,.F.);
#11453 = EDGE_LOOP('',(#11454,#11475,#11493,#11494));
#11454 = ORIENTED_EDGE('',*,*,#11455,.T.);
#11455 = EDGE_CURVE('',#11412,#11456,#11458,.T.);
#11456 = VERTEX_POINT('',#11457);
#11457 = CARTESIAN_POINT('',(211.15787772802,0.,-0.81856792431));
#11458 = SURFACE_CURVE('',#11459,(#11463,#11469),.PCURVE_S1.);
#11459 = LINE('',#11460,#11461);
#11460 = CARTESIAN_POINT('',(208.87651066109,0.,-0.979846468063));
#11461 = VECTOR('',#11462,1.);
#11462 = DIRECTION('',(0.997510519411,0.,7.05178251586E-02));
#11463 = PCURVE('',#3210,#11464);
#11464 = DEFINITIONAL_REPRESENTATION('',(#11465),#11468);
#11465 = B_SPLINE_CURVE_WITH_KNOTS('',1,(#11466,#11467),.UNSPECIFIED.,
  .F.,.F.,(2,2),(0.,2.287060660044),.PIECEWISE_BEZIER_KNOTS.);
#11466 = CARTESIAN_POINT('',(0.,0.));
#11467 = CARTESIAN_POINT('',(2.287060660044E-03,0.));
#11468 = ( GEOMETRIC_REPRESENTATION_CONTEXT(2) 
PARAMETRIC_REPRESENTATION_CONTEXT() REPRESENTATION_CONTEXT('2D SPACE',''
  ) );
#11469 = PCURVE('',#6456,#11470);
#11470 = DEFINITIONAL_REPRESENTATION('',(#11471),#11474);
#11471 = B_SPLINE_CURVE_WITH_KNOTS('',1,(#11472,#11473),.UNSPECIFIED.,
  .F.,.F.,(2,2),(0.,2.287060660044),.PIECEWISE_BEZIER_KNOTS.);
#11472 = CARTESIAN_POINT('',(0.,0.));
#11473 = CARTESIAN_POINT('',(2.287060660044E-03,0.));
#11474 = ( GEOMETRIC_REPRESENTATION_CONTEXT(2) 
PARAMETRIC_REPRESENTATION_CONTEXT() REPRESENTATION_CONTEXT('2D SPACE',''
  ) );
#11475 = ORIENTED_EDGE('',*,*,#11476,.T.);
#11476 = EDGE_CURVE('',#11456,#3195,#11477,.T.);
#11477 = SURFACE_CURVE('',#11478,(#11481,#11487),.PCURVE_S1.);
#11478 = B_SPLINE_CURVE_WITH_KNOTS('',1,(#11479,#11480),.UNSPECIFIED.,
  .F.,.F.,(2,2),(0.,1.),.PIECEWISE_BEZIER_KNOTS.);
#11479 = CARTESIAN_POINT('',(211.15787772802,0.,-0.81856792431));
#11480 = CARTESIAN_POINT('',(148.56972663681,700.,36.194304743543));
#11481 = PCURVE('',#3210,#11482);
#11482 = DEFINITIONAL_REPRESENTATION('',(#11483),#11486);
#11483 = B_SPLINE_CURVE_WITH_KNOTS('',1,(#11484,#11485),.UNSPECIFIED.,
  .F.,.F.,(2,2),(0.,1.),.PIECEWISE_BEZIER_KNOTS.);
#11484 = CARTESIAN_POINT('',(2.287060660044E-03,0.));
#11485 = CARTESIAN_POINT('',(2.287060660044E-03,1.));
#11486 = ( GEOMETRIC_REPRESENTATION_CONTEXT(2) 
PARAMETRIC_REPRESENTATION_CONTEXT() REPRESENTATION_CONTEXT('2D SPACE',''
  ) );
#11487 = PCURVE('',#3237,#11488);
#11488 = DEFINITIONAL_REPRESENTATION('',(#11489),#11492);
#11489 = B_SPLINE_CURVE_WITH_KNOTS('',1,(#11490,#11491),.UNSPECIFIED.,
  .F.,.F.,(2,2),(0.,1.),.PIECEWISE_BEZIER_KNOTS.);
#11490 = CARTESIAN_POINT('',(0.,0.));
#11491 = CARTESIAN_POINT('',(0.,1.));
#11492 = ( GEOMETRIC_REPRESENTATION_CONTEXT(2) 
PARAMETRIC_REPRESENTATION_CONTEXT() REPRESENTATION_CONTEXT('2D SPACE',''
  ) );
#11493 = ORIENTED_EDGE('',*,*,#3194,.F.);
#11494 = ORIENTED_EDGE('',*,*,#11432,.F.);
#11495 = ADVANCED_FACE('',(#11496),#3237,.F.);
#11496 = FACE_BOUND('',#11497,.F.);
#11497 = EDGE_LOOP('',(#11498,#11519,#11537,#11538));
#11498 = ORIENTED_EDGE('',*,*,#11499,.T.);
#11499 = EDGE_CURVE('',#11456,#11500,#11502,.T.);
#11500 = VERTEX_POINT('',#11501);
#11501 = CARTESIAN_POINT('',(213.14907373324,0.,-0.676925425983));
#11502 = SURFACE_CURVE('',#11503,(#11507,#11513),.PCURVE_S1.);
#11503 = LINE('',#11504,#11505);
#11504 = CARTESIAN_POINT('',(211.15787772802,0.,-0.81856792431));
#11505 = VECTOR('',#11506,1.);
#11506 = DIRECTION('',(0.997479511232,0.,7.095508911734E-02));
#11507 = PCURVE('',#3237,#11508);
#11508 = DEFINITIONAL_REPRESENTATION('',(#11509),#11512);
#11509 = B_SPLINE_CURVE_WITH_KNOTS('',1,(#11510,#11511),.UNSPECIFIED.,
  .F.,.F.,(2,2),(0.,1.996227474154),.PIECEWISE_BEZIER_KNOTS.);
#11510 = CARTESIAN_POINT('',(0.,0.));
#11511 = CARTESIAN_POINT('',(1.996227474154E-03,0.));
#11512 = ( GEOMETRIC_REPRESENTATION_CONTEXT(2) 
PARAMETRIC_REPRESENTATION_CONTEXT() REPRESENTATION_CONTEXT('2D SPACE',''
  ) );
#11513 = PCURVE('',#6483,#11514);
#11514 = DEFINITIONAL_REPRESENTATION('',(#11515),#11518);
#11515 = B_SPLINE_CURVE_WITH_KNOTS('',1,(#11516,#11517),.UNSPECIFIED.,
  .F.,.F.,(2,2),(0.,1.996227474154),.PIECEWISE_BEZIER_KNOTS.);
#11516 = CARTESIAN_POINT('',(0.,0.));
#11517 = CARTESIAN_POINT('',(1.996227474154E-03,0.));
#11518 = ( GEOMETRIC_REPRESENTATION_CONTEXT(2) 
PARAMETRIC_REPRESENTATION_CONTEXT() REPRESENTATION_CONTEXT('2D SPACE',''
  ) );
#11519 = ORIENTED_EDGE('',*,*,#11520,.T.);
#11520 = EDGE_CURVE('',#11500,#3222,#11521,.T.);
#11521 = SURFACE_CURVE('',#11522,(#11525,#11531),.PCURVE_S1.);
#11522 = B_SPLINE_CURVE_WITH_KNOTS('',1,(#11523,#11524),.UNSPECIFIED.,
  .F.,.F.,(2,2),(0.,1.),.PIECEWISE_BEZIER_KNOTS.);
#11523 = CARTESIAN_POINT('',(213.14907373324,0.,-0.676925425983));
#11524 = CARTESIAN_POINT('',(149.76444423994,700.,36.279290242539));
#11525 = PCURVE('',#3237,#11526);
#11526 = DEFINITIONAL_REPRESENTATION('',(#11527),#11530);
#11527 = B_SPLINE_CURVE_WITH_KNOTS('',1,(#11528,#11529),.UNSPECIFIED.,
  .F.,.F.,(2,2),(0.,1.),.PIECEWISE_BEZIER_KNOTS.);
#11528 = CARTESIAN_POINT('',(1.996227474154E-03,0.));
#11529 = CARTESIAN_POINT('',(1.996227474154E-03,1.));
#11530 = ( GEOMETRIC_REPRESENTATION_CONTEXT(2) 
PARAMETRIC_REPRESENTATION_CONTEXT() REPRESENTATION_CONTEXT('2D SPACE',''
  ) );
#11531 = PCURVE('',#3264,#11532);
#11532 = DEFINITIONAL_REPRESENTATION('',(#11533),#11536);
#11533 = B_SPLINE_CURVE_WITH_KNOTS('',1,(#11534,#11535),.UNSPECIFIED.,
  .F.,.F.,(2,2),(0.,1.),.PIECEWISE_BEZIER_KNOTS.);
#11534 = CARTESIAN_POINT('',(0.,0.));
#11535 = CARTESIAN_POINT('',(0.,1.));
#11536 = ( GEOMETRIC_REPRESENTATION_CONTEXT(2) 
PARAMETRIC_REPRESENTATION_CONTEXT() REPRESENTATION_CONTEXT('2D SPACE',''
  ) );
#11537 = ORIENTED_EDGE('',*,*,#3221,.F.);
#11538 = ORIENTED_EDGE('',*,*,#11476,.F.);
#11539 = ADVANCED_FACE('',(#11540),#3264,.F.);
#11540 = FACE_BOUND('',#11541,.F.);
#11541 = EDGE_LOOP('',(#11542,#11563,#11581,#11582));
#11542 = ORIENTED_EDGE('',*,*,#11543,.T.);
#11543 = EDGE_CURVE('',#11500,#11544,#11546,.T.);
#11544 = VERTEX_POINT('',#11545);
#11545 = CARTESIAN_POINT('',(214.84414911359,0.,-0.555664724291));
#11546 = SURFACE_CURVE('',#11547,(#11551,#11557),.PCURVE_S1.);
#11547 = LINE('',#11548,#11549);
#11548 = CARTESIAN_POINT('',(213.14907373324,0.,-0.676925425983));
#11549 = VECTOR('',#11550,1.);
#11550 = DIRECTION('',(0.997451004139,0.,7.1354707919E-02));
#11551 = PCURVE('',#3264,#11552);
#11552 = DEFINITIONAL_REPRESENTATION('',(#11553),#11556);
#11553 = B_SPLINE_CURVE_WITH_KNOTS('',1,(#11554,#11555),.UNSPECIFIED.,
  .F.,.F.,(2,2),(0.,1.699407162168),.PIECEWISE_BEZIER_KNOTS.);
#11554 = CARTESIAN_POINT('',(0.,0.));
#11555 = CARTESIAN_POINT('',(1.699407162168E-03,0.));
#11556 = ( GEOMETRIC_REPRESENTATION_CONTEXT(2) 
PARAMETRIC_REPRESENTATION_CONTEXT() REPRESENTATION_CONTEXT('2D SPACE',''
  ) );
#11557 = PCURVE('',#6510,#11558);
#11558 = DEFINITIONAL_REPRESENTATION('',(#11559),#11562);
#11559 = B_SPLINE_CURVE_WITH_KNOTS('',1,(#11560,#11561),.UNSPECIFIED.,
  .F.,.F.,(2,2),(0.,1.699407162168),.PIECEWISE_BEZIER_KNOTS.);
#11560 = CARTESIAN_POINT('',(0.,0.));
#11561 = CARTESIAN_POINT('',(1.699407162168E-03,0.));
#11562 = ( GEOMETRIC_REPRESENTATION_CONTEXT(2) 
PARAMETRIC_REPRESENTATION_CONTEXT() REPRESENTATION_CONTEXT('2D SPACE',''
  ) );
#11563 = ORIENTED_EDGE('',*,*,#11564,.T.);
#11564 = EDGE_CURVE('',#11544,#3249,#11565,.T.);
#11565 = SURFACE_CURVE('',#11566,(#11569,#11575),.PCURVE_S1.);
#11566 = B_SPLINE_CURVE_WITH_KNOTS('',1,(#11567,#11568),.UNSPECIFIED.,
  .F.,.F.,(2,2),(0.,1.),.PIECEWISE_BEZIER_KNOTS.);
#11567 = CARTESIAN_POINT('',(214.84414911359,0.,-0.555664724291));
#11568 = CARTESIAN_POINT('',(150.78148946815,700.,36.352046663554));
#11569 = PCURVE('',#3264,#11570);
#11570 = DEFINITIONAL_REPRESENTATION('',(#11571),#11574);
#11571 = B_SPLINE_CURVE_WITH_KNOTS('',1,(#11572,#11573),.UNSPECIFIED.,
  .F.,.F.,(2,2),(0.,1.),.PIECEWISE_BEZIER_KNOTS.);
#11572 = CARTESIAN_POINT('',(1.699407162168E-03,0.));
#11573 = CARTESIAN_POINT('',(1.699407162168E-03,1.));
#11574 = ( GEOMETRIC_REPRESENTATION_CONTEXT(2) 
PARAMETRIC_REPRESENTATION_CONTEXT() REPRESENTATION_CONTEXT('2D SPACE',''
  ) );
#11575 = PCURVE('',#3291,#11576);
#11576 = DEFINITIONAL_REPRESENTATION('',(#11577),#11580);
#11577 = B_SPLINE_CURVE_WITH_KNOTS('',1,(#11578,#11579),.UNSPECIFIED.,
  .F.,.F.,(2,2),(0.,1.),.PIECEWISE_BEZIER_KNOTS.);
#11578 = CARTESIAN_POINT('',(0.,0.));
#11579 = CARTESIAN_POINT('',(0.,1.));
#11580 = ( GEOMETRIC_REPRESENTATION_CONTEXT(2) 
PARAMETRIC_REPRESENTATION_CONTEXT() REPRESENTATION_CONTEXT('2D SPACE',''
  ) );
#11581 = ORIENTED_EDGE('',*,*,#3248,.F.);
#11582 = ORIENTED_EDGE('',*,*,#11520,.F.);
#11583 = ADVANCED_FACE('',(#11584),#3291,.F.);
#11584 = FACE_BOUND('',#11585,.F.);
#11585 = EDGE_LOOP('',(#11586,#11607,#11625,#11626));
#11586 = ORIENTED_EDGE('',*,*,#11587,.T.);
#11587 = EDGE_CURVE('',#11544,#11588,#11590,.T.);
#11588 = VERTEX_POINT('',#11589);
#11589 = CARTESIAN_POINT('',(216.23802757696,0.,-0.455457060223));
#11590 = SURFACE_CURVE('',#11591,(#11595,#11601),.PCURVE_S1.);
#11591 = LINE('',#11592,#11593);
#11592 = CARTESIAN_POINT('',(214.84414911359,0.,-0.555664724291));
#11593 = VECTOR('',#11594,1.);
#11594 = DIRECTION('',(0.997425798138,0.,7.170618668655E-02));
#11595 = PCURVE('',#3291,#11596);
#11596 = DEFINITIONAL_REPRESENTATION('',(#11597),#11600);
#11597 = B_SPLINE_CURVE_WITH_KNOTS('',1,(#11598,#11599),.UNSPECIFIED.,
  .F.,.F.,(2,2),(0.,1.397475848302),.PIECEWISE_BEZIER_KNOTS.);
#11598 = CARTESIAN_POINT('',(0.,0.));
#11599 = CARTESIAN_POINT('',(1.397475848302E-03,0.));
#11600 = ( GEOMETRIC_REPRESENTATION_CONTEXT(2) 
PARAMETRIC_REPRESENTATION_CONTEXT() REPRESENTATION_CONTEXT('2D SPACE',''
  ) );
#11601 = PCURVE('',#6537,#11602);
#11602 = DEFINITIONAL_REPRESENTATION('',(#11603),#11606);
#11603 = B_SPLINE_CURVE_WITH_KNOTS('',1,(#11604,#11605),.UNSPECIFIED.,
  .F.,.F.,(2,2),(0.,1.397475848302),.PIECEWISE_BEZIER_KNOTS.);
#11604 = CARTESIAN_POINT('',(0.,0.));
#11605 = CARTESIAN_POINT('',(1.397475848302E-03,0.));
#11606 = ( GEOMETRIC_REPRESENTATION_CONTEXT(2) 
PARAMETRIC_REPRESENTATION_CONTEXT() REPRESENTATION_CONTEXT('2D SPACE',''
  ) );
#11607 = ORIENTED_EDGE('',*,*,#11608,.T.);
#11608 = EDGE_CURVE('',#11588,#3276,#11609,.T.);
#11609 = SURFACE_CURVE('',#11610,(#11613,#11619),.PCURVE_S1.);
#11610 = B_SPLINE_CURVE_WITH_KNOTS('',1,(#11611,#11612),.UNSPECIFIED.,
  .F.,.F.,(2,2),(0.,1.),.PIECEWISE_BEZIER_KNOTS.);
#11611 = CARTESIAN_POINT('',(216.23802757696,0.,-0.455457060223));
#11612 = CARTESIAN_POINT('',(151.61781654617,700.,36.412171261995));
#11613 = PCURVE('',#3291,#11614);
#11614 = DEFINITIONAL_REPRESENTATION('',(#11615),#11618);
#11615 = B_SPLINE_CURVE_WITH_KNOTS('',1,(#11616,#11617),.UNSPECIFIED.,
  .F.,.F.,(2,2),(0.,1.),.PIECEWISE_BEZIER_KNOTS.);
#11616 = CARTESIAN_POINT('',(1.397475848302E-03,0.));
#11617 = CARTESIAN_POINT('',(1.397475848302E-03,1.));
#11618 = ( GEOMETRIC_REPRESENTATION_CONTEXT(2) 
PARAMETRIC_REPRESENTATION_CONTEXT() REPRESENTATION_CONTEXT('2D SPACE',''
  ) );
#11619 = PCURVE('',#3318,#11620);
#11620 = DEFINITIONAL_REPRESENTATION('',(#11621),#11624);
#11621 = B_SPLINE_CURVE_WITH_KNOTS('',1,(#11622,#11623),.UNSPECIFIED.,
  .F.,.F.,(2,2),(0.,1.),.PIECEWISE_BEZIER_KNOTS.);
#11622 = CARTESIAN_POINT('',(0.,0.));
#11623 = CARTESIAN_POINT('',(0.,1.));
#11624 = ( GEOMETRIC_REPRESENTATION_CONTEXT(2) 
PARAMETRIC_REPRESENTATION_CONTEXT() REPRESENTATION_CONTEXT('2D SPACE',''
  ) );
#11625 = ORIENTED_EDGE('',*,*,#3275,.F.);
#11626 = ORIENTED_EDGE('',*,*,#11564,.F.);
#11627 = ADVANCED_FACE('',(#11628),#3318,.F.);
#11628 = FACE_BOUND('',#11629,.F.);
#11629 = EDGE_LOOP('',(#11630,#11651,#11669,#11670));
#11630 = ORIENTED_EDGE('',*,*,#11631,.T.);
#11631 = EDGE_CURVE('',#11588,#11632,#11634,.T.);
#11632 = VERTEX_POINT('',#11633);
#11633 = CARTESIAN_POINT('',(217.3265266095,0.,-0.37688120826));
#11634 = SURFACE_CURVE('',#11635,(#11639,#11645),.PCURVE_S1.);
#11635 = LINE('',#11636,#11637);
#11636 = CARTESIAN_POINT('',(216.23802757696,0.,-0.455457060223));
#11637 = VECTOR('',#11638,1.);
#11638 = DIRECTION('',(0.9974046328,0.,7.1999989372E-02));
#11639 = PCURVE('',#3318,#11640);
#11640 = DEFINITIONAL_REPRESENTATION('',(#11641),#11644);
#11641 = B_SPLINE_CURVE_WITH_KNOTS('',1,(#11642,#11643),.UNSPECIFIED.,
  .F.,.F.,(2,2),(0.,1.091331438364),.PIECEWISE_BEZIER_KNOTS.);
#11642 = CARTESIAN_POINT('',(0.,0.));
#11643 = CARTESIAN_POINT('',(1.091331438364E-03,0.));
#11644 = ( GEOMETRIC_REPRESENTATION_CONTEXT(2) 
PARAMETRIC_REPRESENTATION_CONTEXT() REPRESENTATION_CONTEXT('2D SPACE',''
  ) );
#11645 = PCURVE('',#6564,#11646);
#11646 = DEFINITIONAL_REPRESENTATION('',(#11647),#11650);
#11647 = B_SPLINE_CURVE_WITH_KNOTS('',1,(#11648,#11649),.UNSPECIFIED.,
  .F.,.F.,(2,2),(0.,1.091331438364),.PIECEWISE_BEZIER_KNOTS.);
#11648 = CARTESIAN_POINT('',(0.,0.));
#11649 = CARTESIAN_POINT('',(1.091331438364E-03,0.));
#11650 = ( GEOMETRIC_REPRESENTATION_CONTEXT(2) 
PARAMETRIC_REPRESENTATION_CONTEXT() REPRESENTATION_CONTEXT('2D SPACE',''
  ) );
#11651 = ORIENTED_EDGE('',*,*,#11652,.T.);
#11652 = EDGE_CURVE('',#11632,#3303,#11653,.T.);
#11653 = SURFACE_CURVE('',#11654,(#11657,#11663),.PCURVE_S1.);
#11654 = B_SPLINE_CURVE_WITH_KNOTS('',1,(#11655,#11656),.UNSPECIFIED.,
  .F.,.F.,(2,2),(0.,1.),.PIECEWISE_BEZIER_KNOTS.);
#11655 = CARTESIAN_POINT('',(217.3265266095,0.,-0.37688120826));
#11656 = CARTESIAN_POINT('',(152.2709159657,700.,36.459316773173));
#11657 = PCURVE('',#3318,#11658);
#11658 = DEFINITIONAL_REPRESENTATION('',(#11659),#11662);
#11659 = B_SPLINE_CURVE_WITH_KNOTS('',1,(#11660,#11661),.UNSPECIFIED.,
  .F.,.F.,(2,2),(0.,1.),.PIECEWISE_BEZIER_KNOTS.);
#11660 = CARTESIAN_POINT('',(1.091331438364E-03,0.));
#11661 = CARTESIAN_POINT('',(1.091331438364E-03,1.));
#11662 = ( GEOMETRIC_REPRESENTATION_CONTEXT(2) 
PARAMETRIC_REPRESENTATION_CONTEXT() REPRESENTATION_CONTEXT('2D SPACE',''
  ) );
#11663 = PCURVE('',#3345,#11664);
#11664 = DEFINITIONAL_REPRESENTATION('',(#11665),#11668);
#11665 = B_SPLINE_CURVE_WITH_KNOTS('',1,(#11666,#11667),.UNSPECIFIED.,
  .F.,.F.,(2,2),(0.,1.),.PIECEWISE_BEZIER_KNOTS.);
#11666 = CARTESIAN_POINT('',(0.,0.));
#11667 = CARTESIAN_POINT('',(0.,1.));
#11668 = ( GEOMETRIC_REPRESENTATION_CONTEXT(2) 
PARAMETRIC_REPRESENTATION_CONTEXT() REPRESENTATION_CONTEXT('2D SPACE',''
  ) );
#11669 = ORIENTED_EDGE('',*,*,#3302,.F.);
#11670 = ORIENTED_EDGE('',*,*,#11608,.F.);
#11671 = ADVANCED_FACE('',(#11672),#3345,.F.);
#11672 = FACE_BOUND('',#11673,.F.);
#11673 = EDGE_LOOP('',(#11674,#11695,#11713,#11714));
#11674 = ORIENTED_EDGE('',*,*,#11675,.T.);
#11675 = EDGE_CURVE('',#11632,#11676,#11678,.T.);
#11676 = VERTEX_POINT('',#11677);
#11677 = CARTESIAN_POINT('',(218.10637471224,0.,-0.320406870971));
#11678 = SURFACE_CURVE('',#11679,(#11683,#11689),.PCURVE_S1.);
#11679 = LINE('',#11680,#11681);
#11680 = CARTESIAN_POINT('',(217.3265266095,0.,-0.37688120826));
#11681 = VECTOR('',#11682,1.);
#11682 = DIRECTION('',(0.997388150274,0.,7.222795645496E-02));
#11683 = PCURVE('',#3345,#11684);
#11684 = DEFINITIONAL_REPRESENTATION('',(#11685),#11688);
#11685 = B_SPLINE_CURVE_WITH_KNOTS('',1,(#11686,#11687),.UNSPECIFIED.,
  .F.,.F.,(2,2),(0.,0.781890282655),.PIECEWISE_BEZIER_KNOTS.);
#11686 = CARTESIAN_POINT('',(0.,0.));
#11687 = CARTESIAN_POINT('',(7.81890282655E-04,0.));
#11688 = ( GEOMETRIC_REPRESENTATION_CONTEXT(2) 
PARAMETRIC_REPRESENTATION_CONTEXT() REPRESENTATION_CONTEXT('2D SPACE',''
  ) );
#11689 = PCURVE('',#6591,#11690);
#11690 = DEFINITIONAL_REPRESENTATION('',(#11691),#11694);
#11691 = B_SPLINE_CURVE_WITH_KNOTS('',1,(#11692,#11693),.UNSPECIFIED.,
  .F.,.F.,(2,2),(0.,0.781890282655),.PIECEWISE_BEZIER_KNOTS.);
#11692 = CARTESIAN_POINT('',(0.,0.));
#11693 = CARTESIAN_POINT('',(7.81890282655E-04,0.));
#11694 = ( GEOMETRIC_REPRESENTATION_CONTEXT(2) 
PARAMETRIC_REPRESENTATION_CONTEXT() REPRESENTATION_CONTEXT('2D SPACE',''
  ) );
#11695 = ORIENTED_EDGE('',*,*,#11696,.T.);
#11696 = EDGE_CURVE('',#11676,#3330,#11697,.T.);
#11697 = SURFACE_CURVE('',#11698,(#11701,#11707),.PCURVE_S1.);
#11698 = B_SPLINE_CURVE_WITH_KNOTS('',1,(#11699,#11700),.UNSPECIFIED.,
  .F.,.F.,(2,2),(0.,1.),.PIECEWISE_BEZIER_KNOTS.);
#11699 = CARTESIAN_POINT('',(218.10637471224,0.,-0.320406870971));
#11700 = CARTESIAN_POINT('',(152.73882482734,700.,36.493201375546));
#11701 = PCURVE('',#3345,#11702);
#11702 = DEFINITIONAL_REPRESENTATION('',(#11703),#11706);
#11703 = B_SPLINE_CURVE_WITH_KNOTS('',1,(#11704,#11705),.UNSPECIFIED.,
  .F.,.F.,(2,2),(0.,1.),.PIECEWISE_BEZIER_KNOTS.);
#11704 = CARTESIAN_POINT('',(7.81890282655E-04,0.));
#11705 = CARTESIAN_POINT('',(7.81890282655E-04,1.));
#11706 = ( GEOMETRIC_REPRESENTATION_CONTEXT(2) 
PARAMETRIC_REPRESENTATION_CONTEXT() REPRESENTATION_CONTEXT('2D SPACE',''
  ) );
#11707 = PCURVE('',#3372,#11708);
#11708 = DEFINITIONAL_REPRESENTATION('',(#11709),#11712);
#11709 = B_SPLINE_CURVE_WITH_KNOTS('',1,(#11710,#11711),.UNSPECIFIED.,
  .F.,.F.,(2,2),(0.,1.),.PIECEWISE_BEZIER_KNOTS.);
#11710 = CARTESIAN_POINT('',(0.,0.));
#11711 = CARTESIAN_POINT('',(0.,1.));
#11712 = ( GEOMETRIC_REPRESENTATION_CONTEXT(2) 
PARAMETRIC_REPRESENTATION_CONTEXT() REPRESENTATION_CONTEXT('2D SPACE',''
  ) );
#11713 = ORIENTED_EDGE('',*,*,#3329,.F.);
#11714 = ORIENTED_EDGE('',*,*,#11652,.F.);
#11715 = ADVANCED_FACE('',(#11716),#3372,.F.);
#11716 = FACE_BOUND('',#11717,.F.);
#11717 = EDGE_LOOP('',(#11718,#11739,#11757,#11758));
#11718 = ORIENTED_EDGE('',*,*,#11719,.T.);
#11719 = EDGE_CURVE('',#11676,#11720,#11722,.T.);
#11720 = VERTEX_POINT('',#11721);
#11721 = CARTESIAN_POINT('',(218.57522510766,0.,-0.286380511103));
#11722 = SURFACE_CURVE('',#11723,(#11727,#11733),.PCURVE_S1.);
#11723 = LINE('',#11724,#11725);
#11724 = CARTESIAN_POINT('',(218.10637471224,0.,-0.320406870971));
#11725 = VECTOR('',#11726,1.);
#11726 = DIRECTION('',(0.997376863006,0.,7.238365243404E-02));
#11727 = PCURVE('',#3372,#11728);
#11728 = DEFINITIONAL_REPRESENTATION('',(#11729),#11732);
#11729 = B_SPLINE_CURVE_WITH_KNOTS('',1,(#11730,#11731),.UNSPECIFIED.,
  .F.,.F.,(2,2),(0.,0.470083488806),.PIECEWISE_BEZIER_KNOTS.);
#11730 = CARTESIAN_POINT('',(0.,0.));
#11731 = CARTESIAN_POINT('',(4.700834888064E-04,0.));
#11732 = ( GEOMETRIC_REPRESENTATION_CONTEXT(2) 
PARAMETRIC_REPRESENTATION_CONTEXT() REPRESENTATION_CONTEXT('2D SPACE',''
  ) );
#11733 = PCURVE('',#6618,#11734);
#11734 = DEFINITIONAL_REPRESENTATION('',(#11735),#11738);
#11735 = B_SPLINE_CURVE_WITH_KNOTS('',1,(#11736,#11737),.UNSPECIFIED.,
  .F.,.F.,(2,2),(0.,0.470083488806),.PIECEWISE_BEZIER_KNOTS.);
#11736 = CARTESIAN_POINT('',(0.,0.));
#11737 = CARTESIAN_POINT('',(4.700834888064E-04,0.));
#11738 = ( GEOMETRIC_REPRESENTATION_CONTEXT(2) 
PARAMETRIC_REPRESENTATION_CONTEXT() REPRESENTATION_CONTEXT('2D SPACE',''
  ) );
#11739 = ORIENTED_EDGE('',*,*,#11740,.T.);
#11740 = EDGE_CURVE('',#11720,#3357,#11741,.T.);
#11741 = SURFACE_CURVE('',#11742,(#11745,#11751),.PCURVE_S1.);
#11742 = B_SPLINE_CURVE_WITH_KNOTS('',1,(#11743,#11744),.UNSPECIFIED.,
  .F.,.F.,(2,2),(0.,1.),.PIECEWISE_BEZIER_KNOTS.);
#11743 = CARTESIAN_POINT('',(218.57522510766,0.,-0.286380511103));
#11744 = CARTESIAN_POINT('',(153.02013506459,700.,36.513617191467));
#11745 = PCURVE('',#3372,#11746);
#11746 = DEFINITIONAL_REPRESENTATION('',(#11747),#11750);
#11747 = B_SPLINE_CURVE_WITH_KNOTS('',1,(#11748,#11749),.UNSPECIFIED.,
  .F.,.F.,(2,2),(0.,1.),.PIECEWISE_BEZIER_KNOTS.);
#11748 = CARTESIAN_POINT('',(4.700834888064E-04,0.));
#11749 = CARTESIAN_POINT('',(4.700834888064E-04,1.));
#11750 = ( GEOMETRIC_REPRESENTATION_CONTEXT(2) 
PARAMETRIC_REPRESENTATION_CONTEXT() REPRESENTATION_CONTEXT('2D SPACE',''
  ) );
#11751 = PCURVE('',#3399,#11752);
#11752 = DEFINITIONAL_REPRESENTATION('',(#11753),#11756);
#11753 = B_SPLINE_CURVE_WITH_KNOTS('',1,(#11754,#11755),.UNSPECIFIED.,
  .F.,.F.,(2,2),(0.,1.),.PIECEWISE_BEZIER_KNOTS.);
#11754 = CARTESIAN_POINT('',(0.,0.));
#11755 = CARTESIAN_POINT('',(0.,1.));
#11756 = ( GEOMETRIC_REPRESENTATION_CONTEXT(2) 
PARAMETRIC_REPRESENTATION_CONTEXT() REPRESENTATION_CONTEXT('2D SPACE',''
  ) );
#11757 = ORIENTED_EDGE('',*,*,#3356,.F.);
#11758 = ORIENTED_EDGE('',*,*,#11696,.F.);
#11759 = ADVANCED_FACE('',(#11760),#3399,.F.);
#11760 = FACE_BOUND('',#11761,.F.);
#11761 = EDGE_LOOP('',(#11762,#11781,#11782,#11783));
#11762 = ORIENTED_EDGE('',*,*,#11763,.T.);
#11763 = EDGE_CURVE('',#11720,#3434,#11764,.T.);
#11764 = SURFACE_CURVE('',#11765,(#11769,#11775),.PCURVE_S1.);
#11765 = LINE('',#11766,#11767);
#11766 = CARTESIAN_POINT('',(218.57522510766,0.,-0.286380511103));
#11767 = VECTOR('',#11768,1.);
#11768 = DIRECTION('',(0.99737112783,0.,7.246263430296E-02));
#11769 = PCURVE('',#3399,#11770);
#11770 = DEFINITIONAL_REPRESENTATION('',(#11771),#11774);
#11771 = B_SPLINE_CURVE_WITH_KNOTS('',1,(#11772,#11773),.UNSPECIFIED.,
  .F.,.F.,(2,2),(0.,0.156852936384),.PIECEWISE_BEZIER_KNOTS.);
#11772 = CARTESIAN_POINT('',(0.,0.));
#11773 = CARTESIAN_POINT('',(1.568529363836E-04,0.));
#11774 = ( GEOMETRIC_REPRESENTATION_CONTEXT(2) 
PARAMETRIC_REPRESENTATION_CONTEXT() REPRESENTATION_CONTEXT('2D SPACE',''
  ) );
#11775 = PCURVE('',#6645,#11776);
#11776 = DEFINITIONAL_REPRESENTATION('',(#11777),#11780);
#11777 = B_SPLINE_CURVE_WITH_KNOTS('',1,(#11778,#11779),.UNSPECIFIED.,
  .F.,.F.,(2,2),(0.,0.156852936384),.PIECEWISE_BEZIER_KNOTS.);
#11778 = CARTESIAN_POINT('',(0.,0.));
#11779 = CARTESIAN_POINT('',(1.568529363836E-04,0.));
#11780 = ( GEOMETRIC_REPRESENTATION_CONTEXT(2) 
PARAMETRIC_REPRESENTATION_CONTEXT() REPRESENTATION_CONTEXT('2D SPACE',''
  ) );
#11781 = ORIENTED_EDGE('',*,*,#3456,.T.);
#11782 = ORIENTED_EDGE('',*,*,#3383,.F.);
#11783 = ORIENTED_EDGE('',*,*,#11740,.F.);
#11784 = ADVANCED_FACE('',(#11785),#3492,.T.);
#11785 = FACE_BOUND('',#11786,.T.);
#11786 = EDGE_LOOP('',(#11787,#11788,#11806,#11807));
#11787 = ORIENTED_EDGE('',*,*,#6703,.T.);
#11788 = ORIENTED_EDGE('',*,*,#11789,.T.);
#11789 = EDGE_CURVE('',#6704,#3530,#11790,.T.);
#11790 = SURFACE_CURVE('',#11791,(#11794,#11800),.PCURVE_S1.);
#11791 = B_SPLINE_CURVE_WITH_KNOTS('',1,(#11792,#11793),.UNSPECIFIED.,
  .F.,.F.,(2,2),(0.,1.),.PIECEWISE_BEZIER_KNOTS.);
#11792 = CARTESIAN_POINT('',(217.38842598578,0.,0.56156608425));
#11793 = CARTESIAN_POINT('',(152.30805559147,-700.,37.022385148679));
#11794 = PCURVE('',#3492,#11795);
#11795 = DEFINITIONAL_REPRESENTATION('',(#11796),#11799);
#11796 = B_SPLINE_CURVE_WITH_KNOTS('',1,(#11797,#11798),.UNSPECIFIED.,
  .F.,.F.,(2,2),(0.,1.),.PIECEWISE_BEZIER_KNOTS.);
#11797 = CARTESIAN_POINT('',(7.822126348056E-04,0.));
#11798 = CARTESIAN_POINT('',(7.822126348056E-04,1.));
#11799 = ( GEOMETRIC_REPRESENTATION_CONTEXT(2) 
PARAMETRIC_REPRESENTATION_CONTEXT() REPRESENTATION_CONTEXT('2D SPACE',''
  ) );
#11800 = PCURVE('',#3567,#11801);
#11801 = DEFINITIONAL_REPRESENTATION('',(#11802),#11805);
#11802 = B_SPLINE_CURVE_WITH_KNOTS('',1,(#11803,#11804),.UNSPECIFIED.,
  .F.,.F.,(2,2),(0.,1.),.PIECEWISE_BEZIER_KNOTS.);
#11803 = CARTESIAN_POINT('',(0.,0.));
#11804 = CARTESIAN_POINT('',(0.,1.));
#11805 = ( GEOMETRIC_REPRESENTATION_CONTEXT(2) 
PARAMETRIC_REPRESENTATION_CONTEXT() REPRESENTATION_CONTEXT('2D SPACE',''
  ) );
#11806 = ORIENTED_EDGE('',*,*,#3529,.F.);
#11807 = ORIENTED_EDGE('',*,*,#3478,.F.);
#11808 = ADVANCED_FACE('',(#11809),#3567,.T.);
#11809 = FACE_BOUND('',#11810,.T.);
#11810 = EDGE_LOOP('',(#11811,#11812,#11830,#11831));
#11811 = ORIENTED_EDGE('',*,*,#6747,.T.);
#11812 = ORIENTED_EDGE('',*,*,#11813,.T.);
#11813 = EDGE_CURVE('',#6748,#3552,#11814,.T.);
#11814 = SURFACE_CURVE('',#11815,(#11818,#11824),.PCURVE_S1.);
#11815 = B_SPLINE_CURVE_WITH_KNOTS('',1,(#11816,#11817),.UNSPECIFIED.,
  .F.,.F.,(2,2),(0.,1.),.PIECEWISE_BEZIER_KNOTS.);
#11816 = CARTESIAN_POINT('',(216.31896394569,0.,0.781888313277));
#11817 = CARTESIAN_POINT('',(151.66637836741,-700.,37.154578486095));
#11818 = PCURVE('',#3567,#11819);
#11819 = DEFINITIONAL_REPRESENTATION('',(#11820),#11823);
#11820 = B_SPLINE_CURVE_WITH_KNOTS('',1,(#11821,#11822),.UNSPECIFIED.,
  .F.,.F.,(2,2),(0.,1.),.PIECEWISE_BEZIER_KNOTS.);
#11821 = CARTESIAN_POINT('',(1.091920757106E-03,0.));
#11822 = CARTESIAN_POINT('',(1.091920757106E-03,1.));
#11823 = ( GEOMETRIC_REPRESENTATION_CONTEXT(2) 
PARAMETRIC_REPRESENTATION_CONTEXT() REPRESENTATION_CONTEXT('2D SPACE',''
  ) );
#11824 = PCURVE('',#3594,#11825);
#11825 = DEFINITIONAL_REPRESENTATION('',(#11826),#11829);
#11826 = B_SPLINE_CURVE_WITH_KNOTS('',1,(#11827,#11828),.UNSPECIFIED.,
  .F.,.F.,(2,2),(0.,1.),.PIECEWISE_BEZIER_KNOTS.);
#11827 = CARTESIAN_POINT('',(0.,0.));
#11828 = CARTESIAN_POINT('',(0.,1.));
#11829 = ( GEOMETRIC_REPRESENTATION_CONTEXT(2) 
PARAMETRIC_REPRESENTATION_CONTEXT() REPRESENTATION_CONTEXT('2D SPACE',''
  ) );
#11830 = ORIENTED_EDGE('',*,*,#3551,.F.);
#11831 = ORIENTED_EDGE('',*,*,#11789,.F.);
#11832 = ADVANCED_FACE('',(#11833),#3594,.T.);
#11833 = FACE_BOUND('',#11834,.T.);
#11834 = EDGE_LOOP('',(#11835,#11836,#11854,#11855));
#11835 = ORIENTED_EDGE('',*,*,#6791,.T.);
#11836 = ORIENTED_EDGE('',*,*,#11837,.T.);
#11837 = EDGE_CURVE('',#6792,#3579,#11838,.T.);
#11838 = SURFACE_CURVE('',#11839,(#11842,#11848),.PCURVE_S1.);
#11839 = B_SPLINE_CURVE_WITH_KNOTS('',1,(#11840,#11841),.UNSPECIFIED.,
  .F.,.F.,(2,2),(0.,1.),.PIECEWISE_BEZIER_KNOTS.);
#11840 = CARTESIAN_POINT('',(214.94882218958,0.,1.061923997244));
#11841 = CARTESIAN_POINT('',(150.84429331374,-700.,37.322599896475));
#11842 = PCURVE('',#3594,#11843);
#11843 = DEFINITIONAL_REPRESENTATION('',(#11844),#11847);
#11844 = B_SPLINE_CURVE_WITH_KNOTS('',1,(#11845,#11846),.UNSPECIFIED.,
  .F.,.F.,(2,2),(0.,1.),.PIECEWISE_BEZIER_KNOTS.);
#11845 = CARTESIAN_POINT('',(1.398466451559E-03,0.));
#11846 = CARTESIAN_POINT('',(1.398466451559E-03,1.));
#11847 = ( GEOMETRIC_REPRESENTATION_CONTEXT(2) 
PARAMETRIC_REPRESENTATION_CONTEXT() REPRESENTATION_CONTEXT('2D SPACE',''
  ) );
#11848 = PCURVE('',#3621,#11849);
#11849 = DEFINITIONAL_REPRESENTATION('',(#11850),#11853);
#11850 = B_SPLINE_CURVE_WITH_KNOTS('',1,(#11851,#11852),.UNSPECIFIED.,
  .F.,.F.,(2,2),(0.,1.),.PIECEWISE_BEZIER_KNOTS.);
#11851 = CARTESIAN_POINT('',(0.,0.));
#11852 = CARTESIAN_POINT('',(0.,1.));
#11853 = ( GEOMETRIC_REPRESENTATION_CONTEXT(2) 
PARAMETRIC_REPRESENTATION_CONTEXT() REPRESENTATION_CONTEXT('2D SPACE',''
  ) );
#11854 = ORIENTED_EDGE('',*,*,#3578,.F.);
#11855 = ORIENTED_EDGE('',*,*,#11813,.F.);
#11856 = ADVANCED_FACE('',(#11857),#3621,.T.);
#11857 = FACE_BOUND('',#11858,.T.);
#11858 = EDGE_LOOP('',(#11859,#11860,#11878,#11879));
#11859 = ORIENTED_EDGE('',*,*,#6835,.T.);
#11860 = ORIENTED_EDGE('',*,*,#11861,.T.);
#11861 = EDGE_CURVE('',#6836,#3606,#11862,.T.);
#11862 = SURFACE_CURVE('',#11863,(#11866,#11872),.PCURVE_S1.);
#11863 = B_SPLINE_CURVE_WITH_KNOTS('',1,(#11864,#11865),.UNSPECIFIED.,
  .F.,.F.,(2,2),(0.,1.),.PIECEWISE_BEZIER_KNOTS.);
#11864 = CARTESIAN_POINT('',(213.28165311921,0.,1.399317755437));
#11865 = CARTESIAN_POINT('',(149.84399187152,-700.,37.525036151391));
#11866 = PCURVE('',#3621,#11867);
#11867 = DEFINITIONAL_REPRESENTATION('',(#11868),#11871);
#11868 = B_SPLINE_CURVE_WITH_KNOTS('',1,(#11869,#11870),.UNSPECIFIED.,
  .F.,.F.,(2,2),(0.,1.),.PIECEWISE_BEZIER_KNOTS.);
#11869 = CARTESIAN_POINT('',(1.700966565595E-03,0.));
#11870 = CARTESIAN_POINT('',(1.700966565595E-03,1.));
#11871 = ( GEOMETRIC_REPRESENTATION_CONTEXT(2) 
PARAMETRIC_REPRESENTATION_CONTEXT() REPRESENTATION_CONTEXT('2D SPACE',''
  ) );
#11872 = PCURVE('',#3648,#11873);
#11873 = DEFINITIONAL_REPRESENTATION('',(#11874),#11877);
#11874 = B_SPLINE_CURVE_WITH_KNOTS('',1,(#11875,#11876),.UNSPECIFIED.,
  .F.,.F.,(2,2),(0.,1.),.PIECEWISE_BEZIER_KNOTS.);
#11875 = CARTESIAN_POINT('',(0.,0.));
#11876 = CARTESIAN_POINT('',(0.,1.));
#11877 = ( GEOMETRIC_REPRESENTATION_CONTEXT(2) 
PARAMETRIC_REPRESENTATION_CONTEXT() REPRESENTATION_CONTEXT('2D SPACE',''
  ) );
#11878 = ORIENTED_EDGE('',*,*,#3605,.F.);
#11879 = ORIENTED_EDGE('',*,*,#11837,.F.);
#11880 = ADVANCED_FACE('',(#11881),#3648,.T.);
#11881 = FACE_BOUND('',#11882,.T.);
#11882 = EDGE_LOOP('',(#11883,#11884,#11902,#11903));
#11883 = ORIENTED_EDGE('',*,*,#6879,.T.);
#11884 = ORIENTED_EDGE('',*,*,#11885,.T.);
#11885 = EDGE_CURVE('',#6880,#3633,#11886,.T.);
#11886 = SURFACE_CURVE('',#11887,(#11890,#11896),.PCURVE_S1.);
#11887 = B_SPLINE_CURVE_WITH_KNOTS('',1,(#11888,#11889),.UNSPECIFIED.,
  .F.,.F.,(2,2),(0.,1.),.PIECEWISE_BEZIER_KNOTS.);
#11888 = CARTESIAN_POINT('',(211.32191108967,0.,1.79126686104));
#11889 = CARTESIAN_POINT('',(148.6681466538,-700.,37.760205614753));
#11890 = PCURVE('',#3648,#11891);
#11891 = DEFINITIONAL_REPRESENTATION('',(#11892),#11895);
#11892 = B_SPLINE_CURVE_WITH_KNOTS('',1,(#11893,#11894),.UNSPECIFIED.,
  .F.,.F.,(2,2),(0.,1.),.PIECEWISE_BEZIER_KNOTS.);
#11893 = CARTESIAN_POINT('',(1.99855270726E-03,0.));
#11894 = CARTESIAN_POINT('',(1.99855270726E-03,1.));
#11895 = ( GEOMETRIC_REPRESENTATION_CONTEXT(2) 
PARAMETRIC_REPRESENTATION_CONTEXT() REPRESENTATION_CONTEXT('2D SPACE',''
  ) );
#11896 = PCURVE('',#3675,#11897);
#11897 = DEFINITIONAL_REPRESENTATION('',(#11898),#11901);
#11898 = B_SPLINE_CURVE_WITH_KNOTS('',1,(#11899,#11900),.UNSPECIFIED.,
  .F.,.F.,(2,2),(0.,1.),.PIECEWISE_BEZIER_KNOTS.);
#11899 = CARTESIAN_POINT('',(0.,0.));
#11900 = CARTESIAN_POINT('',(0.,1.));
#11901 = ( GEOMETRIC_REPRESENTATION_CONTEXT(2) 
PARAMETRIC_REPRESENTATION_CONTEXT() REPRESENTATION_CONTEXT('2D SPACE',''
  ) );
#11902 = ORIENTED_EDGE('',*,*,#3632,.F.);
#11903 = ORIENTED_EDGE('',*,*,#11861,.F.);
#11904 = ADVANCED_FACE('',(#11905),#3675,.T.);
#11905 = FACE_BOUND('',#11906,.T.);
#11906 = EDGE_LOOP('',(#11907,#11908,#11926,#11927));
#11907 = ORIENTED_EDGE('',*,*,#6923,.T.);
#11908 = ORIENTED_EDGE('',*,*,#11909,.T.);
#11909 = EDGE_CURVE('',#6924,#3660,#11910,.T.);
#11910 = SURFACE_CURVE('',#11911,(#11914,#11920),.PCURVE_S1.);
#11911 = B_SPLINE_CURVE_WITH_KNOTS('',1,(#11912,#11913),.UNSPECIFIED.,
  .F.,.F.,(2,2),(0.,1.),.PIECEWISE_BEZIER_KNOTS.);
#11912 = CARTESIAN_POINT('',(209.07484590091,0.,2.234562448339));
#11913 = CARTESIAN_POINT('',(147.31990754054,-700.,38.026182967132));
#11914 = PCURVE('',#3675,#11915);
#11915 = DEFINITIONAL_REPRESENTATION('',(#11916),#11919);
#11916 = B_SPLINE_CURVE_WITH_KNOTS('',1,(#11917,#11918),.UNSPECIFIED.,
  .F.,.F.,(2,2),(0.,1.),.PIECEWISE_BEZIER_KNOTS.);
#11917 = CARTESIAN_POINT('',(2.290373973889E-03,0.));
#11918 = CARTESIAN_POINT('',(2.290373973889E-03,1.));
#11919 = ( GEOMETRIC_REPRESENTATION_CONTEXT(2) 
PARAMETRIC_REPRESENTATION_CONTEXT() REPRESENTATION_CONTEXT('2D SPACE',''
  ) );
#11920 = PCURVE('',#3702,#11921);
#11921 = DEFINITIONAL_REPRESENTATION('',(#11922),#11925);
#11922 = B_SPLINE_CURVE_WITH_KNOTS('',1,(#11923,#11924),.UNSPECIFIED.,
  .F.,.F.,(2,2),(0.,1.),.PIECEWISE_BEZIER_KNOTS.);
#11923 = CARTESIAN_POINT('',(0.,0.));
#11924 = CARTESIAN_POINT('',(0.,1.));
#11925 = ( GEOMETRIC_REPRESENTATION_CONTEXT(2) 
PARAMETRIC_REPRESENTATION_CONTEXT() REPRESENTATION_CONTEXT('2D SPACE',''
  ) );
#11926 = ORIENTED_EDGE('',*,*,#3659,.F.);
#11927 = ORIENTED_EDGE('',*,*,#11885,.F.);
#11928 = ADVANCED_FACE('',(#11929),#3702,.T.);
#11929 = FACE_BOUND('',#11930,.T.);
#11930 = EDGE_LOOP('',(#11931,#11932,#11950,#11951));
#11931 = ORIENTED_EDGE('',*,*,#6967,.T.);
#11932 = ORIENTED_EDGE('',*,*,#11933,.T.);
#11933 = EDGE_CURVE('',#6968,#3687,#11934,.T.);
#11934 = SURFACE_CURVE('',#11935,(#11938,#11944),.PCURVE_S1.);
#11935 = B_SPLINE_CURVE_WITH_KNOTS('',1,(#11936,#11937),.UNSPECIFIED.,
  .F.,.F.,(2,2),(0.,1.),.PIECEWISE_BEZIER_KNOTS.);
#11936 = CARTESIAN_POINT('',(206.54649454309,0.,2.725634470078));
#11937 = CARTESIAN_POINT('',(145.80289672585,-700.,38.320826180176));
#11938 = PCURVE('',#3702,#11939);
#11939 = DEFINITIONAL_REPRESENTATION('',(#11940),#11943);
#11940 = B_SPLINE_CURVE_WITH_KNOTS('',1,(#11941,#11942),.UNSPECIFIED.,
  .F.,.F.,(2,2),(0.,1.),.PIECEWISE_BEZIER_KNOTS.);
#11941 = CARTESIAN_POINT('',(2.575599409674E-03,0.));
#11942 = CARTESIAN_POINT('',(2.575599409674E-03,1.));
#11943 = ( GEOMETRIC_REPRESENTATION_CONTEXT(2) 
PARAMETRIC_REPRESENTATION_CONTEXT() REPRESENTATION_CONTEXT('2D SPACE',''
  ) );
#11944 = PCURVE('',#3729,#11945);
#11945 = DEFINITIONAL_REPRESENTATION('',(#11946),#11949);
#11946 = B_SPLINE_CURVE_WITH_KNOTS('',1,(#11947,#11948),.UNSPECIFIED.,
  .F.,.F.,(2,2),(0.,1.),.PIECEWISE_BEZIER_KNOTS.);
#11947 = CARTESIAN_POINT('',(0.,0.));
#11948 = CARTESIAN_POINT('',(0.,1.));
#11949 = ( GEOMETRIC_REPRESENTATION_CONTEXT(2) 
PARAMETRIC_REPRESENTATION_CONTEXT() REPRESENTATION_CONTEXT('2D SPACE',''
  ) );
#11950 = ORIENTED_EDGE('',*,*,#3686,.F.);
#11951 = ORIENTED_EDGE('',*,*,#11909,.F.);
#11952 = ADVANCED_FACE('',(#11953),#3729,.T.);
#11953 = FACE_BOUND('',#11954,.T.);
#11954 = EDGE_LOOP('',(#11955,#11956,#11974,#11975));
#11955 = ORIENTED_EDGE('',*,*,#7011,.T.);
#11956 = ORIENTED_EDGE('',*,*,#11957,.T.);
#11957 = EDGE_CURVE('',#7012,#3714,#11958,.T.);
#11958 = SURFACE_CURVE('',#11959,(#11962,#11968),.PCURVE_S1.);
#11959 = B_SPLINE_CURVE_WITH_KNOTS('',1,(#11960,#11961),.UNSPECIFIED.,
  .F.,.F.,(2,2),(0.,1.),.PIECEWISE_BEZIER_KNOTS.);
#11960 = CARTESIAN_POINT('',(203.74367098749,0.,3.260598855507));
#11961 = CARTESIAN_POINT('',(144.12120259249,-700.,38.641804811433));
#11962 = PCURVE('',#3729,#11963);
#11963 = DEFINITIONAL_REPRESENTATION('',(#11964),#11967);
#11964 = B_SPLINE_CURVE_WITH_KNOTS('',1,(#11965,#11966),.UNSPECIFIED.,
  .F.,.F.,(2,2),(0.,1.),.PIECEWISE_BEZIER_KNOTS.);
#11965 = CARTESIAN_POINT('',(2.853420189443E-03,0.));
#11966 = CARTESIAN_POINT('',(2.853420189443E-03,1.));
#11967 = ( GEOMETRIC_REPRESENTATION_CONTEXT(2) 
PARAMETRIC_REPRESENTATION_CONTEXT() REPRESENTATION_CONTEXT('2D SPACE',''
  ) );
#11968 = PCURVE('',#3756,#11969);
#11969 = DEFINITIONAL_REPRESENTATION('',(#11970),#11973);
#11970 = B_SPLINE_CURVE_WITH_KNOTS('',1,(#11971,#11972),.UNSPECIFIED.,
  .F.,.F.,(2,2),(0.,1.),.PIECEWISE_BEZIER_KNOTS.);
#11971 = CARTESIAN_POINT('',(0.,0.));
#11972 = CARTESIAN_POINT('',(0.,1.));
#11973 = ( GEOMETRIC_REPRESENTATION_CONTEXT(2) 
PARAMETRIC_REPRESENTATION_CONTEXT() REPRESENTATION_CONTEXT('2D SPACE',''
  ) );
#11974 = ORIENTED_EDGE('',*,*,#3713,.F.);
#11975 = ORIENTED_EDGE('',*,*,#11933,.F.);
#11976 = ADVANCED_FACE('',(#11977),#3756,.T.);
#11977 = FACE_BOUND('',#11978,.T.);
#11978 = EDGE_LOOP('',(#11979,#11980,#11998,#11999));
#11979 = ORIENTED_EDGE('',*,*,#7055,.T.);
#11980 = ORIENTED_EDGE('',*,*,#11981,.T.);
#11981 = EDGE_CURVE('',#7056,#3741,#11982,.T.);
#11982 = SURFACE_CURVE('',#11983,(#11986,#11992),.PCURVE_S1.);
#11983 = B_SPLINE_CURVE_WITH_KNOTS('',1,(#11984,#11985),.UNSPECIFIED.,
  .F.,.F.,(2,2),(0.,1.),.PIECEWISE_BEZIER_KNOTS.);
#11984 = CARTESIAN_POINT('',(200.67395383002,0.,3.835305305369));
#11985 = CARTESIAN_POINT('',(142.27937229801,-700.,38.98662868135));
#11986 = PCURVE('',#3756,#11987);
#11987 = DEFINITIONAL_REPRESENTATION('',(#11988),#11991);
#11988 = B_SPLINE_CURVE_WITH_KNOTS('',1,(#11989,#11990),.UNSPECIFIED.,
  .F.,.F.,(2,2),(0.,1.),.PIECEWISE_BEZIER_KNOTS.);
#11989 = CARTESIAN_POINT('',(3.123051541425E-03,0.));
#11990 = CARTESIAN_POINT('',(3.123051541425E-03,1.));
#11991 = ( GEOMETRIC_REPRESENTATION_CONTEXT(2) 
PARAMETRIC_REPRESENTATION_CONTEXT() REPRESENTATION_CONTEXT('2D SPACE',''
  ) );
#11992 = PCURVE('',#3783,#11993);
#11993 = DEFINITIONAL_REPRESENTATION('',(#11994),#11997);
#11994 = B_SPLINE_CURVE_WITH_KNOTS('',1,(#11995,#11996),.UNSPECIFIED.,
  .F.,.F.,(2,2),(0.,1.),.PIECEWISE_BEZIER_KNOTS.);
#11995 = CARTESIAN_POINT('',(0.,0.));
#11996 = CARTESIAN_POINT('',(0.,1.));
#11997 = ( GEOMETRIC_REPRESENTATION_CONTEXT(2) 
PARAMETRIC_REPRESENTATION_CONTEXT() REPRESENTATION_CONTEXT('2D SPACE',''
  ) );
#11998 = ORIENTED_EDGE('',*,*,#3740,.F.);
#11999 = ORIENTED_EDGE('',*,*,#11957,.F.);
#12000 = ADVANCED_FACE('',(#12001),#3783,.T.);
#12001 = FACE_BOUND('',#12002,.T.);
#12002 = EDGE_LOOP('',(#12003,#12004,#12022,#12023));
#12003 = ORIENTED_EDGE('',*,*,#7099,.T.);
#12004 = ORIENTED_EDGE('',*,*,#12005,.T.);
#12005 = EDGE_CURVE('',#7100,#3768,#12006,.T.);
#12006 = SURFACE_CURVE('',#12007,(#12010,#12016),.PCURVE_S1.);
#12007 = B_SPLINE_CURVE_WITH_KNOTS('',1,(#12008,#12009),.UNSPECIFIED.,
  .F.,.F.,(2,2),(0.,1.),.PIECEWISE_BEZIER_KNOTS.);
#12008 = CARTESIAN_POINT('',(197.34567162374,0.,4.445384220112));
#12009 = CARTESIAN_POINT('',(140.28240297424,-700.,39.352676030196));
#12010 = PCURVE('',#3783,#12011);
#12011 = DEFINITIONAL_REPRESENTATION('',(#12012),#12015);
#12012 = B_SPLINE_CURVE_WITH_KNOTS('',1,(#12013,#12014),.UNSPECIFIED.,
  .F.,.F.,(2,2),(0.,1.),.PIECEWISE_BEZIER_KNOTS.);
#12013 = CARTESIAN_POINT('',(3.383734435029E-03,0.));
#12014 = CARTESIAN_POINT('',(3.383734435029E-03,1.));
#12015 = ( GEOMETRIC_REPRESENTATION_CONTEXT(2) 
PARAMETRIC_REPRESENTATION_CONTEXT() REPRESENTATION_CONTEXT('2D SPACE',''
  ) );
#12016 = PCURVE('',#3810,#12017);
#12017 = DEFINITIONAL_REPRESENTATION('',(#12018),#12021);
#12018 = B_SPLINE_CURVE_WITH_KNOTS('',1,(#12019,#12020),.UNSPECIFIED.,
  .F.,.F.,(2,2),(0.,1.),.PIECEWISE_BEZIER_KNOTS.);
#12019 = CARTESIAN_POINT('',(0.,0.));
#12020 = CARTESIAN_POINT('',(0.,1.));
#12021 = ( GEOMETRIC_REPRESENTATION_CONTEXT(2) 
PARAMETRIC_REPRESENTATION_CONTEXT() REPRESENTATION_CONTEXT('2D SPACE',''
  ) );
#12022 = ORIENTED_EDGE('',*,*,#3767,.F.);
#12023 = ORIENTED_EDGE('',*,*,#11981,.F.);
#12024 = ADVANCED_FACE('',(#12025),#3810,.T.);
#12025 = FACE_BOUND('',#12026,.T.);
#12026 = EDGE_LOOP('',(#12027,#12028,#12046,#12047));
#12027 = ORIENTED_EDGE('',*,*,#7143,.T.);
#12028 = ORIENTED_EDGE('',*,*,#12029,.T.);
#12029 = EDGE_CURVE('',#7144,#3795,#12030,.T.);
#12030 = SURFACE_CURVE('',#12031,(#12034,#12040),.PCURVE_S1.);
#12031 = B_SPLINE_CURVE_WITH_KNOTS('',1,(#12032,#12033),.UNSPECIFIED.,
  .F.,.F.,(2,2),(0.,1.),.PIECEWISE_BEZIER_KNOTS.);
#12032 = CARTESIAN_POINT('',(193.7678857765,0.,5.086291388876));
#12033 = CARTESIAN_POINT('',(138.1357314659,-700.,39.737220331454));
#12034 = PCURVE('',#3810,#12035);
#12035 = DEFINITIONAL_REPRESENTATION('',(#12036),#12039);
#12036 = B_SPLINE_CURVE_WITH_KNOTS('',1,(#12037,#12038),.UNSPECIFIED.,
  .F.,.F.,(2,2),(0.,1.),.PIECEWISE_BEZIER_KNOTS.);
#12037 = CARTESIAN_POINT('',(3.634737069954E-03,0.));
#12038 = CARTESIAN_POINT('',(3.634737069954E-03,1.));
#12039 = ( GEOMETRIC_REPRESENTATION_CONTEXT(2) 
PARAMETRIC_REPRESENTATION_CONTEXT() REPRESENTATION_CONTEXT('2D SPACE',''
  ) );
#12040 = PCURVE('',#3837,#12041);
#12041 = DEFINITIONAL_REPRESENTATION('',(#12042),#12045);
#12042 = B_SPLINE_CURVE_WITH_KNOTS('',1,(#12043,#12044),.UNSPECIFIED.,
  .F.,.F.,(2,2),(0.,1.),.PIECEWISE_BEZIER_KNOTS.);
#12043 = CARTESIAN_POINT('',(0.,0.));
#12044 = CARTESIAN_POINT('',(0.,1.));
#12045 = ( GEOMETRIC_REPRESENTATION_CONTEXT(2) 
PARAMETRIC_REPRESENTATION_CONTEXT() REPRESENTATION_CONTEXT('2D SPACE',''
  ) );
#12046 = ORIENTED_EDGE('',*,*,#3794,.F.);
#12047 = ORIENTED_EDGE('',*,*,#12005,.F.);
#12048 = ADVANCED_FACE('',(#12049),#3837,.T.);
#12049 = FACE_BOUND('',#12050,.T.);
#12050 = EDGE_LOOP('',(#12051,#12052,#12070,#12071));
#12051 = ORIENTED_EDGE('',*,*,#7187,.T.);
#12052 = ORIENTED_EDGE('',*,*,#12053,.T.);
#12053 = EDGE_CURVE('',#7188,#3822,#12054,.T.);
#12054 = SURFACE_CURVE('',#12055,(#12058,#12064),.PCURVE_S1.);
#12055 = B_SPLINE_CURVE_WITH_KNOTS('',1,(#12056,#12057),.UNSPECIFIED.,
  .F.,.F.,(2,2),(0.,1.),.PIECEWISE_BEZIER_KNOTS.);
#12056 = CARTESIAN_POINT('',(189.95037093755,0.,5.753349262923));
#12057 = CARTESIAN_POINT('',(135.84522256253,-700.,40.137455055883));
#12058 = PCURVE('',#3837,#12059);
#12059 = DEFINITIONAL_REPRESENTATION('',(#12060),#12063);
#12060 = B_SPLINE_CURVE_WITH_KNOTS('',1,(#12061,#12062),.UNSPECIFIED.,
  .F.,.F.,(2,2),(0.,1.),.PIECEWISE_BEZIER_KNOTS.);
#12061 = CARTESIAN_POINT('',(3.875356209811E-03,0.));
#12062 = CARTESIAN_POINT('',(3.875356209811E-03,1.));
#12063 = ( GEOMETRIC_REPRESENTATION_CONTEXT(2) 
PARAMETRIC_REPRESENTATION_CONTEXT() REPRESENTATION_CONTEXT('2D SPACE',''
  ) );
#12064 = PCURVE('',#3864,#12065);
#12065 = DEFINITIONAL_REPRESENTATION('',(#12066),#12069);
#12066 = B_SPLINE_CURVE_WITH_KNOTS('',1,(#12067,#12068),.UNSPECIFIED.,
  .F.,.F.,(2,2),(0.,1.),.PIECEWISE_BEZIER_KNOTS.);
#12067 = CARTESIAN_POINT('',(0.,0.));
#12068 = CARTESIAN_POINT('',(0.,1.));
#12069 = ( GEOMETRIC_REPRESENTATION_CONTEXT(2) 
PARAMETRIC_REPRESENTATION_CONTEXT() REPRESENTATION_CONTEXT('2D SPACE',''
  ) );
#12070 = ORIENTED_EDGE('',*,*,#3821,.F.);
#12071 = ORIENTED_EDGE('',*,*,#12029,.F.);
#12072 = ADVANCED_FACE('',(#12073),#3864,.T.);
#12073 = FACE_BOUND('',#12074,.T.);
#12074 = EDGE_LOOP('',(#12075,#12076,#12094,#12095));
#12075 = ORIENTED_EDGE('',*,*,#7231,.T.);
#12076 = ORIENTED_EDGE('',*,*,#12077,.T.);
#12077 = EDGE_CURVE('',#7232,#3849,#12078,.T.);
#12078 = SURFACE_CURVE('',#12079,(#12082,#12088),.PCURVE_S1.);
#12079 = B_SPLINE_CURVE_WITH_KNOTS('',1,(#12080,#12081),.UNSPECIFIED.,
  .F.,.F.,(2,2),(0.,1.),.PIECEWISE_BEZIER_KNOTS.);
#12080 = CARTESIAN_POINT('',(185.90359284952,0.,6.441783888441));
#12081 = CARTESIAN_POINT('',(133.41715570971,-700.,40.550515831194));
#12082 = PCURVE('',#3864,#12083);
#12083 = DEFINITIONAL_REPRESENTATION('',(#12084),#12087);
#12084 = B_SPLINE_CURVE_WITH_KNOTS('',1,(#12085,#12086),.UNSPECIFIED.,
  .F.,.F.,(2,2),(0.,1.),.PIECEWISE_BEZIER_KNOTS.);
#12085 = CARTESIAN_POINT('',(4.104918406914E-03,0.));
#12086 = CARTESIAN_POINT('',(4.104918406914E-03,1.));
#12087 = ( GEOMETRIC_REPRESENTATION_CONTEXT(2) 
PARAMETRIC_REPRESENTATION_CONTEXT() REPRESENTATION_CONTEXT('2D SPACE',''
  ) );
#12088 = PCURVE('',#3891,#12089);
#12089 = DEFINITIONAL_REPRESENTATION('',(#12090),#12093);
#12090 = B_SPLINE_CURVE_WITH_KNOTS('',1,(#12091,#12092),.UNSPECIFIED.,
  .F.,.F.,(2,2),(0.,1.),.PIECEWISE_BEZIER_KNOTS.);
#12091 = CARTESIAN_POINT('',(0.,0.));
#12092 = CARTESIAN_POINT('',(0.,1.));
#12093 = ( GEOMETRIC_REPRESENTATION_CONTEXT(2) 
PARAMETRIC_REPRESENTATION_CONTEXT() REPRESENTATION_CONTEXT('2D SPACE',''
  ) );
#12094 = ORIENTED_EDGE('',*,*,#3848,.F.);
#12095 = ORIENTED_EDGE('',*,*,#12053,.F.);
#12096 = ADVANCED_FACE('',(#12097),#3891,.T.);
#12097 = FACE_BOUND('',#12098,.T.);
#12098 = EDGE_LOOP('',(#12099,#12100,#12118,#12119));
#12099 = ORIENTED_EDGE('',*,*,#7275,.T.);
#12100 = ORIENTED_EDGE('',*,*,#12101,.T.);
#12101 = EDGE_CURVE('',#7276,#3876,#12102,.T.);
#12102 = SURFACE_CURVE('',#12103,(#12106,#12112),.PCURVE_S1.);
#12103 = B_SPLINE_CURVE_WITH_KNOTS('',1,(#12104,#12105),.UNSPECIFIED.,
  .F.,.F.,(2,2),(0.,1.),.PIECEWISE_BEZIER_KNOTS.);
#12104 = CARTESIAN_POINT('',(181.63868369444,0.,7.146756867541));
#12105 = CARTESIAN_POINT('',(130.85821021666,-700.,40.973499618653));
#12106 = PCURVE('',#3891,#12107);
#12107 = DEFINITIONAL_REPRESENTATION('',(#12108),#12111);
#12108 = B_SPLINE_CURVE_WITH_KNOTS('',1,(#12109,#12110),.UNSPECIFIED.,
  .F.,.F.,(2,2),(0.,1.),.PIECEWISE_BEZIER_KNOTS.);
#12109 = CARTESIAN_POINT('',(4.322781165217E-03,0.));
#12110 = CARTESIAN_POINT('',(4.322781165217E-03,1.));
#12111 = ( GEOMETRIC_REPRESENTATION_CONTEXT(2) 
PARAMETRIC_REPRESENTATION_CONTEXT() REPRESENTATION_CONTEXT('2D SPACE',''
  ) );
#12112 = PCURVE('',#3918,#12113);
#12113 = DEFINITIONAL_REPRESENTATION('',(#12114),#12117);
#12114 = B_SPLINE_CURVE_WITH_KNOTS('',1,(#12115,#12116),.UNSPECIFIED.,
  .F.,.F.,(2,2),(0.,1.),.PIECEWISE_BEZIER_KNOTS.);
#12115 = CARTESIAN_POINT('',(0.,0.));
#12116 = CARTESIAN_POINT('',(0.,1.));
#12117 = ( GEOMETRIC_REPRESENTATION_CONTEXT(2) 
PARAMETRIC_REPRESENTATION_CONTEXT() REPRESENTATION_CONTEXT('2D SPACE',''
  ) );
#12118 = ORIENTED_EDGE('',*,*,#3875,.F.);
#12119 = ORIENTED_EDGE('',*,*,#12077,.F.);
#12120 = ADVANCED_FACE('',(#12121),#3918,.T.);
#12121 = FACE_BOUND('',#12122,.T.);
#12122 = EDGE_LOOP('',(#12123,#12124,#12142,#12143));
#12123 = ORIENTED_EDGE('',*,*,#7319,.T.);
#12124 = ORIENTED_EDGE('',*,*,#12125,.T.);
#12125 = EDGE_CURVE('',#7320,#3903,#12126,.T.);
#12126 = SURFACE_CURVE('',#12127,(#12130,#12136),.PCURVE_S1.);
#12127 = B_SPLINE_CURVE_WITH_KNOTS('',1,(#12128,#12129),.UNSPECIFIED.,
  .F.,.F.,(2,2),(0.,1.),.PIECEWISE_BEZIER_KNOTS.);
#12128 = CARTESIAN_POINT('',(177.16741501222,0.,7.863392038203));
#12129 = CARTESIAN_POINT('',(128.17544900733,-700.,41.40348072105));
#12130 = PCURVE('',#3918,#12131);
#12131 = DEFINITIONAL_REPRESENTATION('',(#12132),#12135);
#12132 = B_SPLINE_CURVE_WITH_KNOTS('',1,(#12133,#12134),.UNSPECIFIED.,
  .F.,.F.,(2,2),(0.,1.),.PIECEWISE_BEZIER_KNOTS.);
#12133 = CARTESIAN_POINT('',(4.528334086215E-03,0.));
#12134 = CARTESIAN_POINT('',(4.528334086215E-03,1.));
#12135 = ( GEOMETRIC_REPRESENTATION_CONTEXT(2) 
PARAMETRIC_REPRESENTATION_CONTEXT() REPRESENTATION_CONTEXT('2D SPACE',''
  ) );
#12136 = PCURVE('',#3945,#12137);
#12137 = DEFINITIONAL_REPRESENTATION('',(#12138),#12141);
#12138 = B_SPLINE_CURVE_WITH_KNOTS('',1,(#12139,#12140),.UNSPECIFIED.,
  .F.,.F.,(2,2),(0.,1.),.PIECEWISE_BEZIER_KNOTS.);
#12139 = CARTESIAN_POINT('',(0.,0.));
#12140 = CARTESIAN_POINT('',(0.,1.));
#12141 = ( GEOMETRIC_REPRESENTATION_CONTEXT(2) 
PARAMETRIC_REPRESENTATION_CONTEXT() REPRESENTATION_CONTEXT('2D SPACE',''
  ) );
#12142 = ORIENTED_EDGE('',*,*,#3902,.F.);
#12143 = ORIENTED_EDGE('',*,*,#12101,.F.);
#12144 = ADVANCED_FACE('',(#12145),#3945,.T.);
#12145 = FACE_BOUND('',#12146,.T.);
#12146 = EDGE_LOOP('',(#12147,#12148,#12166,#12167));
#12147 = ORIENTED_EDGE('',*,*,#7363,.T.);
#12148 = ORIENTED_EDGE('',*,*,#12149,.T.);
#12149 = EDGE_CURVE('',#7364,#3930,#12150,.T.);
#12150 = SURFACE_CURVE('',#12151,(#12154,#12160),.PCURVE_S1.);
#12151 = B_SPLINE_CURVE_WITH_KNOTS('',1,(#12152,#12153),.UNSPECIFIED.,
  .F.,.F.,(2,2),(0.,1.),.PIECEWISE_BEZIER_KNOTS.);
#12152 = CARTESIAN_POINT('',(172.50216831223,0.,8.586796897602));
#12153 = CARTESIAN_POINT('',(125.37630098733,-700.,41.83752363669));
#12154 = PCURVE('',#3945,#12155);
#12155 = DEFINITIONAL_REPRESENTATION('',(#12156),#12159);
#12156 = B_SPLINE_CURVE_WITH_KNOTS('',1,(#12157,#12158),.UNSPECIFIED.,
  .F.,.F.,(2,2),(0.,1.),.PIECEWISE_BEZIER_KNOTS.);
#12157 = CARTESIAN_POINT('',(4.721000038387E-03,0.));
#12158 = CARTESIAN_POINT('',(4.721000038387E-03,1.));
#12159 = ( GEOMETRIC_REPRESENTATION_CONTEXT(2) 
PARAMETRIC_REPRESENTATION_CONTEXT() REPRESENTATION_CONTEXT('2D SPACE',''
  ) );
#12160 = PCURVE('',#3972,#12161);
#12161 = DEFINITIONAL_REPRESENTATION('',(#12162),#12165);
#12162 = B_SPLINE_CURVE_WITH_KNOTS('',1,(#12163,#12164),.UNSPECIFIED.,
  .F.,.F.,(2,2),(0.,1.),.PIECEWISE_BEZIER_KNOTS.);
#12163 = CARTESIAN_POINT('',(0.,0.));
#12164 = CARTESIAN_POINT('',(0.,1.));
#12165 = ( GEOMETRIC_REPRESENTATION_CONTEXT(2) 
PARAMETRIC_REPRESENTATION_CONTEXT() REPRESENTATION_CONTEXT('2D SPACE',''
  ) );
#12166 = ORIENTED_EDGE('',*,*,#3929,.F.);
#12167 = ORIENTED_EDGE('',*,*,#12125,.F.);
#12168 = ADVANCED_FACE('',(#12169),#3972,.T.);
#12169 = FACE_BOUND('',#12170,.T.);
#12170 = EDGE_LOOP('',(#12171,#12172,#12190,#12191));
#12171 = ORIENTED_EDGE('',*,*,#7407,.T.);
#12172 = ORIENTED_EDGE('',*,*,#12173,.T.);
#12173 = EDGE_CURVE('',#7408,#3957,#12174,.T.);
#12174 = SURFACE_CURVE('',#12175,(#12178,#12184),.PCURVE_S1.);
#12175 = B_SPLINE_CURVE_WITH_KNOTS('',1,(#12176,#12177),.UNSPECIFIED.,
  .F.,.F.,(2,2),(0.,1.),.PIECEWISE_BEZIER_KNOTS.);
#12176 = CARTESIAN_POINT('',(167.65590353123,0.,9.312079121687));
#12177 = CARTESIAN_POINT('',(122.46854211873,-700.,42.272692971141));
#12178 = PCURVE('',#3972,#12179);
#12179 = DEFINITIONAL_REPRESENTATION('',(#12180),#12183);
#12180 = B_SPLINE_CURVE_WITH_KNOTS('',1,(#12181,#12182),.UNSPECIFIED.,
  .F.,.F.,(2,2),(0.,1.),.PIECEWISE_BEZIER_KNOTS.);
#12181 = CARTESIAN_POINT('',(4.900236385331E-03,0.));
#12182 = CARTESIAN_POINT('',(4.900236385331E-03,1.));
#12183 = ( GEOMETRIC_REPRESENTATION_CONTEXT(2) 
PARAMETRIC_REPRESENTATION_CONTEXT() REPRESENTATION_CONTEXT('2D SPACE',''
  ) );
#12184 = PCURVE('',#3999,#12185);
#12185 = DEFINITIONAL_REPRESENTATION('',(#12186),#12189);
#12186 = B_SPLINE_CURVE_WITH_KNOTS('',1,(#12187,#12188),.UNSPECIFIED.,
  .F.,.F.,(2,2),(0.,1.),.PIECEWISE_BEZIER_KNOTS.);
#12187 = CARTESIAN_POINT('',(0.,0.));
#12188 = CARTESIAN_POINT('',(0.,1.));
#12189 = ( GEOMETRIC_REPRESENTATION_CONTEXT(2) 
PARAMETRIC_REPRESENTATION_CONTEXT() REPRESENTATION_CONTEXT('2D SPACE',''
  ) );
#12190 = ORIENTED_EDGE('',*,*,#3956,.F.);
#12191 = ORIENTED_EDGE('',*,*,#12149,.F.);
#12192 = ADVANCED_FACE('',(#12193),#3999,.T.);
#12193 = FACE_BOUND('',#12194,.T.);
#12194 = EDGE_LOOP('',(#12195,#12196,#12214,#12215));
#12195 = ORIENTED_EDGE('',*,*,#7451,.T.);
#12196 = ORIENTED_EDGE('',*,*,#12197,.T.);
#12197 = EDGE_CURVE('',#7452,#3984,#12198,.T.);
#12198 = SURFACE_CURVE('',#12199,(#12202,#12208),.PCURVE_S1.);
#12199 = B_SPLINE_CURVE_WITH_KNOTS('',1,(#12200,#12201),.UNSPECIFIED.,
  .F.,.F.,(2,2),(0.,1.),.PIECEWISE_BEZIER_KNOTS.);
#12200 = CARTESIAN_POINT('',(162.64212551181,0.,10.034358840182));
#12201 = CARTESIAN_POINT('',(119.46027530708,-700.,42.706060802238));
#12202 = PCURVE('',#3999,#12203);
#12203 = DEFINITIONAL_REPRESENTATION('',(#12204),#12207);
#12204 = B_SPLINE_CURVE_WITH_KNOTS('',1,(#12205,#12206),.UNSPECIFIED.,
  .F.,.F.,(2,2),(0.,1.),.PIECEWISE_BEZIER_KNOTS.);
#12205 = CARTESIAN_POINT('',(5.065536301298E-03,0.));
#12206 = CARTESIAN_POINT('',(5.065536301298E-03,1.));
#12207 = ( GEOMETRIC_REPRESENTATION_CONTEXT(2) 
PARAMETRIC_REPRESENTATION_CONTEXT() REPRESENTATION_CONTEXT('2D SPACE',''
  ) );
#12208 = PCURVE('',#4026,#12209);
#12209 = DEFINITIONAL_REPRESENTATION('',(#12210),#12213);
#12210 = B_SPLINE_CURVE_WITH_KNOTS('',1,(#12211,#12212),.UNSPECIFIED.,
  .F.,.F.,(2,2),(0.,1.),.PIECEWISE_BEZIER_KNOTS.);
#12211 = CARTESIAN_POINT('',(0.,0.));
#12212 = CARTESIAN_POINT('',(0.,1.));
#12213 = ( GEOMETRIC_REPRESENTATION_CONTEXT(2) 
PARAMETRIC_REPRESENTATION_CONTEXT() REPRESENTATION_CONTEXT('2D SPACE',''
  ) );
#12214 = ORIENTED_EDGE('',*,*,#3983,.F.);
#12215 = ORIENTED_EDGE('',*,*,#12173,.F.);
#12216 = ADVANCED_FACE('',(#12217),#4026,.T.);
#12217 = FACE_BOUND('',#12218,.T.);
#12218 = EDGE_LOOP('',(#12219,#12220,#12238,#12239));
#12219 = ORIENTED_EDGE('',*,*,#7495,.T.);
#12220 = ORIENTED_EDGE('',*,*,#12221,.T.);
#12221 = EDGE_CURVE('',#7496,#4011,#12222,.T.);
#12222 = SURFACE_CURVE('',#12223,(#12226,#12232),.PCURVE_S1.);
#12223 = B_SPLINE_CURVE_WITH_KNOTS('',1,(#12224,#12225),.UNSPECIFIED.,
  .F.,.F.,(2,2),(0.,1.),.PIECEWISE_BEZIER_KNOTS.);
#12224 = CARTESIAN_POINT('',(157.47484868237,0.,10.748777594145));
#12225 = CARTESIAN_POINT('',(116.35990920942,-700.,43.134712054616));
#12226 = PCURVE('',#4026,#12227);
#12227 = DEFINITIONAL_REPRESENTATION('',(#12228),#12231);
#12228 = B_SPLINE_CURVE_WITH_KNOTS('',1,(#12229,#12230),.UNSPECIFIED.,
  .F.,.F.,(2,2),(0.,1.),.PIECEWISE_BEZIER_KNOTS.);
#12229 = CARTESIAN_POINT('',(5.216430195842E-03,0.));
#12230 = CARTESIAN_POINT('',(5.216430195842E-03,1.));
#12231 = ( GEOMETRIC_REPRESENTATION_CONTEXT(2) 
PARAMETRIC_REPRESENTATION_CONTEXT() REPRESENTATION_CONTEXT('2D SPACE',''
  ) );
#12232 = PCURVE('',#4053,#12233);
#12233 = DEFINITIONAL_REPRESENTATION('',(#12234),#12237);
#12234 = B_SPLINE_CURVE_WITH_KNOTS('',1,(#12235,#12236),.UNSPECIFIED.,
  .F.,.F.,(2,2),(0.,1.),.PIECEWISE_BEZIER_KNOTS.);
#12235 = CARTESIAN_POINT('',(0.,0.));
#12236 = CARTESIAN_POINT('',(0.,1.));
#12237 = ( GEOMETRIC_REPRESENTATION_CONTEXT(2) 
PARAMETRIC_REPRESENTATION_CONTEXT() REPRESENTATION_CONTEXT('2D SPACE',''
  ) );
#12238 = ORIENTED_EDGE('',*,*,#4010,.F.);
#12239 = ORIENTED_EDGE('',*,*,#12197,.F.);
#12240 = ADVANCED_FACE('',(#12241),#4053,.T.);
#12241 = FACE_BOUND('',#12242,.T.);
#12242 = EDGE_LOOP('',(#12243,#12244,#12262,#12263));
#12243 = ORIENTED_EDGE('',*,*,#7539,.T.);
#12244 = ORIENTED_EDGE('',*,*,#12245,.T.);
#12245 = EDGE_CURVE('',#7540,#4038,#12246,.T.);
#12246 = SURFACE_CURVE('',#12247,(#12250,#12256),.PCURVE_S1.);
#12247 = B_SPLINE_CURVE_WITH_KNOTS('',1,(#12248,#12249),.UNSPECIFIED.,
  .F.,.F.,(2,2),(0.,1.),.PIECEWISE_BEZIER_KNOTS.);
#12248 = CARTESIAN_POINT('',(152.16856011428,0.,11.45050511854));
#12249 = CARTESIAN_POINT('',(113.17613606857,-700.,43.555748569253));
#12250 = PCURVE('',#4053,#12251);
#12251 = DEFINITIONAL_REPRESENTATION('',(#12252),#12255);
#12252 = B_SPLINE_CURVE_WITH_KNOTS('',1,(#12253,#12254),.UNSPECIFIED.,
  .F.,.F.,(2,2),(0.,1.),.PIECEWISE_BEZIER_KNOTS.);
#12253 = CARTESIAN_POINT('',(5.352487261661E-03,0.));
#12254 = CARTESIAN_POINT('',(5.352487261661E-03,1.));
#12255 = ( GEOMETRIC_REPRESENTATION_CONTEXT(2) 
PARAMETRIC_REPRESENTATION_CONTEXT() REPRESENTATION_CONTEXT('2D SPACE',''
  ) );
#12256 = PCURVE('',#4080,#12257);
#12257 = DEFINITIONAL_REPRESENTATION('',(#12258),#12261);
#12258 = B_SPLINE_CURVE_WITH_KNOTS('',1,(#12259,#12260),.UNSPECIFIED.,
  .F.,.F.,(2,2),(0.,1.),.PIECEWISE_BEZIER_KNOTS.);
#12259 = CARTESIAN_POINT('',(0.,0.));
#12260 = CARTESIAN_POINT('',(0.,1.));
#12261 = ( GEOMETRIC_REPRESENTATION_CONTEXT(2) 
PARAMETRIC_REPRESENTATION_CONTEXT() REPRESENTATION_CONTEXT('2D SPACE',''
  ) );
#12262 = ORIENTED_EDGE('',*,*,#4037,.F.);
#12263 = ORIENTED_EDGE('',*,*,#12221,.F.);
#12264 = ADVANCED_FACE('',(#12265),#4080,.T.);
#12265 = FACE_BOUND('',#12266,.T.);
#12266 = EDGE_LOOP('',(#12267,#12268,#12286,#12287));
#12267 = ORIENTED_EDGE('',*,*,#7583,.T.);
#12268 = ORIENTED_EDGE('',*,*,#12269,.T.);
#12269 = EDGE_CURVE('',#7584,#4065,#12270,.T.);
#12270 = SURFACE_CURVE('',#12271,(#12274,#12280),.PCURVE_S1.);
#12271 = B_SPLINE_CURVE_WITH_KNOTS('',1,(#12272,#12273),.UNSPECIFIED.,
  .F.,.F.,(2,2),(0.,1.),.PIECEWISE_BEZIER_KNOTS.);
#12272 = CARTESIAN_POINT('',(146.7381811136,0.,12.13474524272));
#12273 = CARTESIAN_POINT('',(109.91790866816,-700.,43.966292643761));
#12274 = PCURVE('',#4080,#12275);
#12275 = DEFINITIONAL_REPRESENTATION('',(#12276),#12279);
#12276 = B_SPLINE_CURVE_WITH_KNOTS('',1,(#12277,#12278),.UNSPECIFIED.,
  .F.,.F.,(2,2),(0.,1.),.PIECEWISE_BEZIER_KNOTS.);
#12277 = CARTESIAN_POINT('',(5.473317151295E-03,0.));
#12278 = CARTESIAN_POINT('',(5.473317151295E-03,1.));
#12279 = ( GEOMETRIC_REPRESENTATION_CONTEXT(2) 
PARAMETRIC_REPRESENTATION_CONTEXT() REPRESENTATION_CONTEXT('2D SPACE',''
  ) );
#12280 = PCURVE('',#4107,#12281);
#12281 = DEFINITIONAL_REPRESENTATION('',(#12282),#12285);
#12282 = B_SPLINE_CURVE_WITH_KNOTS('',1,(#12283,#12284),.UNSPECIFIED.,
  .F.,.F.,(2,2),(0.,1.),.PIECEWISE_BEZIER_KNOTS.);
#12283 = CARTESIAN_POINT('',(0.,0.));
#12284 = CARTESIAN_POINT('',(0.,1.));
#12285 = ( GEOMETRIC_REPRESENTATION_CONTEXT(2) 
PARAMETRIC_REPRESENTATION_CONTEXT() REPRESENTATION_CONTEXT('2D SPACE',''
  ) );
#12286 = ORIENTED_EDGE('',*,*,#4064,.F.);
#12287 = ORIENTED_EDGE('',*,*,#12245,.F.);
#12288 = ADVANCED_FACE('',(#12289),#4107,.T.);
#12289 = FACE_BOUND('',#12290,.T.);
#12290 = EDGE_LOOP('',(#12291,#12292,#12310,#12311));
#12291 = ORIENTED_EDGE('',*,*,#7627,.T.);
#12292 = ORIENTED_EDGE('',*,*,#12293,.T.);
#12293 = EDGE_CURVE('',#7628,#4092,#12294,.T.);
#12294 = SURFACE_CURVE('',#12295,(#12298,#12304),.PCURVE_S1.);
#12295 = B_SPLINE_CURVE_WITH_KNOTS('',1,(#12296,#12297),.UNSPECIFIED.,
  .F.,.F.,(2,2),(0.,1.),.PIECEWISE_BEZIER_KNOTS.);
#12296 = CARTESIAN_POINT('',(141.19902747635,0.,12.796742278435));
#12297 = CARTESIAN_POINT('',(106.59441648581,-700.,44.36349086519));
#12298 = PCURVE('',#4107,#12299);
#12299 = DEFINITIONAL_REPRESENTATION('',(#12300),#12303);
#12300 = B_SPLINE_CURVE_WITH_KNOTS('',1,(#12301,#12302),.UNSPECIFIED.,
  .F.,.F.,(2,2),(0.,1.),.PIECEWISE_BEZIER_KNOTS.);
#12301 = CARTESIAN_POINT('',(5.578571778892E-03,0.));
#12302 = CARTESIAN_POINT('',(5.578571778892E-03,1.));
#12303 = ( GEOMETRIC_REPRESENTATION_CONTEXT(2) 
PARAMETRIC_REPRESENTATION_CONTEXT() REPRESENTATION_CONTEXT('2D SPACE',''
  ) );
#12304 = PCURVE('',#4134,#12305);
#12305 = DEFINITIONAL_REPRESENTATION('',(#12306),#12309);
#12306 = B_SPLINE_CURVE_WITH_KNOTS('',1,(#12307,#12308),.UNSPECIFIED.,
  .F.,.F.,(2,2),(0.,1.),.PIECEWISE_BEZIER_KNOTS.);
#12307 = CARTESIAN_POINT('',(0.,0.));
#12308 = CARTESIAN_POINT('',(0.,1.));
#12309 = ( GEOMETRIC_REPRESENTATION_CONTEXT(2) 
PARAMETRIC_REPRESENTATION_CONTEXT() REPRESENTATION_CONTEXT('2D SPACE',''
  ) );
#12310 = ORIENTED_EDGE('',*,*,#4091,.F.);
#12311 = ORIENTED_EDGE('',*,*,#12269,.F.);
#12312 = ADVANCED_FACE('',(#12313),#4134,.T.);
#12313 = FACE_BOUND('',#12314,.T.);
#12314 = EDGE_LOOP('',(#12315,#12316,#12334,#12335));
#12315 = ORIENTED_EDGE('',*,*,#7671,.T.);
#12316 = ORIENTED_EDGE('',*,*,#12317,.T.);
#12317 = EDGE_CURVE('',#7672,#4119,#12318,.T.);
#12318 = SURFACE_CURVE('',#12319,(#12322,#12328),.PCURVE_S1.);
#12319 = B_SPLINE_CURVE_WITH_KNOTS('',1,(#12320,#12321),.UNSPECIFIED.,
  .F.,.F.,(2,2),(0.,1.),.PIECEWISE_BEZIER_KNOTS.);
#12320 = CARTESIAN_POINT('',(135.56676850155,0.,13.431789262279));
#12321 = CARTESIAN_POINT('',(103.21506110093,-700.,44.744519055496));
#12322 = PCURVE('',#4134,#12323);
#12323 = DEFINITIONAL_REPRESENTATION('',(#12324),#12327);
#12324 = B_SPLINE_CURVE_WITH_KNOTS('',1,(#12325,#12326),.UNSPECIFIED.,
  .F.,.F.,(2,2),(0.,1.),.PIECEWISE_BEZIER_KNOTS.);
#12325 = CARTESIAN_POINT('',(5.667947232548E-03,0.));
#12326 = CARTESIAN_POINT('',(5.667947232548E-03,1.));
#12327 = ( GEOMETRIC_REPRESENTATION_CONTEXT(2) 
PARAMETRIC_REPRESENTATION_CONTEXT() REPRESENTATION_CONTEXT('2D SPACE',''
  ) );
#12328 = PCURVE('',#4161,#12329);
#12329 = DEFINITIONAL_REPRESENTATION('',(#12330),#12333);
#12330 = B_SPLINE_CURVE_WITH_KNOTS('',1,(#12331,#12332),.UNSPECIFIED.,
  .F.,.F.,(2,2),(0.,1.),.PIECEWISE_BEZIER_KNOTS.);
#12331 = CARTESIAN_POINT('',(0.,0.));
#12332 = CARTESIAN_POINT('',(0.,1.));
#12333 = ( GEOMETRIC_REPRESENTATION_CONTEXT(2) 
PARAMETRIC_REPRESENTATION_CONTEXT() REPRESENTATION_CONTEXT('2D SPACE',''
  ) );
#12334 = ORIENTED_EDGE('',*,*,#4118,.F.);
#12335 = ORIENTED_EDGE('',*,*,#12293,.F.);
#12336 = ADVANCED_FACE('',(#12337),#4161,.T.);
#12337 = FACE_BOUND('',#12338,.T.);
#12338 = EDGE_LOOP('',(#12339,#12340,#12358,#12359));
#12339 = ORIENTED_EDGE('',*,*,#7715,.T.);
#12340 = ORIENTED_EDGE('',*,*,#12341,.T.);
#12341 = EDGE_CURVE('',#7716,#4146,#12342,.T.);
#12342 = SURFACE_CURVE('',#12343,(#12346,#12352),.PCURVE_S1.);
#12343 = B_SPLINE_CURVE_WITH_KNOTS('',1,(#12344,#12345),.UNSPECIFIED.,
  .F.,.F.,(2,2),(0.,1.),.PIECEWISE_BEZIER_KNOTS.);
#12344 = CARTESIAN_POINT('',(129.85738481661,0.,14.035239335723));
#12345 = CARTESIAN_POINT('',(99.789430889968,-700.,45.106589099563));
#12346 = PCURVE('',#4161,#12347);
#12347 = DEFINITIONAL_REPRESENTATION('',(#12348),#12351);
#12348 = B_SPLINE_CURVE_WITH_KNOTS('',1,(#12349,#12350),.UNSPECIFIED.,
  .F.,.F.,(2,2),(0.,1.),.PIECEWISE_BEZIER_KNOTS.);
#12349 = CARTESIAN_POINT('',(5.741185770641E-03,0.));
#12350 = CARTESIAN_POINT('',(5.741185770641E-03,1.));
#12351 = ( GEOMETRIC_REPRESENTATION_CONTEXT(2) 
PARAMETRIC_REPRESENTATION_CONTEXT() REPRESENTATION_CONTEXT('2D SPACE',''
  ) );
#12352 = PCURVE('',#4188,#12353);
#12353 = DEFINITIONAL_REPRESENTATION('',(#12354),#12357);
#12354 = B_SPLINE_CURVE_WITH_KNOTS('',1,(#12355,#12356),.UNSPECIFIED.,
  .F.,.F.,(2,2),(0.,1.),.PIECEWISE_BEZIER_KNOTS.);
#12355 = CARTESIAN_POINT('',(0.,0.));
#12356 = CARTESIAN_POINT('',(0.,1.));
#12357 = ( GEOMETRIC_REPRESENTATION_CONTEXT(2) 
PARAMETRIC_REPRESENTATION_CONTEXT() REPRESENTATION_CONTEXT('2D SPACE',''
  ) );
#12358 = ORIENTED_EDGE('',*,*,#4145,.F.);
#12359 = ORIENTED_EDGE('',*,*,#12317,.F.);
#12360 = ADVANCED_FACE('',(#12361),#4188,.T.);
#12361 = FACE_BOUND('',#12362,.T.);
#12362 = EDGE_LOOP('',(#12363,#12364,#12382,#12383));
#12363 = ORIENTED_EDGE('',*,*,#7759,.T.);
#12364 = ORIENTED_EDGE('',*,*,#12365,.T.);
#12365 = EDGE_CURVE('',#7760,#4173,#12366,.T.);
#12366 = SURFACE_CURVE('',#12367,(#12370,#12376),.PCURVE_S1.);
#12367 = B_SPLINE_CURVE_WITH_KNOTS('',1,(#12368,#12369),.UNSPECIFIED.,
  .F.,.F.,(2,2),(0.,1.),.PIECEWISE_BEZIER_KNOTS.);
#12368 = CARTESIAN_POINT('',(124.08712503236,0.,14.602521383394));
#12369 = CARTESIAN_POINT('',(96.327275019416,-700.,45.446958328165));
#12370 = PCURVE('',#4188,#12371);
#12371 = DEFINITIONAL_REPRESENTATION('',(#12372),#12375);
#12372 = B_SPLINE_CURVE_WITH_KNOTS('',1,(#12373,#12374),.UNSPECIFIED.,
  .F.,.F.,(2,2),(0.,1.),.PIECEWISE_BEZIER_KNOTS.);
#12373 = CARTESIAN_POINT('',(5.798077862481E-03,0.));
#12374 = CARTESIAN_POINT('',(5.798077862481E-03,1.));
#12375 = ( GEOMETRIC_REPRESENTATION_CONTEXT(2) 
PARAMETRIC_REPRESENTATION_CONTEXT() REPRESENTATION_CONTEXT('2D SPACE',''
  ) );
#12376 = PCURVE('',#4215,#12377);
#12377 = DEFINITIONAL_REPRESENTATION('',(#12378),#12381);
#12378 = B_SPLINE_CURVE_WITH_KNOTS('',1,(#12379,#12380),.UNSPECIFIED.,
  .F.,.F.,(2,2),(0.,1.),.PIECEWISE_BEZIER_KNOTS.);
#12379 = CARTESIAN_POINT('',(0.,0.));
#12380 = CARTESIAN_POINT('',(0.,1.));
#12381 = ( GEOMETRIC_REPRESENTATION_CONTEXT(2) 
PARAMETRIC_REPRESENTATION_CONTEXT() REPRESENTATION_CONTEXT('2D SPACE',''
  ) );
#12382 = ORIENTED_EDGE('',*,*,#4172,.F.);
#12383 = ORIENTED_EDGE('',*,*,#12341,.F.);
#12384 = ADVANCED_FACE('',(#12385),#4215,.T.);
#12385 = FACE_BOUND('',#12386,.T.);
#12386 = EDGE_LOOP('',(#12387,#12388,#12406,#12407));
#12387 = ORIENTED_EDGE('',*,*,#7803,.T.);
#12388 = ORIENTED_EDGE('',*,*,#12389,.T.);
#12389 = EDGE_CURVE('',#7804,#4200,#12390,.T.);
#12390 = SURFACE_CURVE('',#12391,(#12394,#12400),.PCURVE_S1.);
#12391 = B_SPLINE_CURVE_WITH_KNOTS('',1,(#12392,#12393),.UNSPECIFIED.,
  .F.,.F.,(2,2),(0.,1.),.PIECEWISE_BEZIER_KNOTS.);
#12392 = CARTESIAN_POINT('',(118.2724612109,0.,15.129160815147));
#12393 = CARTESIAN_POINT('',(92.838476726545,-700.,45.762941987217));
#12394 = PCURVE('',#4215,#12395);
#12395 = DEFINITIONAL_REPRESENTATION('',(#12396),#12399);
#12396 = B_SPLINE_CURVE_WITH_KNOTS('',1,(#12397,#12398),.UNSPECIFIED.,
  .F.,.F.,(2,2),(0.,1.),.PIECEWISE_BEZIER_KNOTS.);
#12397 = CARTESIAN_POINT('',(5.838464219944E-03,0.));
#12398 = CARTESIAN_POINT('',(5.838464219944E-03,1.));
#12399 = ( GEOMETRIC_REPRESENTATION_CONTEXT(2) 
PARAMETRIC_REPRESENTATION_CONTEXT() REPRESENTATION_CONTEXT('2D SPACE',''
  ) );
#12400 = PCURVE('',#4242,#12401);
#12401 = DEFINITIONAL_REPRESENTATION('',(#12402),#12405);
#12402 = B_SPLINE_CURVE_WITH_KNOTS('',1,(#12403,#12404),.UNSPECIFIED.,
  .F.,.F.,(2,2),(0.,1.),.PIECEWISE_BEZIER_KNOTS.);
#12403 = CARTESIAN_POINT('',(0.,0.));
#12404 = CARTESIAN_POINT('',(0.,1.));
#12405 = ( GEOMETRIC_REPRESENTATION_CONTEXT(2) 
PARAMETRIC_REPRESENTATION_CONTEXT() REPRESENTATION_CONTEXT('2D SPACE',''
  ) );
#12406 = ORIENTED_EDGE('',*,*,#4199,.F.);
#12407 = ORIENTED_EDGE('',*,*,#12365,.F.);
#12408 = ADVANCED_FACE('',(#12409),#4242,.T.);
#12409 = FACE_BOUND('',#12410,.T.);
#12410 = EDGE_LOOP('',(#12411,#12412,#12430,#12431));
#12411 = ORIENTED_EDGE('',*,*,#7847,.T.);
#12412 = ORIENTED_EDGE('',*,*,#12413,.T.);
#12413 = EDGE_CURVE('',#7848,#4227,#12414,.T.);
#12414 = SURFACE_CURVE('',#12415,(#12418,#12424),.PCURVE_S1.);
#12415 = B_SPLINE_CURVE_WITH_KNOTS('',1,(#12416,#12417),.UNSPECIFIED.,
  .F.,.F.,(2,2),(0.,1.),.PIECEWISE_BEZIER_KNOTS.);
#12416 = CARTESIAN_POINT('',(112.43004310531,0.,15.610806079894));
#12417 = CARTESIAN_POINT('',(89.333025863188,-700.,46.051929146065));
#12418 = PCURVE('',#4242,#12419);
#12419 = DEFINITIONAL_REPRESENTATION('',(#12420),#12423);
#12420 = B_SPLINE_CURVE_WITH_KNOTS('',1,(#12421,#12422),.UNSPECIFIED.,
  .F.,.F.,(2,2),(0.,1.),.PIECEWISE_BEZIER_KNOTS.);
#12421 = CARTESIAN_POINT('',(5.862237753763E-03,0.));
#12422 = CARTESIAN_POINT('',(5.862237753763E-03,1.));
#12423 = ( GEOMETRIC_REPRESENTATION_CONTEXT(2) 
PARAMETRIC_REPRESENTATION_CONTEXT() REPRESENTATION_CONTEXT('2D SPACE',''
  ) );
#12424 = PCURVE('',#4269,#12425);
#12425 = DEFINITIONAL_REPRESENTATION('',(#12426),#12429);
#12426 = B_SPLINE_CURVE_WITH_KNOTS('',1,(#12427,#12428),.UNSPECIFIED.,
  .F.,.F.,(2,2),(0.,1.),.PIECEWISE_BEZIER_KNOTS.);
#12427 = CARTESIAN_POINT('',(0.,0.));
#12428 = CARTESIAN_POINT('',(0.,1.));
#12429 = ( GEOMETRIC_REPRESENTATION_CONTEXT(2) 
PARAMETRIC_REPRESENTATION_CONTEXT() REPRESENTATION_CONTEXT('2D SPACE',''
  ) );
#12430 = ORIENTED_EDGE('',*,*,#4226,.F.);
#12431 = ORIENTED_EDGE('',*,*,#12389,.F.);
#12432 = ADVANCED_FACE('',(#12433),#4269,.T.);
#12433 = FACE_BOUND('',#12434,.T.);
#12434 = EDGE_LOOP('',(#12435,#12436,#12454,#12455));
#12435 = ORIENTED_EDGE('',*,*,#7891,.T.);
#12436 = ORIENTED_EDGE('',*,*,#12437,.T.);
#12437 = EDGE_CURVE('',#7892,#4254,#12438,.T.);
#12438 = SURFACE_CURVE('',#12439,(#12442,#12448),.PCURVE_S1.);
#12439 = B_SPLINE_CURVE_WITH_KNOTS('',1,(#12440,#12441),.UNSPECIFIED.,
  .F.,.F.,(2,2),(0.,1.),.PIECEWISE_BEZIER_KNOTS.);
#12440 = CARTESIAN_POINT('',(106.57665111722,0.,16.043261152226));
#12441 = CARTESIAN_POINT('',(85.820990670335,-700.,46.311402189465));
#12442 = PCURVE('',#4269,#12443);
#12443 = DEFINITIONAL_REPRESENTATION('',(#12444),#12447);
#12444 = B_SPLINE_CURVE_WITH_KNOTS('',1,(#12445,#12446),.UNSPECIFIED.,
  .F.,.F.,(2,2),(0.,1.),.PIECEWISE_BEZIER_KNOTS.);
#12445 = CARTESIAN_POINT('',(5.869345377111E-03,0.));
#12446 = CARTESIAN_POINT('',(5.869345377111E-03,1.));
#12447 = ( GEOMETRIC_REPRESENTATION_CONTEXT(2) 
PARAMETRIC_REPRESENTATION_CONTEXT() REPRESENTATION_CONTEXT('2D SPACE',''
  ) );
#12448 = PCURVE('',#4296,#12449);
#12449 = DEFINITIONAL_REPRESENTATION('',(#12450),#12453);
#12450 = B_SPLINE_CURVE_WITH_KNOTS('',1,(#12451,#12452),.UNSPECIFIED.,
  .F.,.F.,(2,2),(0.,1.),.PIECEWISE_BEZIER_KNOTS.);
#12451 = CARTESIAN_POINT('',(0.,0.));
#12452 = CARTESIAN_POINT('',(0.,1.));
#12453 = ( GEOMETRIC_REPRESENTATION_CONTEXT(2) 
PARAMETRIC_REPRESENTATION_CONTEXT() REPRESENTATION_CONTEXT('2D SPACE',''
  ) );
#12454 = ORIENTED_EDGE('',*,*,#4253,.F.);
#12455 = ORIENTED_EDGE('',*,*,#12413,.F.);
#12456 = ADVANCED_FACE('',(#12457),#4296,.T.);
#12457 = FACE_BOUND('',#12458,.T.);
#12458 = EDGE_LOOP('',(#12459,#12460,#12478,#12479));
#12459 = ORIENTED_EDGE('',*,*,#7935,.T.);
#12460 = ORIENTED_EDGE('',*,*,#12461,.T.);
#12461 = EDGE_CURVE('',#7936,#4281,#12462,.T.);
#12462 = SURFACE_CURVE('',#12463,(#12466,#12472),.PCURVE_S1.);
#12463 = B_SPLINE_CURVE_WITH_KNOTS('',1,(#12464,#12465),.UNSPECIFIED.,
  .F.,.F.,(2,2),(0.,1.),.PIECEWISE_BEZIER_KNOTS.);
#12464 = CARTESIAN_POINT('',(100.72914792093,0.,16.42252385267));
#12465 = CARTESIAN_POINT('',(82.312488752562,-700.,46.538959809731));
#12466 = PCURVE('',#4296,#12467);
#12467 = DEFINITIONAL_REPRESENTATION('',(#12468),#12471);
#12468 = B_SPLINE_CURVE_WITH_KNOTS('',1,(#12469,#12470),.UNSPECIFIED.,
  .F.,.F.,(2,2),(0.,1.),.PIECEWISE_BEZIER_KNOTS.);
#12469 = CARTESIAN_POINT('',(5.859789571866E-03,0.));
#12470 = CARTESIAN_POINT('',(5.859789571866E-03,1.));
#12471 = ( GEOMETRIC_REPRESENTATION_CONTEXT(2) 
PARAMETRIC_REPRESENTATION_CONTEXT() REPRESENTATION_CONTEXT('2D SPACE',''
  ) );
#12472 = PCURVE('',#4323,#12473);
#12473 = DEFINITIONAL_REPRESENTATION('',(#12474),#12477);
#12474 = B_SPLINE_CURVE_WITH_KNOTS('',1,(#12475,#12476),.UNSPECIFIED.,
  .F.,.F.,(2,2),(0.,1.),.PIECEWISE_BEZIER_KNOTS.);
#12475 = CARTESIAN_POINT('',(0.,0.));
#12476 = CARTESIAN_POINT('',(0.,1.));
#12477 = ( GEOMETRIC_REPRESENTATION_CONTEXT(2) 
PARAMETRIC_REPRESENTATION_CONTEXT() REPRESENTATION_CONTEXT('2D SPACE',''
  ) );
#12478 = ORIENTED_EDGE('',*,*,#4280,.F.);
#12479 = ORIENTED_EDGE('',*,*,#12437,.F.);
#12480 = ADVANCED_FACE('',(#12481),#4323,.T.);
#12481 = FACE_BOUND('',#12482,.T.);
#12482 = EDGE_LOOP('',(#12483,#12484,#12502,#12503));
#12483 = ORIENTED_EDGE('',*,*,#7979,.T.);
#12484 = ORIENTED_EDGE('',*,*,#12485,.T.);
#12485 = EDGE_CURVE('',#7980,#4308,#12486,.T.);
#12486 = SURFACE_CURVE('',#12487,(#12490,#12496),.PCURVE_S1.);
#12487 = B_SPLINE_CURVE_WITH_KNOTS('',1,(#12488,#12489),.UNSPECIFIED.,
  .F.,.F.,(2,2),(0.,1.),.PIECEWISE_BEZIER_KNOTS.);
#12488 = CARTESIAN_POINT('',(94.904428720436,0.,16.744829467002));
#12489 = CARTESIAN_POINT('',(78.817657232262,-700.,46.73234317833));
#12490 = PCURVE('',#4323,#12491);
#12491 = DEFINITIONAL_REPRESENTATION('',(#12492),#12495);
#12492 = B_SPLINE_CURVE_WITH_KNOTS('',1,(#12493,#12494),.UNSPECIFIED.,
  .F.,.F.,(2,2),(0.,1.),.PIECEWISE_BEZIER_KNOTS.);
#12493 = CARTESIAN_POINT('',(5.833629631174E-03,0.));
#12494 = CARTESIAN_POINT('',(5.833629631174E-03,1.));
#12495 = ( GEOMETRIC_REPRESENTATION_CONTEXT(2) 
PARAMETRIC_REPRESENTATION_CONTEXT() REPRESENTATION_CONTEXT('2D SPACE',''
  ) );
#12496 = PCURVE('',#4350,#12497);
#12497 = DEFINITIONAL_REPRESENTATION('',(#12498),#12501);
#12498 = B_SPLINE_CURVE_WITH_KNOTS('',1,(#12499,#12500),.UNSPECIFIED.,
  .F.,.F.,(2,2),(0.,1.),.PIECEWISE_BEZIER_KNOTS.);
#12499 = CARTESIAN_POINT('',(0.,0.));
#12500 = CARTESIAN_POINT('',(0.,1.));
#12501 = ( GEOMETRIC_REPRESENTATION_CONTEXT(2) 
PARAMETRIC_REPRESENTATION_CONTEXT() REPRESENTATION_CONTEXT('2D SPACE',''
  ) );
#12502 = ORIENTED_EDGE('',*,*,#4307,.F.);
#12503 = ORIENTED_EDGE('',*,*,#12461,.F.);
#12504 = ADVANCED_FACE('',(#12505),#4350,.T.);
#12505 = FACE_BOUND('',#12506,.T.);
#12506 = EDGE_LOOP('',(#12507,#12508,#12526,#12527));
#12507 = ORIENTED_EDGE('',*,*,#8023,.T.);
#12508 = ORIENTED_EDGE('',*,*,#12509,.T.);
#12509 = EDGE_CURVE('',#8024,#4335,#12510,.T.);
#12510 = SURFACE_CURVE('',#12511,(#12514,#12520),.PCURVE_S1.);
#12511 = B_SPLINE_CURVE_WITH_KNOTS('',1,(#12512,#12513),.UNSPECIFIED.,
  .F.,.F.,(2,2),(0.,1.),.PIECEWISE_BEZIER_KNOTS.);
#12512 = CARTESIAN_POINT('',(89.119370140667,0.,17.006698738582));
#12513 = CARTESIAN_POINT('',(75.3466220844,-700.,46.889464741278));
#12514 = PCURVE('',#4350,#12515);
#12515 = DEFINITIONAL_REPRESENTATION('',(#12516),#12519);
#12516 = B_SPLINE_CURVE_WITH_KNOTS('',1,(#12517,#12518),.UNSPECIFIED.,
  .F.,.F.,(2,2),(0.,1.),.PIECEWISE_BEZIER_KNOTS.);
#12517 = CARTESIAN_POINT('',(5.790982497535E-03,0.));
#12518 = CARTESIAN_POINT('',(5.790982497535E-03,1.));
#12519 = ( GEOMETRIC_REPRESENTATION_CONTEXT(2) 
PARAMETRIC_REPRESENTATION_CONTEXT() REPRESENTATION_CONTEXT('2D SPACE',''
  ) );
#12520 = PCURVE('',#4377,#12521);
#12521 = DEFINITIONAL_REPRESENTATION('',(#12522),#12525);
#12522 = B_SPLINE_CURVE_WITH_KNOTS('',1,(#12523,#12524),.UNSPECIFIED.,
  .F.,.F.,(2,2),(0.,1.),.PIECEWISE_BEZIER_KNOTS.);
#12523 = CARTESIAN_POINT('',(0.,0.));
#12524 = CARTESIAN_POINT('',(0.,1.));
#12525 = ( GEOMETRIC_REPRESENTATION_CONTEXT(2) 
PARAMETRIC_REPRESENTATION_CONTEXT() REPRESENTATION_CONTEXT('2D SPACE',''
  ) );
#12526 = ORIENTED_EDGE('',*,*,#4334,.F.);
#12527 = ORIENTED_EDGE('',*,*,#12485,.F.);
#12528 = ADVANCED_FACE('',(#12529),#4377,.T.);
#12529 = FACE_BOUND('',#12530,.T.);
#12530 = EDGE_LOOP('',(#12531,#12532,#12550,#12551));
#12531 = ORIENTED_EDGE('',*,*,#8067,.T.);
#12532 = ORIENTED_EDGE('',*,*,#12533,.T.);
#12533 = EDGE_CURVE('',#8068,#4362,#12534,.T.);
#12534 = SURFACE_CURVE('',#12535,(#12538,#12544),.PCURVE_S1.);
#12535 = B_SPLINE_CURVE_WITH_KNOTS('',1,(#12536,#12537),.UNSPECIFIED.,
  .F.,.F.,(2,2),(0.,1.),.PIECEWISE_BEZIER_KNOTS.);
#12536 = CARTESIAN_POINT('',(83.357510330556,0.,17.199585507099));
#12537 = CARTESIAN_POINT('',(71.889506198334,-700.,47.005196802388));
#12538 = PCURVE('',#4377,#12539);
#12539 = DEFINITIONAL_REPRESENTATION('',(#12540),#12543);
#12540 = B_SPLINE_CURVE_WITH_KNOTS('',1,(#12541,#12542),.UNSPECIFIED.,
  .F.,.F.,(2,2),(0.,1.),.PIECEWISE_BEZIER_KNOTS.);
#12541 = CARTESIAN_POINT('',(5.765087490823E-03,0.));
#12542 = CARTESIAN_POINT('',(5.765087490823E-03,1.));
#12543 = ( GEOMETRIC_REPRESENTATION_CONTEXT(2) 
PARAMETRIC_REPRESENTATION_CONTEXT() REPRESENTATION_CONTEXT('2D SPACE',''
  ) );
#12544 = PCURVE('',#4404,#12545);
#12545 = DEFINITIONAL_REPRESENTATION('',(#12546),#12549);
#12546 = B_SPLINE_CURVE_WITH_KNOTS('',1,(#12547,#12548),.UNSPECIFIED.,
  .F.,.F.,(2,2),(0.,1.),.PIECEWISE_BEZIER_KNOTS.);
#12547 = CARTESIAN_POINT('',(0.,0.));
#12548 = CARTESIAN_POINT('',(0.,1.));
#12549 = ( GEOMETRIC_REPRESENTATION_CONTEXT(2) 
PARAMETRIC_REPRESENTATION_CONTEXT() REPRESENTATION_CONTEXT('2D SPACE',''
  ) );
#12550 = ORIENTED_EDGE('',*,*,#4361,.F.);
#12551 = ORIENTED_EDGE('',*,*,#12509,.F.);
#12552 = ADVANCED_FACE('',(#12553),#4404,.T.);
#12553 = FACE_BOUND('',#12554,.T.);
#12554 = EDGE_LOOP('',(#12555,#12556,#12574,#12575));
#12555 = ORIENTED_EDGE('',*,*,#8111,.T.);
#12556 = ORIENTED_EDGE('',*,*,#12557,.T.);
#12557 = EDGE_CURVE('',#8112,#4389,#12558,.T.);
#12558 = SURFACE_CURVE('',#12559,(#12562,#12568),.PCURVE_S1.);
#12559 = B_SPLINE_CURVE_WITH_KNOTS('',1,(#12560,#12561),.UNSPECIFIED.,
  .F.,.F.,(2,2),(0.,1.),.PIECEWISE_BEZIER_KNOTS.);
#12560 = CARTESIAN_POINT('',(77.655357866767,0.,17.30643201696));
#12561 = CARTESIAN_POINT('',(68.46821472006,-700.,47.069304708305));
#12562 = PCURVE('',#4404,#12563);
#12563 = DEFINITIONAL_REPRESENTATION('',(#12564),#12567);
#12564 = B_SPLINE_CURVE_WITH_KNOTS('',1,(#12565,#12566),.UNSPECIFIED.,
  .F.,.F.,(2,2),(0.,1.),.PIECEWISE_BEZIER_KNOTS.);
#12565 = CARTESIAN_POINT('',(5.703153416923E-03,0.));
#12566 = CARTESIAN_POINT('',(5.703153416923E-03,1.));
#12567 = ( GEOMETRIC_REPRESENTATION_CONTEXT(2) 
PARAMETRIC_REPRESENTATION_CONTEXT() REPRESENTATION_CONTEXT('2D SPACE',''
  ) );
#12568 = PCURVE('',#4431,#12569);
#12569 = DEFINITIONAL_REPRESENTATION('',(#12570),#12573);
#12570 = B_SPLINE_CURVE_WITH_KNOTS('',1,(#12571,#12572),.UNSPECIFIED.,
  .F.,.F.,(2,2),(0.,1.),.PIECEWISE_BEZIER_KNOTS.);
#12571 = CARTESIAN_POINT('',(0.,0.));
#12572 = CARTESIAN_POINT('',(0.,1.));
#12573 = ( GEOMETRIC_REPRESENTATION_CONTEXT(2) 
PARAMETRIC_REPRESENTATION_CONTEXT() REPRESENTATION_CONTEXT('2D SPACE',''
  ) );
#12574 = ORIENTED_EDGE('',*,*,#4388,.F.);
#12575 = ORIENTED_EDGE('',*,*,#12533,.F.);
#12576 = ADVANCED_FACE('',(#12577),#4431,.T.);
#12577 = FACE_BOUND('',#12578,.T.);
#12578 = EDGE_LOOP('',(#12579,#12580,#12598,#12599));
#12579 = ORIENTED_EDGE('',*,*,#8155,.T.);
#12580 = ORIENTED_EDGE('',*,*,#12581,.T.);
#12581 = EDGE_CURVE('',#8156,#4416,#12582,.T.);
#12582 = SURFACE_CURVE('',#12583,(#12586,#12592),.PCURVE_S1.);
#12583 = B_SPLINE_CURVE_WITH_KNOTS('',1,(#12584,#12585),.UNSPECIFIED.,
  .F.,.F.,(2,2),(0.,1.),.PIECEWISE_BEZIER_KNOTS.);
#12584 = CARTESIAN_POINT('',(72.04304871452,0.,17.325040087206));
#12585 = CARTESIAN_POINT('',(65.100829228712,-700.,47.080469550452));
#12586 = PCURVE('',#4431,#12587);
#12587 = DEFINITIONAL_REPRESENTATION('',(#12588),#12591);
#12588 = B_SPLINE_CURVE_WITH_KNOTS('',1,(#12589,#12590),.UNSPECIFIED.,
  .F.,.F.,(2,2),(0.,1.),.PIECEWISE_BEZIER_KNOTS.);
#12589 = CARTESIAN_POINT('',(5.612340000452E-03,0.));
#12590 = CARTESIAN_POINT('',(5.612340000452E-03,1.));
#12591 = ( GEOMETRIC_REPRESENTATION_CONTEXT(2) 
PARAMETRIC_REPRESENTATION_CONTEXT() REPRESENTATION_CONTEXT('2D SPACE',''
  ) );
#12592 = PCURVE('',#4458,#12593);
#12593 = DEFINITIONAL_REPRESENTATION('',(#12594),#12597);
#12594 = B_SPLINE_CURVE_WITH_KNOTS('',1,(#12595,#12596),.UNSPECIFIED.,
  .F.,.F.,(2,2),(0.,1.),.PIECEWISE_BEZIER_KNOTS.);
#12595 = CARTESIAN_POINT('',(0.,0.));
#12596 = CARTESIAN_POINT('',(0.,1.));
#12597 = ( GEOMETRIC_REPRESENTATION_CONTEXT(2) 
PARAMETRIC_REPRESENTATION_CONTEXT() REPRESENTATION_CONTEXT('2D SPACE',''
  ) );
#12598 = ORIENTED_EDGE('',*,*,#4415,.F.);
#12599 = ORIENTED_EDGE('',*,*,#12557,.F.);
#12600 = ADVANCED_FACE('',(#12601),#4458,.T.);
#12601 = FACE_BOUND('',#12602,.T.);
#12602 = EDGE_LOOP('',(#12603,#12604,#12622,#12623));
#12603 = ORIENTED_EDGE('',*,*,#8199,.T.);
#12604 = ORIENTED_EDGE('',*,*,#12605,.T.);
#12605 = EDGE_CURVE('',#8200,#4443,#12606,.T.);
#12606 = SURFACE_CURVE('',#12607,(#12610,#12616),.PCURVE_S1.);
#12607 = B_SPLINE_CURVE_WITH_KNOTS('',1,(#12608,#12609),.UNSPECIFIED.,
  .F.,.F.,(2,2),(0.,1.),.PIECEWISE_BEZIER_KNOTS.);
#12608 = CARTESIAN_POINT('',(66.537601630681,0.,17.254764143137));
#12609 = CARTESIAN_POINT('',(61.797560978409,-700.,47.038303984011));
#12610 = PCURVE('',#4458,#12611);
#12611 = DEFINITIONAL_REPRESENTATION('',(#12612),#12615);
#12612 = B_SPLINE_CURVE_WITH_KNOTS('',1,(#12613,#12614),.UNSPECIFIED.,
  .F.,.F.,(2,2),(0.,1.),.PIECEWISE_BEZIER_KNOTS.);
#12613 = CARTESIAN_POINT('',(5.505895594838E-03,0.));
#12614 = CARTESIAN_POINT('',(5.505895594838E-03,1.));
#12615 = ( GEOMETRIC_REPRESENTATION_CONTEXT(2) 
PARAMETRIC_REPRESENTATION_CONTEXT() REPRESENTATION_CONTEXT('2D SPACE',''
  ) );
#12616 = PCURVE('',#4485,#12617);
#12617 = DEFINITIONAL_REPRESENTATION('',(#12618),#12621);
#12618 = B_SPLINE_CURVE_WITH_KNOTS('',1,(#12619,#12620),.UNSPECIFIED.,
  .F.,.F.,(2,2),(0.,1.),.PIECEWISE_BEZIER_KNOTS.);
#12619 = CARTESIAN_POINT('',(0.,0.));
#12620 = CARTESIAN_POINT('',(0.,1.));
#12621 = ( GEOMETRIC_REPRESENTATION_CONTEXT(2) 
PARAMETRIC_REPRESENTATION_CONTEXT() REPRESENTATION_CONTEXT('2D SPACE',''
  ) );
#12622 = ORIENTED_EDGE('',*,*,#4442,.F.);
#12623 = ORIENTED_EDGE('',*,*,#12581,.F.);
#12624 = ADVANCED_FACE('',(#12625),#4485,.T.);
#12625 = FACE_BOUND('',#12626,.T.);
#12626 = EDGE_LOOP('',(#12627,#12628,#12646,#12647));
#12627 = ORIENTED_EDGE('',*,*,#8243,.T.);
#12628 = ORIENTED_EDGE('',*,*,#12629,.T.);
#12629 = EDGE_CURVE('',#8244,#4470,#12630,.T.);
#12630 = SURFACE_CURVE('',#12631,(#12634,#12640),.PCURVE_S1.);
#12631 = B_SPLINE_CURVE_WITH_KNOTS('',1,(#12632,#12633),.UNSPECIFIED.,
  .F.,.F.,(2,2),(0.,1.),.PIECEWISE_BEZIER_KNOTS.);
#12632 = CARTESIAN_POINT('',(61.15575301767,0.,17.09570168888));
#12633 = CARTESIAN_POINT('',(58.568451810602,-700.,46.942866511457));
#12634 = PCURVE('',#4485,#12635);
#12635 = DEFINITIONAL_REPRESENTATION('',(#12636),#12639);
#12636 = B_SPLINE_CURVE_WITH_KNOTS('',1,(#12637,#12638),.UNSPECIFIED.,
  .F.,.F.,(2,2),(0.,1.),.PIECEWISE_BEZIER_KNOTS.);
#12637 = CARTESIAN_POINT('',(5.384198673687E-03,0.));
#12638 = CARTESIAN_POINT('',(5.384198673687E-03,1.));
#12639 = ( GEOMETRIC_REPRESENTATION_CONTEXT(2) 
PARAMETRIC_REPRESENTATION_CONTEXT() REPRESENTATION_CONTEXT('2D SPACE',''
  ) );
#12640 = PCURVE('',#4512,#12641);
#12641 = DEFINITIONAL_REPRESENTATION('',(#12642),#12645);
#12642 = B_SPLINE_CURVE_WITH_KNOTS('',1,(#12643,#12644),.UNSPECIFIED.,
  .F.,.F.,(2,2),(0.,1.),.PIECEWISE_BEZIER_KNOTS.);
#12643 = CARTESIAN_POINT('',(0.,0.));
#12644 = CARTESIAN_POINT('',(0.,1.));
#12645 = ( GEOMETRIC_REPRESENTATION_CONTEXT(2) 
PARAMETRIC_REPRESENTATION_CONTEXT() REPRESENTATION_CONTEXT('2D SPACE',''
  ) );
#12646 = ORIENTED_EDGE('',*,*,#4469,.F.);
#12647 = ORIENTED_EDGE('',*,*,#12605,.F.);
#12648 = ADVANCED_FACE('',(#12649),#4512,.T.);
#12649 = FACE_BOUND('',#12650,.T.);
#12650 = EDGE_LOOP('',(#12651,#12652,#12670,#12671));
#12651 = ORIENTED_EDGE('',*,*,#8287,.T.);
#12652 = ORIENTED_EDGE('',*,*,#12653,.T.);
#12653 = EDGE_CURVE('',#8288,#4497,#12654,.T.);
#12654 = SURFACE_CURVE('',#12655,(#12658,#12664),.PCURVE_S1.);
#12655 = B_SPLINE_CURVE_WITH_KNOTS('',1,(#12656,#12657),.UNSPECIFIED.,
  .F.,.F.,(2,2),(0.,1.),.PIECEWISE_BEZIER_KNOTS.);
#12656 = CARTESIAN_POINT('',(55.913885437752,0.,16.848713185797));
#12657 = CARTESIAN_POINT('',(55.423331262651,-700.,46.794673409607));
#12658 = PCURVE('',#4512,#12659);
#12659 = DEFINITIONAL_REPRESENTATION('',(#12660),#12663);
#12660 = B_SPLINE_CURVE_WITH_KNOTS('',1,(#12661,#12662),.UNSPECIFIED.,
  .F.,.F.,(2,2),(0.,1.),.PIECEWISE_BEZIER_KNOTS.);
#12661 = CARTESIAN_POINT('',(5.247683207478E-03,0.));
#12662 = CARTESIAN_POINT('',(5.247683207478E-03,1.));
#12663 = ( GEOMETRIC_REPRESENTATION_CONTEXT(2) 
PARAMETRIC_REPRESENTATION_CONTEXT() REPRESENTATION_CONTEXT('2D SPACE',''
  ) );
#12664 = PCURVE('',#4539,#12665);
#12665 = DEFINITIONAL_REPRESENTATION('',(#12666),#12669);
#12666 = B_SPLINE_CURVE_WITH_KNOTS('',1,(#12667,#12668),.UNSPECIFIED.,
  .F.,.F.,(2,2),(0.,1.),.PIECEWISE_BEZIER_KNOTS.);
#12667 = CARTESIAN_POINT('',(0.,0.));
#12668 = CARTESIAN_POINT('',(0.,1.));
#12669 = ( GEOMETRIC_REPRESENTATION_CONTEXT(2) 
PARAMETRIC_REPRESENTATION_CONTEXT() REPRESENTATION_CONTEXT('2D SPACE',''
  ) );
#12670 = ORIENTED_EDGE('',*,*,#4496,.F.);
#12671 = ORIENTED_EDGE('',*,*,#12629,.F.);
#12672 = ADVANCED_FACE('',(#12673),#4539,.T.);
#12673 = FACE_BOUND('',#12674,.T.);
#12674 = EDGE_LOOP('',(#12675,#12676,#12694,#12695));
#12675 = ORIENTED_EDGE('',*,*,#8331,.T.);
#12676 = ORIENTED_EDGE('',*,*,#12677,.T.);
#12677 = EDGE_CURVE('',#8332,#4524,#12678,.T.);
#12678 = SURFACE_CURVE('',#12679,(#12682,#12688),.PCURVE_S1.);
#12679 = B_SPLINE_CURVE_WITH_KNOTS('',1,(#12680,#12681),.UNSPECIFIED.,
  .F.,.F.,(2,2),(0.,1.),.PIECEWISE_BEZIER_KNOTS.);
#12680 = CARTESIAN_POINT('',(50.827956132102,0.,16.515430402518));
#12681 = CARTESIAN_POINT('',(52.371773679261,-700.,46.594703739639));
#12682 = PCURVE('',#4539,#12683);
#12683 = DEFINITIONAL_REPRESENTATION('',(#12684),#12687);
#12684 = B_SPLINE_CURVE_WITH_KNOTS('',1,(#12685,#12686),.UNSPECIFIED.,
  .F.,.F.,(2,2),(0.,1.),.PIECEWISE_BEZIER_KNOTS.);
#12685 = CARTESIAN_POINT('',(5.096837677983E-03,0.));
#12686 = CARTESIAN_POINT('',(5.096837677983E-03,1.));
#12687 = ( GEOMETRIC_REPRESENTATION_CONTEXT(2) 
PARAMETRIC_REPRESENTATION_CONTEXT() REPRESENTATION_CONTEXT('2D SPACE',''
  ) );
#12688 = PCURVE('',#4566,#12689);
#12689 = DEFINITIONAL_REPRESENTATION('',(#12690),#12693);
#12690 = B_SPLINE_CURVE_WITH_KNOTS('',1,(#12691,#12692),.UNSPECIFIED.,
  .F.,.F.,(2,2),(0.,1.),.PIECEWISE_BEZIER_KNOTS.);
#12691 = CARTESIAN_POINT('',(0.,0.));
#12692 = CARTESIAN_POINT('',(0.,1.));
#12693 = ( GEOMETRIC_REPRESENTATION_CONTEXT(2) 
PARAMETRIC_REPRESENTATION_CONTEXT() REPRESENTATION_CONTEXT('2D SPACE',''
  ) );
#12694 = ORIENTED_EDGE('',*,*,#4523,.F.);
#12695 = ORIENTED_EDGE('',*,*,#12653,.F.);
#12696 = ADVANCED_FACE('',(#12697),#4566,.T.);
#12697 = FACE_BOUND('',#12698,.T.);
#12698 = EDGE_LOOP('',(#12699,#12700,#12718,#12719));
#12699 = ORIENTED_EDGE('',*,*,#8375,.T.);
#12700 = ORIENTED_EDGE('',*,*,#12701,.T.);
#12701 = EDGE_CURVE('',#8376,#4551,#12702,.T.);
#12702 = SURFACE_CURVE('',#12703,(#12706,#12712),.PCURVE_S1.);
#12703 = B_SPLINE_CURVE_WITH_KNOTS('',1,(#12704,#12705),.UNSPECIFIED.,
  .F.,.F.,(2,2),(0.,1.),.PIECEWISE_BEZIER_KNOTS.);
#12704 = CARTESIAN_POINT('',(45.913426600975,0.,16.098251597567));
#12705 = CARTESIAN_POINT('',(49.423055960585,-700.,46.344396456669));
#12706 = PCURVE('',#4566,#12707);
#12707 = DEFINITIONAL_REPRESENTATION('',(#12708),#12711);
#12708 = B_SPLINE_CURVE_WITH_KNOTS('',1,(#12709,#12710),.UNSPECIFIED.,
  .F.,.F.,(2,2),(0.,1.),.PIECEWISE_BEZIER_KNOTS.);
#12709 = CARTESIAN_POINT('',(4.932204240258E-03,0.));
#12710 = CARTESIAN_POINT('',(4.932204240258E-03,1.));
#12711 = ( GEOMETRIC_REPRESENTATION_CONTEXT(2) 
PARAMETRIC_REPRESENTATION_CONTEXT() REPRESENTATION_CONTEXT('2D SPACE',''
  ) );
#12712 = PCURVE('',#4593,#12713);
#12713 = DEFINITIONAL_REPRESENTATION('',(#12714),#12717);
#12714 = B_SPLINE_CURVE_WITH_KNOTS('',1,(#12715,#12716),.UNSPECIFIED.,
  .F.,.F.,(2,2),(0.,1.),.PIECEWISE_BEZIER_KNOTS.);
#12715 = CARTESIAN_POINT('',(0.,0.));
#12716 = CARTESIAN_POINT('',(0.,1.));
#12717 = ( GEOMETRIC_REPRESENTATION_CONTEXT(2) 
PARAMETRIC_REPRESENTATION_CONTEXT() REPRESENTATION_CONTEXT('2D SPACE',''
  ) );
#12718 = ORIENTED_EDGE('',*,*,#4550,.F.);
#12719 = ORIENTED_EDGE('',*,*,#12677,.F.);
#12720 = ADVANCED_FACE('',(#12721),#4593,.T.);
#12721 = FACE_BOUND('',#12722,.T.);
#12722 = EDGE_LOOP('',(#12723,#12724,#12742,#12743));
#12723 = ORIENTED_EDGE('',*,*,#8419,.T.);
#12724 = ORIENTED_EDGE('',*,*,#12725,.T.);
#12725 = EDGE_CURVE('',#8420,#4578,#12726,.T.);
#12726 = SURFACE_CURVE('',#12727,(#12730,#12736),.PCURVE_S1.);
#12727 = B_SPLINE_CURVE_WITH_KNOTS('',1,(#12728,#12729),.UNSPECIFIED.,
  .F.,.F.,(2,2),(0.,1.),.PIECEWISE_BEZIER_KNOTS.);
#12728 = CARTESIAN_POINT('',(41.185194358562,0.,15.600322226926));
#12729 = CARTESIAN_POINT('',(46.586116615137,-700.,46.045638834284));
#12730 = PCURVE('',#4593,#12731);
#12731 = DEFINITIONAL_REPRESENTATION('',(#12732),#12735);
#12732 = B_SPLINE_CURVE_WITH_KNOTS('',1,(#12733,#12734),.UNSPECIFIED.,
  .F.,.F.,(2,2),(0.,1.),.PIECEWISE_BEZIER_KNOTS.);
#12733 = CARTESIAN_POINT('',(4.754378381696E-03,0.));
#12734 = CARTESIAN_POINT('',(4.754378381696E-03,1.));
#12735 = ( GEOMETRIC_REPRESENTATION_CONTEXT(2) 
PARAMETRIC_REPRESENTATION_CONTEXT() REPRESENTATION_CONTEXT('2D SPACE',''
  ) );
#12736 = PCURVE('',#4620,#12737);
#12737 = DEFINITIONAL_REPRESENTATION('',(#12738),#12741);
#12738 = B_SPLINE_CURVE_WITH_KNOTS('',1,(#12739,#12740),.UNSPECIFIED.,
  .F.,.F.,(2,2),(0.,1.),.PIECEWISE_BEZIER_KNOTS.);
#12739 = CARTESIAN_POINT('',(0.,0.));
#12740 = CARTESIAN_POINT('',(0.,1.));
#12741 = ( GEOMETRIC_REPRESENTATION_CONTEXT(2) 
PARAMETRIC_REPRESENTATION_CONTEXT() REPRESENTATION_CONTEXT('2D SPACE',''
  ) );
#12742 = ORIENTED_EDGE('',*,*,#4577,.F.);
#12743 = ORIENTED_EDGE('',*,*,#12701,.F.);
#12744 = ADVANCED_FACE('',(#12745),#4620,.T.);
#12745 = FACE_BOUND('',#12746,.T.);
#12746 = EDGE_LOOP('',(#12747,#12748,#12766,#12767));
#12747 = ORIENTED_EDGE('',*,*,#8463,.T.);
#12748 = ORIENTED_EDGE('',*,*,#12749,.T.);
#12749 = EDGE_CURVE('',#8464,#4605,#12750,.T.);
#12750 = SURFACE_CURVE('',#12751,(#12754,#12760),.PCURVE_S1.);
#12751 = B_SPLINE_CURVE_WITH_KNOTS('',1,(#12752,#12753),.UNSPECIFIED.,
  .F.,.F.,(2,2),(0.,1.),.PIECEWISE_BEZIER_KNOTS.);
#12752 = CARTESIAN_POINT('',(36.657527981725,0.,15.025500278312));
#12753 = CARTESIAN_POINT('',(43.869516789035,-700.,45.700745665116));
#12754 = PCURVE('',#4620,#12755);
#12755 = DEFINITIONAL_REPRESENTATION('',(#12756),#12759);
#12756 = B_SPLINE_CURVE_WITH_KNOTS('',1,(#12757,#12758),.UNSPECIFIED.,
  .F.,.F.,(2,2),(0.,1.),.PIECEWISE_BEZIER_KNOTS.);
#12757 = CARTESIAN_POINT('',(4.564009541243E-03,0.));
#12758 = CARTESIAN_POINT('',(4.564009541243E-03,1.));
#12759 = ( GEOMETRIC_REPRESENTATION_CONTEXT(2) 
PARAMETRIC_REPRESENTATION_CONTEXT() REPRESENTATION_CONTEXT('2D SPACE',''
  ) );
#12760 = PCURVE('',#4647,#12761);
#12761 = DEFINITIONAL_REPRESENTATION('',(#12762),#12765);
#12762 = B_SPLINE_CURVE_WITH_KNOTS('',1,(#12763,#12764),.UNSPECIFIED.,
  .F.,.F.,(2,2),(0.,1.),.PIECEWISE_BEZIER_KNOTS.);
#12763 = CARTESIAN_POINT('',(0.,0.));
#12764 = CARTESIAN_POINT('',(0.,1.));
#12765 = ( GEOMETRIC_REPRESENTATION_CONTEXT(2) 
PARAMETRIC_REPRESENTATION_CONTEXT() REPRESENTATION_CONTEXT('2D SPACE',''
  ) );
#12766 = ORIENTED_EDGE('',*,*,#4604,.F.);
#12767 = ORIENTED_EDGE('',*,*,#12725,.F.);
#12768 = ADVANCED_FACE('',(#12769),#4647,.T.);
#12769 = FACE_BOUND('',#12770,.T.);
#12770 = EDGE_LOOP('',(#12771,#12772,#12790,#12791));
#12771 = ORIENTED_EDGE('',*,*,#8507,.T.);
#12772 = ORIENTED_EDGE('',*,*,#12773,.T.);
#12773 = EDGE_CURVE('',#8508,#4632,#12774,.T.);
#12774 = SURFACE_CURVE('',#12775,(#12778,#12784),.PCURVE_S1.);
#12775 = B_SPLINE_CURVE_WITH_KNOTS('',1,(#12776,#12777),.UNSPECIFIED.,
  .F.,.F.,(2,2),(0.,1.),.PIECEWISE_BEZIER_KNOTS.);
#12776 = CARTESIAN_POINT('',(32.34400652305,0.,14.378305806109));
#12777 = CARTESIAN_POINT('',(41.28140391383,-700.,45.312428981794));
#12778 = PCURVE('',#4647,#12779);
#12779 = DEFINITIONAL_REPRESENTATION('',(#12780),#12783);
#12780 = B_SPLINE_CURVE_WITH_KNOTS('',1,(#12781,#12782),.UNSPECIFIED.,
  .F.,.F.,(2,2),(0.,1.),.PIECEWISE_BEZIER_KNOTS.);
#12781 = CARTESIAN_POINT('',(4.3618033036E-03,0.));
#12782 = CARTESIAN_POINT('',(4.3618033036E-03,1.));
#12783 = ( GEOMETRIC_REPRESENTATION_CONTEXT(2) 
PARAMETRIC_REPRESENTATION_CONTEXT() REPRESENTATION_CONTEXT('2D SPACE',''
  ) );
#12784 = PCURVE('',#4674,#12785);
#12785 = DEFINITIONAL_REPRESENTATION('',(#12786),#12789);
#12786 = B_SPLINE_CURVE_WITH_KNOTS('',1,(#12787,#12788),.UNSPECIFIED.,
  .F.,.F.,(2,2),(0.,1.),.PIECEWISE_BEZIER_KNOTS.);
#12787 = CARTESIAN_POINT('',(0.,0.));
#12788 = CARTESIAN_POINT('',(0.,1.));
#12789 = ( GEOMETRIC_REPRESENTATION_CONTEXT(2) 
PARAMETRIC_REPRESENTATION_CONTEXT() REPRESENTATION_CONTEXT('2D SPACE',''
  ) );
#12790 = ORIENTED_EDGE('',*,*,#4631,.F.);
#12791 = ORIENTED_EDGE('',*,*,#12749,.F.);
#12792 = ADVANCED_FACE('',(#12793),#4674,.T.);
#12793 = FACE_BOUND('',#12794,.T.);
#12794 = EDGE_LOOP('',(#12795,#12796,#12814,#12815));
#12795 = ORIENTED_EDGE('',*,*,#8551,.T.);
#12796 = ORIENTED_EDGE('',*,*,#12797,.T.);
#12797 = EDGE_CURVE('',#8552,#4659,#12798,.T.);
#12798 = SURFACE_CURVE('',#12799,(#12802,#12808),.PCURVE_S1.);
#12799 = B_SPLINE_CURVE_WITH_KNOTS('',1,(#12800,#12801),.UNSPECIFIED.,
  .F.,.F.,(2,2),(0.,1.),.PIECEWISE_BEZIER_KNOTS.);
#12800 = CARTESIAN_POINT('',(28.257464255911,0.,13.663854757374));
#12801 = CARTESIAN_POINT('',(38.829478553546,-700.,44.883758352553));
#12802 = PCURVE('',#4674,#12803);
#12803 = DEFINITIONAL_REPRESENTATION('',(#12804),#12807);
#12804 = B_SPLINE_CURVE_WITH_KNOTS('',1,(#12805,#12806),.UNSPECIFIED.,
  .F.,.F.,(2,2),(0.,1.),.PIECEWISE_BEZIER_KNOTS.);
#12805 = CARTESIAN_POINT('',(4.148526003553E-03,0.));
#12806 = CARTESIAN_POINT('',(4.148526003553E-03,1.));
#12807 = ( GEOMETRIC_REPRESENTATION_CONTEXT(2) 
PARAMETRIC_REPRESENTATION_CONTEXT() REPRESENTATION_CONTEXT('2D SPACE',''
  ) );
#12808 = PCURVE('',#4701,#12809);
#12809 = DEFINITIONAL_REPRESENTATION('',(#12810),#12813);
#12810 = B_SPLINE_CURVE_WITH_KNOTS('',1,(#12811,#12812),.UNSPECIFIED.,
  .F.,.F.,(2,2),(0.,1.),.PIECEWISE_BEZIER_KNOTS.);
#12811 = CARTESIAN_POINT('',(0.,0.));
#12812 = CARTESIAN_POINT('',(0.,1.));
#12813 = ( GEOMETRIC_REPRESENTATION_CONTEXT(2) 
PARAMETRIC_REPRESENTATION_CONTEXT() REPRESENTATION_CONTEXT('2D SPACE',''
  ) );
#12814 = ORIENTED_EDGE('',*,*,#4658,.F.);
#12815 = ORIENTED_EDGE('',*,*,#12773,.F.);
#12816 = ADVANCED_FACE('',(#12817),#4701,.T.);
#12817 = FACE_BOUND('',#12818,.T.);
#12818 = EDGE_LOOP('',(#12819,#12820,#12838,#12839));
#12819 = ORIENTED_EDGE('',*,*,#8595,.T.);
#12820 = ORIENTED_EDGE('',*,*,#12821,.T.);
#12821 = EDGE_CURVE('',#8596,#4686,#12822,.T.);
#12822 = SURFACE_CURVE('',#12823,(#12826,#12832),.PCURVE_S1.);
#12823 = B_SPLINE_CURVE_WITH_KNOTS('',1,(#12824,#12825),.UNSPECIFIED.,
  .F.,.F.,(2,2),(0.,1.),.PIECEWISE_BEZIER_KNOTS.);
#12824 = CARTESIAN_POINT('',(24.409941566444,0.,12.887777719846));
#12825 = CARTESIAN_POINT('',(36.520964939867,-700.,44.418112130036));
#12826 = PCURVE('',#4701,#12827);
#12827 = DEFINITIONAL_REPRESENTATION('',(#12828),#12831);
#12828 = B_SPLINE_CURVE_WITH_KNOTS('',1,(#12829,#12830),.UNSPECIFIED.,
  .F.,.F.,(2,2),(0.,1.),.PIECEWISE_BEZIER_KNOTS.);
#12829 = CARTESIAN_POINT('',(3.925012918977E-03,0.));
#12830 = CARTESIAN_POINT('',(3.925012918977E-03,1.));
#12831 = ( GEOMETRIC_REPRESENTATION_CONTEXT(2) 
PARAMETRIC_REPRESENTATION_CONTEXT() REPRESENTATION_CONTEXT('2D SPACE',''
  ) );
#12832 = PCURVE('',#4728,#12833);
#12833 = DEFINITIONAL_REPRESENTATION('',(#12834),#12837);
#12834 = B_SPLINE_CURVE_WITH_KNOTS('',1,(#12835,#12836),.UNSPECIFIED.,
  .F.,.F.,(2,2),(0.,1.),.PIECEWISE_BEZIER_KNOTS.);
#12835 = CARTESIAN_POINT('',(0.,0.));
#12836 = CARTESIAN_POINT('',(0.,1.));
#12837 = ( GEOMETRIC_REPRESENTATION_CONTEXT(2) 
PARAMETRIC_REPRESENTATION_CONTEXT() REPRESENTATION_CONTEXT('2D SPACE',''
  ) );
#12838 = ORIENTED_EDGE('',*,*,#4685,.F.);
#12839 = ORIENTED_EDGE('',*,*,#12797,.F.);
#12840 = ADVANCED_FACE('',(#12841),#4728,.T.);
#12841 = FACE_BOUND('',#12842,.T.);
#12842 = EDGE_LOOP('',(#12843,#12844,#12862,#12863));
#12843 = ORIENTED_EDGE('',*,*,#8639,.T.);
#12844 = ORIENTED_EDGE('',*,*,#12845,.T.);
#12845 = EDGE_CURVE('',#8640,#4713,#12846,.T.);
#12846 = SURFACE_CURVE('',#12847,(#12850,#12856),.PCURVE_S1.);
#12847 = B_SPLINE_CURVE_WITH_KNOTS('',1,(#12848,#12849),.UNSPECIFIED.,
  .F.,.F.,(2,2),(0.,1.),.PIECEWISE_BEZIER_KNOTS.);
#12848 = CARTESIAN_POINT('',(20.812642611867,0.,12.056124765608));
#12849 = CARTESIAN_POINT('',(34.36258556712,-700.,43.919120357494));
#12850 = PCURVE('',#4728,#12851);
#12851 = DEFINITIONAL_REPRESENTATION('',(#12852),#12855);
#12852 = B_SPLINE_CURVE_WITH_KNOTS('',1,(#12853,#12854),.UNSPECIFIED.,
  .F.,.F.,(2,2),(0.,1.),.PIECEWISE_BEZIER_KNOTS.);
#12853 = CARTESIAN_POINT('',(3.69218179467E-03,0.));
#12854 = CARTESIAN_POINT('',(3.69218179467E-03,1.));
#12855 = ( GEOMETRIC_REPRESENTATION_CONTEXT(2) 
PARAMETRIC_REPRESENTATION_CONTEXT() REPRESENTATION_CONTEXT('2D SPACE',''
  ) );
#12856 = PCURVE('',#4755,#12857);
#12857 = DEFINITIONAL_REPRESENTATION('',(#12858),#12861);
#12858 = B_SPLINE_CURVE_WITH_KNOTS('',1,(#12859,#12860),.UNSPECIFIED.,
  .F.,.F.,(2,2),(0.,1.),.PIECEWISE_BEZIER_KNOTS.);
#12859 = CARTESIAN_POINT('',(0.,0.));
#12860 = CARTESIAN_POINT('',(0.,1.));
#12861 = ( GEOMETRIC_REPRESENTATION_CONTEXT(2) 
PARAMETRIC_REPRESENTATION_CONTEXT() REPRESENTATION_CONTEXT('2D SPACE',''
  ) );
#12862 = ORIENTED_EDGE('',*,*,#4712,.F.);
#12863 = ORIENTED_EDGE('',*,*,#12821,.F.);
#12864 = ADVANCED_FACE('',(#12865),#4755,.T.);
#12865 = FACE_BOUND('',#12866,.T.);
#12866 = EDGE_LOOP('',(#12867,#12868,#12886,#12887));
#12867 = ORIENTED_EDGE('',*,*,#8683,.T.);
#12868 = ORIENTED_EDGE('',*,*,#12869,.T.);
#12869 = EDGE_CURVE('',#8684,#4740,#12870,.T.);
#12870 = SURFACE_CURVE('',#12871,(#12874,#12880),.PCURVE_S1.);
#12871 = B_SPLINE_CURVE_WITH_KNOTS('',1,(#12872,#12873),.UNSPECIFIED.,
  .F.,.F.,(2,2),(0.,1.),.PIECEWISE_BEZIER_KNOTS.);
#12872 = CARTESIAN_POINT('',(17.475900136236,0.,11.175258087325));
#12873 = CARTESIAN_POINT('',(32.360540081741,-700.,43.390600350524));
#12874 = PCURVE('',#4755,#12875);
#12875 = DEFINITIONAL_REPRESENTATION('',(#12876),#12879);
#12876 = B_SPLINE_CURVE_WITH_KNOTS('',1,(#12877,#12878),.UNSPECIFIED.,
  .F.,.F.,(2,2),(0.,1.),.PIECEWISE_BEZIER_KNOTS.);
#12877 = CARTESIAN_POINT('',(3.451054397368E-03,0.));
#12878 = CARTESIAN_POINT('',(3.451054397368E-03,1.));
#12879 = ( GEOMETRIC_REPRESENTATION_CONTEXT(2) 
PARAMETRIC_REPRESENTATION_CONTEXT() REPRESENTATION_CONTEXT('2D SPACE',''
  ) );
#12880 = PCURVE('',#4782,#12881);
#12881 = DEFINITIONAL_REPRESENTATION('',(#12882),#12885);
#12882 = B_SPLINE_CURVE_WITH_KNOTS('',1,(#12883,#12884),.UNSPECIFIED.,
  .F.,.F.,(2,2),(0.,1.),.PIECEWISE_BEZIER_KNOTS.);
#12883 = CARTESIAN_POINT('',(0.,0.));
#12884 = CARTESIAN_POINT('',(0.,1.));
#12885 = ( GEOMETRIC_REPRESENTATION_CONTEXT(2) 
PARAMETRIC_REPRESENTATION_CONTEXT() REPRESENTATION_CONTEXT('2D SPACE',''
  ) );
#12886 = ORIENTED_EDGE('',*,*,#4739,.F.);
#12887 = ORIENTED_EDGE('',*,*,#12845,.F.);
#12888 = ADVANCED_FACE('',(#12889),#4782,.T.);
#12889 = FACE_BOUND('',#12890,.T.);
#12890 = EDGE_LOOP('',(#12891,#12892,#12910,#12911));
#12891 = ORIENTED_EDGE('',*,*,#8727,.T.);
#12892 = ORIENTED_EDGE('',*,*,#12893,.T.);
#12893 = EDGE_CURVE('',#8728,#4767,#12894,.T.);
#12894 = SURFACE_CURVE('',#12895,(#12898,#12904),.PCURVE_S1.);
#12895 = B_SPLINE_CURVE_WITH_KNOTS('',1,(#12896,#12897),.UNSPECIFIED.,
  .F.,.F.,(2,2),(0.,1.),.PIECEWISE_BEZIER_KNOTS.);
#12896 = CARTESIAN_POINT('',(14.409147586083,0.,10.251734606415));
#12897 = CARTESIAN_POINT('',(30.52048855165,-700.,42.836486261978));
#12898 = PCURVE('',#4782,#12899);
#12899 = DEFINITIONAL_REPRESENTATION('',(#12900),#12903);
#12900 = B_SPLINE_CURVE_WITH_KNOTS('',1,(#12901,#12902),.UNSPECIFIED.,
  .F.,.F.,(2,2),(0.,1.),.PIECEWISE_BEZIER_KNOTS.);
#12901 = CARTESIAN_POINT('',(3.202790474517E-03,0.));
#12902 = CARTESIAN_POINT('',(3.202790474517E-03,1.));
#12903 = ( GEOMETRIC_REPRESENTATION_CONTEXT(2) 
PARAMETRIC_REPRESENTATION_CONTEXT() REPRESENTATION_CONTEXT('2D SPACE',''
  ) );
#12904 = PCURVE('',#4809,#12905);
#12905 = DEFINITIONAL_REPRESENTATION('',(#12906),#12909);
#12906 = B_SPLINE_CURVE_WITH_KNOTS('',1,(#12907,#12908),.UNSPECIFIED.,
  .F.,.F.,(2,2),(0.,1.),.PIECEWISE_BEZIER_KNOTS.);
#12907 = CARTESIAN_POINT('',(0.,0.));
#12908 = CARTESIAN_POINT('',(0.,1.));
#12909 = ( GEOMETRIC_REPRESENTATION_CONTEXT(2) 
PARAMETRIC_REPRESENTATION_CONTEXT() REPRESENTATION_CONTEXT('2D SPACE',''
  ) );
#12910 = ORIENTED_EDGE('',*,*,#4766,.F.);
#12911 = ORIENTED_EDGE('',*,*,#12869,.F.);
#12912 = ADVANCED_FACE('',(#12913),#4809,.T.);
#12913 = FACE_BOUND('',#12914,.T.);
#12914 = EDGE_LOOP('',(#12915,#12916,#12934,#12935));
#12915 = ORIENTED_EDGE('',*,*,#8771,.T.);
#12916 = ORIENTED_EDGE('',*,*,#12917,.T.);
#12917 = EDGE_CURVE('',#8772,#4794,#12918,.T.);
#12918 = SURFACE_CURVE('',#12919,(#12922,#12928),.PCURVE_S1.);
#12919 = B_SPLINE_CURVE_WITH_KNOTS('',1,(#12920,#12921),.UNSPECIFIED.,
  .F.,.F.,(2,2),(0.,1.),.PIECEWISE_BEZIER_KNOTS.);
#12920 = CARTESIAN_POINT('',(11.620898412926,0.,9.292181154747));
#12921 = CARTESIAN_POINT('',(28.847539047756,-700.,42.260754190977));
#12922 = PCURVE('',#4809,#12923);
#12923 = DEFINITIONAL_REPRESENTATION('',(#12924),#12927);
#12924 = B_SPLINE_CURVE_WITH_KNOTS('',1,(#12925,#12926),.UNSPECIFIED.,
  .F.,.F.,(2,2),(0.,1.),.PIECEWISE_BEZIER_KNOTS.);
#12925 = CARTESIAN_POINT('',(2.948741473615E-03,0.));
#12926 = CARTESIAN_POINT('',(2.948741473615E-03,1.));
#12927 = ( GEOMETRIC_REPRESENTATION_CONTEXT(2) 
PARAMETRIC_REPRESENTATION_CONTEXT() REPRESENTATION_CONTEXT('2D SPACE',''
  ) );
#12928 = PCURVE('',#4836,#12929);
#12929 = DEFINITIONAL_REPRESENTATION('',(#12930),#12933);
#12930 = B_SPLINE_CURVE_WITH_KNOTS('',1,(#12931,#12932),.UNSPECIFIED.,
  .F.,.F.,(2,2),(0.,1.),.PIECEWISE_BEZIER_KNOTS.);
#12931 = CARTESIAN_POINT('',(0.,0.));
#12932 = CARTESIAN_POINT('',(0.,1.));
#12933 = ( GEOMETRIC_REPRESENTATION_CONTEXT(2) 
PARAMETRIC_REPRESENTATION_CONTEXT() REPRESENTATION_CONTEXT('2D SPACE',''
  ) );
#12934 = ORIENTED_EDGE('',*,*,#4793,.F.);
#12935 = ORIENTED_EDGE('',*,*,#12893,.F.);
#12936 = ADVANCED_FACE('',(#12937),#4836,.T.);
#12937 = FACE_BOUND('',#12938,.T.);
#12938 = EDGE_LOOP('',(#12939,#12940,#12958,#12959));
#12939 = ORIENTED_EDGE('',*,*,#8815,.T.);
#12940 = ORIENTED_EDGE('',*,*,#12941,.T.);
#12941 = EDGE_CURVE('',#8816,#4821,#12942,.T.);
#12942 = SURFACE_CURVE('',#12943,(#12946,#12952),.PCURVE_S1.);
#12943 = B_SPLINE_CURVE_WITH_KNOTS('',1,(#12944,#12945),.UNSPECIFIED.,
  .F.,.F.,(2,2),(0.,1.),.PIECEWISE_BEZIER_KNOTS.);
#12944 = CARTESIAN_POINT('',(9.118732201834,0.,8.303165176101));
#12945 = CARTESIAN_POINT('',(27.3462393211,-700.,41.667344603789));
#12946 = PCURVE('',#4836,#12947);
#12947 = DEFINITIONAL_REPRESENTATION('',(#12948),#12951);
#12948 = B_SPLINE_CURVE_WITH_KNOTS('',1,(#12949,#12950),.UNSPECIFIED.,
  .F.,.F.,(2,2),(0.,1.),.PIECEWISE_BEZIER_KNOTS.);
#12949 = CARTESIAN_POINT('',(2.690536815201E-03,0.));
#12950 = CARTESIAN_POINT('',(2.690536815201E-03,1.));
#12951 = ( GEOMETRIC_REPRESENTATION_CONTEXT(2) 
PARAMETRIC_REPRESENTATION_CONTEXT() REPRESENTATION_CONTEXT('2D SPACE',''
  ) );
#12952 = PCURVE('',#4863,#12953);
#12953 = DEFINITIONAL_REPRESENTATION('',(#12954),#12957);
#12954 = B_SPLINE_CURVE_WITH_KNOTS('',1,(#12955,#12956),.UNSPECIFIED.,
  .F.,.F.,(2,2),(0.,1.),.PIECEWISE_BEZIER_KNOTS.);
#12955 = CARTESIAN_POINT('',(0.,0.));
#12956 = CARTESIAN_POINT('',(0.,1.));
#12957 = ( GEOMETRIC_REPRESENTATION_CONTEXT(2) 
PARAMETRIC_REPRESENTATION_CONTEXT() REPRESENTATION_CONTEXT('2D SPACE',''
  ) );
#12958 = ORIENTED_EDGE('',*,*,#4820,.F.);
#12959 = ORIENTED_EDGE('',*,*,#12917,.F.);
#12960 = ADVANCED_FACE('',(#12961),#4863,.T.);
#12961 = FACE_BOUND('',#12962,.T.);
#12962 = EDGE_LOOP('',(#12963,#12964,#12982,#12983));
#12963 = ORIENTED_EDGE('',*,*,#8859,.T.);
#12964 = ORIENTED_EDGE('',*,*,#12965,.T.);
#12965 = EDGE_CURVE('',#8860,#4848,#12966,.T.);
#12966 = SURFACE_CURVE('',#12967,(#12970,#12976),.PCURVE_S1.);
#12967 = B_SPLINE_CURVE_WITH_KNOTS('',1,(#12968,#12969),.UNSPECIFIED.,
  .F.,.F.,(2,2),(0.,1.),.PIECEWISE_BEZIER_KNOTS.);
#12968 = CARTESIAN_POINT('',(6.909287039184,0.,7.29106414647));
#12969 = CARTESIAN_POINT('',(26.020572223511,-700.,41.060083986011));
#12970 = PCURVE('',#4863,#12971);
#12971 = DEFINITIONAL_REPRESENTATION('',(#12972),#12975);
#12972 = B_SPLINE_CURVE_WITH_KNOTS('',1,(#12973,#12974),.UNSPECIFIED.,
  .F.,.F.,(2,2),(0.,1.),.PIECEWISE_BEZIER_KNOTS.);
#12973 = CARTESIAN_POINT('',(2.430225590544E-03,0.));
#12974 = CARTESIAN_POINT('',(2.430225590544E-03,1.));
#12975 = ( GEOMETRIC_REPRESENTATION_CONTEXT(2) 
PARAMETRIC_REPRESENTATION_CONTEXT() REPRESENTATION_CONTEXT('2D SPACE',''
  ) );
#12976 = PCURVE('',#4890,#12977);
#12977 = DEFINITIONAL_REPRESENTATION('',(#12978),#12981);
#12978 = B_SPLINE_CURVE_WITH_KNOTS('',1,(#12979,#12980),.UNSPECIFIED.,
  .F.,.F.,(2,2),(0.,1.),.PIECEWISE_BEZIER_KNOTS.);
#12979 = CARTESIAN_POINT('',(0.,0.));
#12980 = CARTESIAN_POINT('',(0.,1.));
#12981 = ( GEOMETRIC_REPRESENTATION_CONTEXT(2) 
PARAMETRIC_REPRESENTATION_CONTEXT() REPRESENTATION_CONTEXT('2D SPACE',''
  ) );
#12982 = ORIENTED_EDGE('',*,*,#4847,.F.);
#12983 = ORIENTED_EDGE('',*,*,#12941,.F.);
#12984 = ADVANCED_FACE('',(#12985),#4890,.T.);
#12985 = FACE_BOUND('',#12986,.T.);
#12986 = EDGE_LOOP('',(#12987,#12988,#13006,#13007));
#12987 = ORIENTED_EDGE('',*,*,#8903,.T.);
#12988 = ORIENTED_EDGE('',*,*,#12989,.T.);
#12989 = EDGE_CURVE('',#8904,#4875,#12990,.T.);
#12990 = SURFACE_CURVE('',#12991,(#12994,#13000),.PCURVE_S1.);
#12991 = B_SPLINE_CURVE_WITH_KNOTS('',1,(#12992,#12993),.UNSPECIFIED.,
  .F.,.F.,(2,2),(0.,1.),.PIECEWISE_BEZIER_KNOTS.);
#12992 = CARTESIAN_POINT('',(4.998257341239,0.,6.261937062782));
#12993 = CARTESIAN_POINT('',(24.873954404743,-700.,40.442607735798));
#12994 = PCURVE('',#4890,#12995);
#12995 = DEFINITIONAL_REPRESENTATION('',(#12996),#12999);
#12996 = B_SPLINE_CURVE_WITH_KNOTS('',1,(#12997,#12998),.UNSPECIFIED.,
  .F.,.F.,(2,2),(0.,1.),.PIECEWISE_BEZIER_KNOTS.);
#12997 = CARTESIAN_POINT('',(2.170515390595E-03,0.));
#12998 = CARTESIAN_POINT('',(2.170515390595E-03,1.));
#12999 = ( GEOMETRIC_REPRESENTATION_CONTEXT(2) 
PARAMETRIC_REPRESENTATION_CONTEXT() REPRESENTATION_CONTEXT('2D SPACE',''
  ) );
#13000 = PCURVE('',#4917,#13001);
#13001 = DEFINITIONAL_REPRESENTATION('',(#13002),#13005);
#13002 = B_SPLINE_CURVE_WITH_KNOTS('',1,(#13003,#13004),.UNSPECIFIED.,
  .F.,.F.,(2,2),(0.,1.),.PIECEWISE_BEZIER_KNOTS.);
#13003 = CARTESIAN_POINT('',(0.,0.));
#13004 = CARTESIAN_POINT('',(0.,1.));
#13005 = ( GEOMETRIC_REPRESENTATION_CONTEXT(2) 
PARAMETRIC_REPRESENTATION_CONTEXT() REPRESENTATION_CONTEXT('2D SPACE',''
  ) );
#13006 = ORIENTED_EDGE('',*,*,#4874,.F.);
#13007 = ORIENTED_EDGE('',*,*,#12965,.F.);
#13008 = ADVANCED_FACE('',(#13009),#4917,.T.);
#13009 = FACE_BOUND('',#13010,.T.);
#13010 = EDGE_LOOP('',(#13011,#13012,#13030,#13031));
#13011 = ORIENTED_EDGE('',*,*,#8947,.T.);
#13012 = ORIENTED_EDGE('',*,*,#13013,.T.);
#13013 = EDGE_CURVE('',#8948,#4902,#13014,.T.);
#13014 = SURFACE_CURVE('',#13015,(#13018,#13024),.PCURVE_S1.);
#13015 = B_SPLINE_CURVE_WITH_KNOTS('',1,(#13016,#13017),.UNSPECIFIED.,
  .F.,.F.,(2,2),(0.,1.),.PIECEWISE_BEZIER_KNOTS.);
#13016 = CARTESIAN_POINT('',(3.390396219269,0.,5.221401390666));
#13017 = CARTESIAN_POINT('',(23.909237731561,-700.,39.818286332529));
#13018 = PCURVE('',#4917,#13019);
#13019 = DEFINITIONAL_REPRESENTATION('',(#13020),#13023);
#13020 = B_SPLINE_CURVE_WITH_KNOTS('',1,(#13021,#13022),.UNSPECIFIED.,
  .F.,.F.,(2,2),(0.,1.),.PIECEWISE_BEZIER_KNOTS.);
#13021 = CARTESIAN_POINT('',(1.915184553114E-03,0.));
#13022 = CARTESIAN_POINT('',(1.915184553114E-03,1.));
#13023 = ( GEOMETRIC_REPRESENTATION_CONTEXT(2) 
PARAMETRIC_REPRESENTATION_CONTEXT() REPRESENTATION_CONTEXT('2D SPACE',''
  ) );
#13024 = PCURVE('',#4944,#13025);
#13025 = DEFINITIONAL_REPRESENTATION('',(#13026),#13029);
#13026 = B_SPLINE_CURVE_WITH_KNOTS('',1,(#13027,#13028),.UNSPECIFIED.,
  .F.,.F.,(2,2),(0.,1.),.PIECEWISE_BEZIER_KNOTS.);
#13027 = CARTESIAN_POINT('',(0.,0.));
#13028 = CARTESIAN_POINT('',(0.,1.));
#13029 = ( GEOMETRIC_REPRESENTATION_CONTEXT(2) 
PARAMETRIC_REPRESENTATION_CONTEXT() REPRESENTATION_CONTEXT('2D SPACE',''
  ) );
#13030 = ORIENTED_EDGE('',*,*,#4901,.F.);
#13031 = ORIENTED_EDGE('',*,*,#12989,.F.);
#13032 = ADVANCED_FACE('',(#13033),#4944,.T.);
#13033 = FACE_BOUND('',#13034,.T.);
#13034 = EDGE_LOOP('',(#13035,#13036,#13054,#13055));
#13035 = ORIENTED_EDGE('',*,*,#8991,.T.);
#13036 = ORIENTED_EDGE('',*,*,#13037,.T.);
#13037 = EDGE_CURVE('',#8992,#4929,#13038,.T.);
#13038 = SURFACE_CURVE('',#13039,(#13042,#13048),.PCURVE_S1.);
#13039 = B_SPLINE_CURVE_WITH_KNOTS('',1,(#13040,#13041),.UNSPECIFIED.,
  .F.,.F.,(2,2),(0.,1.),.PIECEWISE_BEZIER_KNOTS.);
#13040 = CARTESIAN_POINT('',(2.089521364962,0.,4.174518791044));
#13041 = CARTESIAN_POINT('',(23.128712818977,-700.,39.190156772755));
#13042 = PCURVE('',#4944,#13043);
#13043 = DEFINITIONAL_REPRESENTATION('',(#13044),#13047);
#13044 = B_SPLINE_CURVE_WITH_KNOTS('',1,(#13045,#13046),.UNSPECIFIED.,
  .F.,.F.,(2,2),(0.,1.),.PIECEWISE_BEZIER_KNOTS.);
#13045 = CARTESIAN_POINT('',(1.669801953514E-03,0.));
#13046 = CARTESIAN_POINT('',(1.669801953514E-03,1.));
#13047 = ( GEOMETRIC_REPRESENTATION_CONTEXT(2) 
PARAMETRIC_REPRESENTATION_CONTEXT() REPRESENTATION_CONTEXT('2D SPACE',''
  ) );
#13048 = PCURVE('',#4971,#13049);
#13049 = DEFINITIONAL_REPRESENTATION('',(#13050),#13053);
#13050 = B_SPLINE_CURVE_WITH_KNOTS('',1,(#13051,#13052),.UNSPECIFIED.,
  .F.,.F.,(2,2),(0.,1.),.PIECEWISE_BEZIER_KNOTS.);
#13051 = CARTESIAN_POINT('',(0.,0.));
#13052 = CARTESIAN_POINT('',(0.,1.));
#13053 = ( GEOMETRIC_REPRESENTATION_CONTEXT(2) 
PARAMETRIC_REPRESENTATION_CONTEXT() REPRESENTATION_CONTEXT('2D SPACE',''
  ) );
#13054 = ORIENTED_EDGE('',*,*,#4928,.F.);
#13055 = ORIENTED_EDGE('',*,*,#13013,.F.);
#13056 = ADVANCED_FACE('',(#13057),#4971,.T.);
#13057 = FACE_BOUND('',#13058,.T.);
#13058 = EDGE_LOOP('',(#13059,#13060,#13078,#13079));
#13059 = ORIENTED_EDGE('',*,*,#9035,.T.);
#13060 = ORIENTED_EDGE('',*,*,#13061,.T.);
#13061 = EDGE_CURVE('',#9036,#4956,#13062,.T.);
#13062 = SURFACE_CURVE('',#13063,(#13066,#13072),.PCURVE_S1.);
#13063 = B_SPLINE_CURVE_WITH_KNOTS('',1,(#13064,#13065),.UNSPECIFIED.,
  .F.,.F.,(2,2),(0.,1.),.PIECEWISE_BEZIER_KNOTS.);
#13064 = CARTESIAN_POINT('',(1.098523406933,0.,3.12569276368));
#13065 = CARTESIAN_POINT('',(22.53411404416,-700.,38.560861156337));
#13066 = PCURVE('',#4971,#13067);
#13067 = DEFINITIONAL_REPRESENTATION('',(#13068),#13071);
#13068 = B_SPLINE_CURVE_WITH_KNOTS('',1,(#13069,#13070),.UNSPECIFIED.,
  .F.,.F.,(2,2),(0.,1.),.PIECEWISE_BEZIER_KNOTS.);
#13069 = CARTESIAN_POINT('',(1.442952871196E-03,0.));
#13070 = CARTESIAN_POINT('',(1.442952871196E-03,1.));
#13071 = ( GEOMETRIC_REPRESENTATION_CONTEXT(2) 
PARAMETRIC_REPRESENTATION_CONTEXT() REPRESENTATION_CONTEXT('2D SPACE',''
  ) );
#13072 = PCURVE('',#4998,#13073);
#13073 = DEFINITIONAL_REPRESENTATION('',(#13074),#13077);
#13074 = B_SPLINE_CURVE_WITH_KNOTS('',1,(#13075,#13076),.UNSPECIFIED.,
  .F.,.F.,(2,2),(0.,1.),.PIECEWISE_BEZIER_KNOTS.);
#13075 = CARTESIAN_POINT('',(0.,0.));
#13076 = CARTESIAN_POINT('',(0.,1.));
#13077 = ( GEOMETRIC_REPRESENTATION_CONTEXT(2) 
PARAMETRIC_REPRESENTATION_CONTEXT() REPRESENTATION_CONTEXT('2D SPACE',''
  ) );
#13078 = ORIENTED_EDGE('',*,*,#4955,.F.);
#13079 = ORIENTED_EDGE('',*,*,#13037,.F.);
#13080 = ADVANCED_FACE('',(#13081),#4998,.T.);
#13081 = FACE_BOUND('',#13082,.T.);
#13082 = EDGE_LOOP('',(#13083,#13084,#13102,#13103));
#13083 = ORIENTED_EDGE('',*,*,#9079,.T.);
#13084 = ORIENTED_EDGE('',*,*,#13085,.T.);
#13085 = EDGE_CURVE('',#9080,#4983,#13086,.T.);
#13086 = SURFACE_CURVE('',#13087,(#13090,#13096),.PCURVE_S1.);
#13087 = B_SPLINE_CURVE_WITH_KNOTS('',1,(#13088,#13089),.UNSPECIFIED.,
  .F.,.F.,(2,2),(0.,1.),.PIECEWISE_BEZIER_KNOTS.);
#13088 = CARTESIAN_POINT('',(0.419375717101,0.,2.078581058976));
#13089 = CARTESIAN_POINT('',(22.12662543026,-700.,37.932594133515));
#13090 = PCURVE('',#4998,#13091);
#13091 = DEFINITIONAL_REPRESENTATION('',(#13092),#13095);
#13092 = B_SPLINE_CURVE_WITH_KNOTS('',1,(#13093,#13094),.UNSPECIFIED.,
  .F.,.F.,(2,2),(0.,1.),.PIECEWISE_BEZIER_KNOTS.);
#13093 = CARTESIAN_POINT('',(1.248072316307E-03,0.));
#13094 = CARTESIAN_POINT('',(1.248072316307E-03,1.));
#13095 = ( GEOMETRIC_REPRESENTATION_CONTEXT(2) 
PARAMETRIC_REPRESENTATION_CONTEXT() REPRESENTATION_CONTEXT('2D SPACE',''
  ) );
#13096 = PCURVE('',#5025,#13097);
#13097 = DEFINITIONAL_REPRESENTATION('',(#13098),#13101);
#13098 = B_SPLINE_CURVE_WITH_KNOTS('',1,(#13099,#13100),.UNSPECIFIED.,
  .F.,.F.,(2,2),(0.,1.),.PIECEWISE_BEZIER_KNOTS.);
#13099 = CARTESIAN_POINT('',(0.,0.));
#13100 = CARTESIAN_POINT('',(0.,1.));
#13101 = ( GEOMETRIC_REPRESENTATION_CONTEXT(2) 
PARAMETRIC_REPRESENTATION_CONTEXT() REPRESENTATION_CONTEXT('2D SPACE',''
  ) );
#13102 = ORIENTED_EDGE('',*,*,#4982,.F.);
#13103 = ORIENTED_EDGE('',*,*,#13061,.F.);
#13104 = ADVANCED_FACE('',(#13105),#5025,.T.);
#13105 = FACE_BOUND('',#13106,.T.);
#13106 = EDGE_LOOP('',(#13107,#13108,#13126,#13127));
#13107 = ORIENTED_EDGE('',*,*,#9123,.T.);
#13108 = ORIENTED_EDGE('',*,*,#13109,.T.);
#13109 = EDGE_CURVE('',#9124,#5010,#13110,.T.);
#13110 = SURFACE_CURVE('',#13111,(#13114,#13120),.PCURVE_S1.);
#13111 = B_SPLINE_CURVE_WITH_KNOTS('',1,(#13112,#13113),.UNSPECIFIED.,
  .F.,.F.,(2,2),(0.,1.),.PIECEWISE_BEZIER_KNOTS.);
#13112 = CARTESIAN_POINT('',(5.314473265355E-02,0.,1.036025326236));
#13113 = CARTESIAN_POINT('',(21.906886839592,-700.,37.307060693871));
#13114 = PCURVE('',#5025,#13115);
#13115 = DEFINITIONAL_REPRESENTATION('',(#13116),#13119);
#13116 = B_SPLINE_CURVE_WITH_KNOTS('',1,(#13117,#13118),.UNSPECIFIED.,
  .F.,.F.,(2,2),(0.,1.),.PIECEWISE_BEZIER_KNOTS.);
#13117 = CARTESIAN_POINT('',(1.105010221599E-03,0.));
#13118 = CARTESIAN_POINT('',(1.105010221599E-03,1.));
#13119 = ( GEOMETRIC_REPRESENTATION_CONTEXT(2) 
PARAMETRIC_REPRESENTATION_CONTEXT() REPRESENTATION_CONTEXT('2D SPACE',''
  ) );
#13120 = PCURVE('',#5052,#13121);
#13121 = DEFINITIONAL_REPRESENTATION('',(#13122),#13125);
#13122 = B_SPLINE_CURVE_WITH_KNOTS('',1,(#13123,#13124),.UNSPECIFIED.,
  .F.,.F.,(2,2),(0.,1.),.PIECEWISE_BEZIER_KNOTS.);
#13123 = CARTESIAN_POINT('',(0.,0.));
#13124 = CARTESIAN_POINT('',(0.,1.));
#13125 = ( GEOMETRIC_REPRESENTATION_CONTEXT(2) 
PARAMETRIC_REPRESENTATION_CONTEXT() REPRESENTATION_CONTEXT('2D SPACE',''
  ) );
#13126 = ORIENTED_EDGE('',*,*,#5009,.F.);
#13127 = ORIENTED_EDGE('',*,*,#13085,.F.);
#13128 = ADVANCED_FACE('',(#13129),#5052,.T.);
#13129 = FACE_BOUND('',#13130,.T.);
#13130 = EDGE_LOOP('',(#13131,#13132,#13150,#13151));
#13131 = ORIENTED_EDGE('',*,*,#9167,.T.);
#13132 = ORIENTED_EDGE('',*,*,#13133,.T.);
#13133 = EDGE_CURVE('',#9168,#5037,#13134,.T.);
#13134 = SURFACE_CURVE('',#13135,(#13138,#13144),.PCURVE_S1.);
#13135 = B_SPLINE_CURVE_WITH_KNOTS('',1,(#13136,#13137),.UNSPECIFIED.,
  .F.,.F.,(2,2),(0.,1.),.PIECEWISE_BEZIER_KNOTS.);
#13136 = CARTESIAN_POINT('',(1.109592231547E-17,0.,1.873733110261E-16));
#13137 = CARTESIAN_POINT('',(21.875,-700.,36.685445498129));
#13138 = PCURVE('',#5052,#13139);
#13139 = DEFINITIONAL_REPRESENTATION('',(#13140),#13143);
#13140 = B_SPLINE_CURVE_WITH_KNOTS('',1,(#13141,#13142),.UNSPECIFIED.,
  .F.,.F.,(2,2),(0.,1.),.PIECEWISE_BEZIER_KNOTS.);
#13141 = CARTESIAN_POINT('',(1.037387506775E-03,0.));
#13142 = CARTESIAN_POINT('',(1.037387506775E-03,1.));
#13143 = ( GEOMETRIC_REPRESENTATION_CONTEXT(2) 
PARAMETRIC_REPRESENTATION_CONTEXT() REPRESENTATION_CONTEXT('2D SPACE',''
  ) );
#13144 = PCURVE('',#5079,#13145);
#13145 = DEFINITIONAL_REPRESENTATION('',(#13146),#13149);
#13146 = B_SPLINE_CURVE_WITH_KNOTS('',1,(#13147,#13148),.UNSPECIFIED.,
  .F.,.F.,(2,2),(0.,1.),.PIECEWISE_BEZIER_KNOTS.);
#13147 = CARTESIAN_POINT('',(0.,0.));
#13148 = CARTESIAN_POINT('',(0.,1.));
#13149 = ( GEOMETRIC_REPRESENTATION_CONTEXT(2) 
PARAMETRIC_REPRESENTATION_CONTEXT() REPRESENTATION_CONTEXT('2D SPACE',''
  ) );
#13150 = ORIENTED_EDGE('',*,*,#5036,.F.);
#13151 = ORIENTED_EDGE('',*,*,#13109,.F.);
#13152 = ADVANCED_FACE('',(#13153),#5079,.T.);
#13153 = FACE_BOUND('',#13154,.T.);
#13154 = EDGE_LOOP('',(#13155,#13156,#13174,#13175));
#13155 = ORIENTED_EDGE('',*,*,#9211,.T.);
#13156 = ORIENTED_EDGE('',*,*,#13157,.T.);
#13157 = EDGE_CURVE('',#9212,#5064,#13158,.T.);
#13158 = SURFACE_CURVE('',#13159,(#13162,#13168),.PCURVE_S1.);
#13159 = B_SPLINE_CURVE_WITH_KNOTS('',1,(#13160,#13161),.UNSPECIFIED.,
  .F.,.F.,(2,2),(0.,1.),.PIECEWISE_BEZIER_KNOTS.);
#13160 = CARTESIAN_POINT('',(0.256890588055,0.,-1.005049257566));
#13161 = CARTESIAN_POINT('',(22.029134352833,-700.,36.08241594359));
#13162 = PCURVE('',#5079,#13163);
#13163 = DEFINITIONAL_REPRESENTATION('',(#13164),#13167);
#13164 = B_SPLINE_CURVE_WITH_KNOTS('',1,(#13165,#13166),.UNSPECIFIED.,
  .F.,.F.,(2,2),(0.,1.),.PIECEWISE_BEZIER_KNOTS.);
#13165 = CARTESIAN_POINT('',(1.037360489109E-03,0.));
#13166 = CARTESIAN_POINT('',(1.037360489109E-03,1.));
#13167 = ( GEOMETRIC_REPRESENTATION_CONTEXT(2) 
PARAMETRIC_REPRESENTATION_CONTEXT() REPRESENTATION_CONTEXT('2D SPACE',''
  ) );
#13168 = PCURVE('',#5106,#13169);
#13169 = DEFINITIONAL_REPRESENTATION('',(#13170),#13173);
#13170 = B_SPLINE_CURVE_WITH_KNOTS('',1,(#13171,#13172),.UNSPECIFIED.,
  .F.,.F.,(2,2),(0.,1.),.PIECEWISE_BEZIER_KNOTS.);
#13171 = CARTESIAN_POINT('',(0.,0.));
#13172 = CARTESIAN_POINT('',(0.,1.));
#13173 = ( GEOMETRIC_REPRESENTATION_CONTEXT(2) 
PARAMETRIC_REPRESENTATION_CONTEXT() REPRESENTATION_CONTEXT('2D SPACE',''
  ) );
#13174 = ORIENTED_EDGE('',*,*,#5063,.F.);
#13175 = ORIENTED_EDGE('',*,*,#13133,.F.);
#13176 = ADVANCED_FACE('',(#13177),#5106,.T.);
#13177 = FACE_BOUND('',#13178,.T.);
#13178 = EDGE_LOOP('',(#13179,#13180,#13198,#13199));
#13179 = ORIENTED_EDGE('',*,*,#9255,.T.);
#13180 = ORIENTED_EDGE('',*,*,#13181,.T.);
#13181 = EDGE_CURVE('',#9256,#5091,#13182,.T.);
#13182 = SURFACE_CURVE('',#13183,(#13186,#13192),.PCURVE_S1.);
#13183 = B_SPLINE_CURVE_WITH_KNOTS('',1,(#13184,#13185),.UNSPECIFIED.,
  .F.,.F.,(2,2),(0.,1.),.PIECEWISE_BEZIER_KNOTS.);
#13184 = CARTESIAN_POINT('',(0.819886736932,0.,-1.95509360541));
#13185 = CARTESIAN_POINT('',(22.366932042159,-700.,35.512389334883));
#13186 = PCURVE('',#5106,#13187);
#13187 = DEFINITIONAL_REPRESENTATION('',(#13188),#13191);
#13188 = B_SPLINE_CURVE_WITH_KNOTS('',1,(#13189,#13190),.UNSPECIFIED.,
  .F.,.F.,(2,2),(0.,1.),.PIECEWISE_BEZIER_KNOTS.);
#13189 = CARTESIAN_POINT('',(1.104331891472E-03,0.));
#13190 = CARTESIAN_POINT('',(1.104331891472E-03,1.));
#13191 = ( GEOMETRIC_REPRESENTATION_CONTEXT(2) 
PARAMETRIC_REPRESENTATION_CONTEXT() REPRESENTATION_CONTEXT('2D SPACE',''
  ) );
#13192 = PCURVE('',#5133,#13193);
#13193 = DEFINITIONAL_REPRESENTATION('',(#13194),#13197);
#13194 = B_SPLINE_CURVE_WITH_KNOTS('',1,(#13195,#13196),.UNSPECIFIED.,
  .F.,.F.,(2,2),(0.,1.),.PIECEWISE_BEZIER_KNOTS.);
#13195 = CARTESIAN_POINT('',(0.,0.));
#13196 = CARTESIAN_POINT('',(0.,1.));
#13197 = ( GEOMETRIC_REPRESENTATION_CONTEXT(2) 
PARAMETRIC_REPRESENTATION_CONTEXT() REPRESENTATION_CONTEXT('2D SPACE',''
  ) );
#13198 = ORIENTED_EDGE('',*,*,#5090,.F.);
#13199 = ORIENTED_EDGE('',*,*,#13157,.F.);
#13200 = ADVANCED_FACE('',(#13201),#5133,.T.);
#13201 = FACE_BOUND('',#13202,.T.);
#13202 = EDGE_LOOP('',(#13203,#13204,#13222,#13223));
#13203 = ORIENTED_EDGE('',*,*,#9299,.T.);
#13204 = ORIENTED_EDGE('',*,*,#13205,.T.);
#13205 = EDGE_CURVE('',#9300,#5118,#13206,.T.);
#13206 = SURFACE_CURVE('',#13207,(#13210,#13216),.PCURVE_S1.);
#13207 = B_SPLINE_CURVE_WITH_KNOTS('',1,(#13208,#13209),.UNSPECIFIED.,
  .F.,.F.,(2,2),(0.,1.),.PIECEWISE_BEZIER_KNOTS.);
#13208 = CARTESIAN_POINT('',(1.686523997773,0.,-2.849404162937));
#13209 = CARTESIAN_POINT('',(22.886914398664,-700.,34.975803000367));
#13210 = PCURVE('',#5133,#13211);
#13211 = DEFINITIONAL_REPRESENTATION('',(#13212),#13215);
#13212 = B_SPLINE_CURVE_WITH_KNOTS('',1,(#13213,#13214),.UNSPECIFIED.,
  .F.,.F.,(2,2),(0.,1.),.PIECEWISE_BEZIER_KNOTS.);
#13213 = CARTESIAN_POINT('',(1.245331889571E-03,0.));
#13214 = CARTESIAN_POINT('',(1.245331889571E-03,1.));
#13215 = ( GEOMETRIC_REPRESENTATION_CONTEXT(2) 
PARAMETRIC_REPRESENTATION_CONTEXT() REPRESENTATION_CONTEXT('2D SPACE',''
  ) );
#13216 = PCURVE('',#5160,#13217);
#13217 = DEFINITIONAL_REPRESENTATION('',(#13218),#13221);
#13218 = B_SPLINE_CURVE_WITH_KNOTS('',1,(#13219,#13220),.UNSPECIFIED.,
  .F.,.F.,(2,2),(0.,1.),.PIECEWISE_BEZIER_KNOTS.);
#13219 = CARTESIAN_POINT('',(0.,0.));
#13220 = CARTESIAN_POINT('',(0.,1.));
#13221 = ( GEOMETRIC_REPRESENTATION_CONTEXT(2) 
PARAMETRIC_REPRESENTATION_CONTEXT() REPRESENTATION_CONTEXT('2D SPACE',''
  ) );
#13222 = ORIENTED_EDGE('',*,*,#5117,.F.);
#13223 = ORIENTED_EDGE('',*,*,#13181,.F.);
#13224 = ADVANCED_FACE('',(#13225),#5160,.T.);
#13225 = FACE_BOUND('',#13226,.T.);
#13226 = EDGE_LOOP('',(#13227,#13228,#13246,#13247));
#13227 = ORIENTED_EDGE('',*,*,#9343,.T.);
#13228 = ORIENTED_EDGE('',*,*,#13229,.T.);
#13229 = EDGE_CURVE('',#9344,#5145,#13230,.T.);
#13230 = SURFACE_CURVE('',#13231,(#13234,#13240),.PCURVE_S1.);
#13231 = B_SPLINE_CURVE_WITH_KNOTS('',1,(#13232,#13233),.UNSPECIFIED.,
  .F.,.F.,(2,2),(0.,1.),.PIECEWISE_BEZIER_KNOTS.);
#13232 = CARTESIAN_POINT('',(2.85348711238,0.,-3.68719889554));
#13233 = CARTESIAN_POINT('',(23.587092267428,-700.,34.473126160805));
#13234 = PCURVE('',#5160,#13235);
#13235 = DEFINITIONAL_REPRESENTATION('',(#13236),#13239);
#13236 = B_SPLINE_CURVE_WITH_KNOTS('',1,(#13237,#13238),.UNSPECIFIED.,
  .F.,.F.,(2,2),(0.,1.),.PIECEWISE_BEZIER_KNOTS.);
#13237 = CARTESIAN_POINT('',(1.436559405257E-03,0.));
#13238 = CARTESIAN_POINT('',(1.436559405257E-03,1.));
#13239 = ( GEOMETRIC_REPRESENTATION_CONTEXT(2) 
PARAMETRIC_REPRESENTATION_CONTEXT() REPRESENTATION_CONTEXT('2D SPACE',''
  ) );
#13240 = PCURVE('',#5187,#13241);
#13241 = DEFINITIONAL_REPRESENTATION('',(#13242),#13245);
#13242 = B_SPLINE_CURVE_WITH_KNOTS('',1,(#13243,#13244),.UNSPECIFIED.,
  .F.,.F.,(2,2),(0.,1.),.PIECEWISE_BEZIER_KNOTS.);
#13243 = CARTESIAN_POINT('',(0.,0.));
#13244 = CARTESIAN_POINT('',(0.,1.));
#13245 = ( GEOMETRIC_REPRESENTATION_CONTEXT(2) 
PARAMETRIC_REPRESENTATION_CONTEXT() REPRESENTATION_CONTEXT('2D SPACE',''
  ) );
#13246 = ORIENTED_EDGE('',*,*,#5144,.F.);
#13247 = ORIENTED_EDGE('',*,*,#13205,.F.);
#13248 = ADVANCED_FACE('',(#13249),#5187,.T.);
#13249 = FACE_BOUND('',#13250,.T.);
#13250 = EDGE_LOOP('',(#13251,#13252,#13270,#13271));
#13251 = ORIENTED_EDGE('',*,*,#9387,.T.);
#13252 = ORIENTED_EDGE('',*,*,#13253,.T.);
#13253 = EDGE_CURVE('',#9388,#5172,#13254,.T.);
#13254 = SURFACE_CURVE('',#13255,(#13258,#13264),.PCURVE_S1.);
#13255 = B_SPLINE_CURVE_WITH_KNOTS('',1,(#13256,#13257),.UNSPECIFIED.,
  .F.,.F.,(2,2),(0.,1.),.PIECEWISE_BEZIER_KNOTS.);
#13256 = CARTESIAN_POINT('',(4.316632477556,0.,-4.467669461365));
#13257 = CARTESIAN_POINT('',(24.464979486534,-700.,34.00484382131));
#13258 = PCURVE('',#5187,#13259);
#13259 = DEFINITIONAL_REPRESENTATION('',(#13260),#13263);
#13260 = B_SPLINE_CURVE_WITH_KNOTS('',1,(#13261,#13262),.UNSPECIFIED.,
  .F.,.F.,(2,2),(0.,1.),.PIECEWISE_BEZIER_KNOTS.);
#13261 = CARTESIAN_POINT('',(1.658290886351E-03,0.));
#13262 = CARTESIAN_POINT('',(1.658290886351E-03,1.));
#13263 = ( GEOMETRIC_REPRESENTATION_CONTEXT(2) 
PARAMETRIC_REPRESENTATION_CONTEXT() REPRESENTATION_CONTEXT('2D SPACE',''
  ) );
#13264 = PCURVE('',#5214,#13265);
#13265 = DEFINITIONAL_REPRESENTATION('',(#13266),#13269);
#13266 = B_SPLINE_CURVE_WITH_KNOTS('',1,(#13267,#13268),.UNSPECIFIED.,
  .F.,.F.,(2,2),(0.,1.),.PIECEWISE_BEZIER_KNOTS.);
#13267 = CARTESIAN_POINT('',(0.,0.));
#13268 = CARTESIAN_POINT('',(0.,1.));
#13269 = ( GEOMETRIC_REPRESENTATION_CONTEXT(2) 
PARAMETRIC_REPRESENTATION_CONTEXT() REPRESENTATION_CONTEXT('2D SPACE',''
  ) );
#13270 = ORIENTED_EDGE('',*,*,#5171,.F.);
#13271 = ORIENTED_EDGE('',*,*,#13229,.F.);
#13272 = ADVANCED_FACE('',(#13273),#5214,.T.);
#13273 = FACE_BOUND('',#13274,.T.);
#13274 = EDGE_LOOP('',(#13275,#13276,#13294,#13295));
#13275 = ORIENTED_EDGE('',*,*,#9431,.T.);
#13276 = ORIENTED_EDGE('',*,*,#13277,.T.);
#13277 = EDGE_CURVE('',#9432,#5199,#13278,.T.);
#13278 = SURFACE_CURVE('',#13279,(#13282,#13288),.PCURVE_S1.);
#13279 = B_SPLINE_CURVE_WITH_KNOTS('',1,(#13280,#13281),.UNSPECIFIED.,
  .F.,.F.,(2,2),(0.,1.),.PIECEWISE_BEZIER_KNOTS.);
#13280 = CARTESIAN_POINT('',(6.071015806303,0.,-5.190017978889));
#13281 = CARTESIAN_POINT('',(25.517609483782,-700.,33.571434710795));
#13282 = PCURVE('',#5214,#13283);
#13283 = DEFINITIONAL_REPRESENTATION('',(#13284),#13287);
#13284 = B_SPLINE_CURVE_WITH_KNOTS('',1,(#13285,#13286),.UNSPECIFIED.,
  .F.,.F.,(2,2),(0.,1.),.PIECEWISE_BEZIER_KNOTS.);
#13285 = CARTESIAN_POINT('',(1.897273898243E-03,0.));
#13286 = CARTESIAN_POINT('',(1.897273898243E-03,1.));
#13287 = ( GEOMETRIC_REPRESENTATION_CONTEXT(2) 
PARAMETRIC_REPRESENTATION_CONTEXT() REPRESENTATION_CONTEXT('2D SPACE',''
  ) );
#13288 = PCURVE('',#5241,#13289);
#13289 = DEFINITIONAL_REPRESENTATION('',(#13290),#13293);
#13290 = B_SPLINE_CURVE_WITH_KNOTS('',1,(#13291,#13292),.UNSPECIFIED.,
  .F.,.F.,(2,2),(0.,1.),.PIECEWISE_BEZIER_KNOTS.);
#13291 = CARTESIAN_POINT('',(0.,0.));
#13292 = CARTESIAN_POINT('',(0.,1.));
#13293 = ( GEOMETRIC_REPRESENTATION_CONTEXT(2) 
PARAMETRIC_REPRESENTATION_CONTEXT() REPRESENTATION_CONTEXT('2D SPACE',''
  ) );
#13294 = ORIENTED_EDGE('',*,*,#5198,.F.);
#13295 = ORIENTED_EDGE('',*,*,#13253,.F.);
#13296 = ADVANCED_FACE('',(#13297),#5241,.T.);
#13297 = FACE_BOUND('',#13298,.T.);
#13298 = EDGE_LOOP('',(#13299,#13300,#13318,#13319));
#13299 = ORIENTED_EDGE('',*,*,#9475,.T.);
#13300 = ORIENTED_EDGE('',*,*,#13301,.T.);
#13301 = EDGE_CURVE('',#9476,#5226,#13302,.T.);
#13302 = SURFACE_CURVE('',#13303,(#13306,#13312),.PCURVE_S1.);
#13303 = B_SPLINE_CURVE_WITH_KNOTS('',1,(#13304,#13305),.UNSPECIFIED.,
  .F.,.F.,(2,2),(0.,1.),.PIECEWISE_BEZIER_KNOTS.);
#13304 = CARTESIAN_POINT('',(8.110924143117,0.,-5.853502097944));
#13305 = CARTESIAN_POINT('',(26.74155448587,-700.,33.173344239363));
#13306 = PCURVE('',#5241,#13307);
#13307 = DEFINITIONAL_REPRESENTATION('',(#13308),#13311);
#13308 = B_SPLINE_CURVE_WITH_KNOTS('',1,(#13309,#13310),.UNSPECIFIED.,
  .F.,.F.,(2,2),(0.,1.),.PIECEWISE_BEZIER_KNOTS.);
#13309 = CARTESIAN_POINT('',(2.145096081494E-03,0.));
#13310 = CARTESIAN_POINT('',(2.145096081494E-03,1.));
#13311 = ( GEOMETRIC_REPRESENTATION_CONTEXT(2) 
PARAMETRIC_REPRESENTATION_CONTEXT() REPRESENTATION_CONTEXT('2D SPACE',''
  ) );
#13312 = PCURVE('',#5268,#13313);
#13313 = DEFINITIONAL_REPRESENTATION('',(#13314),#13317);
#13314 = B_SPLINE_CURVE_WITH_KNOTS('',1,(#13315,#13316),.UNSPECIFIED.,
  .F.,.F.,(2,2),(0.,1.),.PIECEWISE_BEZIER_KNOTS.);
#13315 = CARTESIAN_POINT('',(0.,0.));
#13316 = CARTESIAN_POINT('',(0.,1.));
#13317 = ( GEOMETRIC_REPRESENTATION_CONTEXT(2) 
PARAMETRIC_REPRESENTATION_CONTEXT() REPRESENTATION_CONTEXT('2D SPACE',''
  ) );
#13318 = ORIENTED_EDGE('',*,*,#5225,.F.);
#13319 = ORIENTED_EDGE('',*,*,#13277,.F.);
#13320 = ADVANCED_FACE('',(#13321),#5268,.T.);
#13321 = FACE_BOUND('',#13322,.T.);
#13322 = EDGE_LOOP('',(#13323,#13324,#13342,#13343));
#13323 = ORIENTED_EDGE('',*,*,#9519,.T.);
#13324 = ORIENTED_EDGE('',*,*,#13325,.T.);
#13325 = EDGE_CURVE('',#9520,#5253,#13326,.T.);
#13326 = SURFACE_CURVE('',#13327,(#13330,#13336),.PCURVE_S1.);
#13327 = B_SPLINE_CURVE_WITH_KNOTS('',1,(#13328,#13329),.UNSPECIFIED.,
  .F.,.F.,(2,2),(0.,1.),.PIECEWISE_BEZIER_KNOTS.);
#13328 = CARTESIAN_POINT('',(10.429911236154,0.,-6.457486392378));
#13329 = CARTESIAN_POINT('',(28.132946741692,-700.,32.810953662702));
#13330 = PCURVE('',#5268,#13331);
#13331 = DEFINITIONAL_REPRESENTATION('',(#13332),#13335);
#13332 = B_SPLINE_CURVE_WITH_KNOTS('',1,(#13333,#13334),.UNSPECIFIED.,
  .F.,.F.,(2,2),(0.,1.),.PIECEWISE_BEZIER_KNOTS.);
#13333 = CARTESIAN_POINT('',(2.396351010515E-03,0.));
#13334 = CARTESIAN_POINT('',(2.396351010515E-03,1.));
#13335 = ( GEOMETRIC_REPRESENTATION_CONTEXT(2) 
PARAMETRIC_REPRESENTATION_CONTEXT() REPRESENTATION_CONTEXT('2D SPACE',''
  ) );
#13336 = PCURVE('',#5295,#13337);
#13337 = DEFINITIONAL_REPRESENTATION('',(#13338),#13341);
#13338 = B_SPLINE_CURVE_WITH_KNOTS('',1,(#13339,#13340),.UNSPECIFIED.,
  .F.,.F.,(2,2),(0.,1.),.PIECEWISE_BEZIER_KNOTS.);
#13339 = CARTESIAN_POINT('',(0.,0.));
#13340 = CARTESIAN_POINT('',(0.,1.));
#13341 = ( GEOMETRIC_REPRESENTATION_CONTEXT(2) 
PARAMETRIC_REPRESENTATION_CONTEXT() REPRESENTATION_CONTEXT('2D SPACE',''
  ) );
#13342 = ORIENTED_EDGE('',*,*,#5252,.F.);
#13343 = ORIENTED_EDGE('',*,*,#13301,.F.);
#13344 = ADVANCED_FACE('',(#13345),#5295,.T.);
#13345 = FACE_BOUND('',#13346,.T.);
#13346 = EDGE_LOOP('',(#13347,#13348,#13366,#13367));
#13347 = ORIENTED_EDGE('',*,*,#9563,.T.);
#13348 = ORIENTED_EDGE('',*,*,#13349,.T.);
#13349 = EDGE_CURVE('',#9564,#5280,#13350,.T.);
#13350 = SURFACE_CURVE('',#13351,(#13354,#13360),.PCURVE_S1.);
#13351 = B_SPLINE_CURVE_WITH_KNOTS('',1,(#13352,#13353),.UNSPECIFIED.,
  .F.,.F.,(2,2),(0.,1.),.PIECEWISE_BEZIER_KNOTS.);
#13352 = CARTESIAN_POINT('',(13.020835168449,0.,-7.001497806294));
#13353 = CARTESIAN_POINT('',(29.687501101069,-700.,32.484546814352));
#13354 = PCURVE('',#5295,#13355);
#13355 = DEFINITIONAL_REPRESENTATION('',(#13356),#13359);
#13356 = B_SPLINE_CURVE_WITH_KNOTS('',1,(#13357,#13358),.UNSPECIFIED.,
  .F.,.F.,(2,2),(0.,1.),.PIECEWISE_BEZIER_KNOTS.);
#13357 = CARTESIAN_POINT('',(2.647420488213E-03,0.));
#13358 = CARTESIAN_POINT('',(2.647420488213E-03,1.));
#13359 = ( GEOMETRIC_REPRESENTATION_CONTEXT(2) 
PARAMETRIC_REPRESENTATION_CONTEXT() REPRESENTATION_CONTEXT('2D SPACE',''
  ) );
#13360 = PCURVE('',#5322,#13361);
#13361 = DEFINITIONAL_REPRESENTATION('',(#13362),#13365);
#13362 = B_SPLINE_CURVE_WITH_KNOTS('',1,(#13363,#13364),.UNSPECIFIED.,
  .F.,.F.,(2,2),(0.,1.),.PIECEWISE_BEZIER_KNOTS.);
#13363 = CARTESIAN_POINT('',(0.,0.));
#13364 = CARTESIAN_POINT('',(0.,1.));
#13365 = ( GEOMETRIC_REPRESENTATION_CONTEXT(2) 
PARAMETRIC_REPRESENTATION_CONTEXT() REPRESENTATION_CONTEXT('2D SPACE',''
  ) );
#13366 = ORIENTED_EDGE('',*,*,#5279,.F.);
#13367 = ORIENTED_EDGE('',*,*,#13325,.F.);
#13368 = ADVANCED_FACE('',(#13369),#5322,.T.);
#13369 = FACE_BOUND('',#13370,.T.);
#13370 = EDGE_LOOP('',(#13371,#13372,#13390,#13391));
#13371 = ORIENTED_EDGE('',*,*,#9607,.T.);
#13372 = ORIENTED_EDGE('',*,*,#13373,.T.);
#13373 = EDGE_CURVE('',#9608,#5307,#13374,.T.);
#13374 = SURFACE_CURVE('',#13375,(#13378,#13384),.PCURVE_S1.);
#13375 = B_SPLINE_CURVE_WITH_KNOTS('',1,(#13376,#13377),.UNSPECIFIED.,
  .F.,.F.,(2,2),(0.,1.),.PIECEWISE_BEZIER_KNOTS.);
#13376 = CARTESIAN_POINT('',(15.875897109022,0.,-7.485282688957));
#13377 = CARTESIAN_POINT('',(31.400538265413,-700.,32.194275884755));
#13378 = PCURVE('',#5322,#13379);
#13379 = DEFINITIONAL_REPRESENTATION('',(#13380),#13383);
#13380 = B_SPLINE_CURVE_WITH_KNOTS('',1,(#13381,#13382),.UNSPECIFIED.,
  .F.,.F.,(2,2),(0.,1.),.PIECEWISE_BEZIER_KNOTS.);
#13381 = CARTESIAN_POINT('',(2.895760089718E-03,0.));
#13382 = CARTESIAN_POINT('',(2.895760089718E-03,1.));
#13383 = ( GEOMETRIC_REPRESENTATION_CONTEXT(2) 
PARAMETRIC_REPRESENTATION_CONTEXT() REPRESENTATION_CONTEXT('2D SPACE',''
  ) );
#13384 = PCURVE('',#5349,#13385);
#13385 = DEFINITIONAL_REPRESENTATION('',(#13386),#13389);
#13386 = B_SPLINE_CURVE_WITH_KNOTS('',1,(#13387,#13388),.UNSPECIFIED.,
  .F.,.F.,(2,2),(0.,1.),.PIECEWISE_BEZIER_KNOTS.);
#13387 = CARTESIAN_POINT('',(0.,0.));
#13388 = CARTESIAN_POINT('',(0.,1.));
#13389 = ( GEOMETRIC_REPRESENTATION_CONTEXT(2) 
PARAMETRIC_REPRESENTATION_CONTEXT() REPRESENTATION_CONTEXT('2D SPACE',''
  ) );
#13390 = ORIENTED_EDGE('',*,*,#5306,.F.);
#13391 = ORIENTED_EDGE('',*,*,#13349,.F.);
#13392 = ADVANCED_FACE('',(#13393),#5349,.T.);
#13393 = FACE_BOUND('',#13394,.T.);
#13394 = EDGE_LOOP('',(#13395,#13396,#13414,#13415));
#13395 = ORIENTED_EDGE('',*,*,#9651,.T.);
#13396 = ORIENTED_EDGE('',*,*,#13397,.T.);
#13397 = EDGE_CURVE('',#9652,#5334,#13398,.T.);
#13398 = SURFACE_CURVE('',#13399,(#13402,#13408),.PCURVE_S1.);
#13399 = B_SPLINE_CURVE_WITH_KNOTS('',1,(#13400,#13401),.UNSPECIFIED.,
  .F.,.F.,(2,2),(0.,1.),.PIECEWISE_BEZIER_KNOTS.);
#13400 = CARTESIAN_POINT('',(18.986680064464,0.,-7.908862854368));
#13401 = CARTESIAN_POINT('',(33.267008038679,-700.,31.940127785508));
#13402 = PCURVE('',#5349,#13403);
#13403 = DEFINITIONAL_REPRESENTATION('',(#13404),#13407);
#13404 = B_SPLINE_CURVE_WITH_KNOTS('',1,(#13405,#13406),.UNSPECIFIED.,
  .F.,.F.,(2,2),(0.,1.),.PIECEWISE_BEZIER_KNOTS.);
#13405 = CARTESIAN_POINT('',(3.139488931722E-03,0.));
#13406 = CARTESIAN_POINT('',(3.139488931722E-03,1.));
#13407 = ( GEOMETRIC_REPRESENTATION_CONTEXT(2) 
PARAMETRIC_REPRESENTATION_CONTEXT() REPRESENTATION_CONTEXT('2D SPACE',''
  ) );
#13408 = PCURVE('',#5376,#13409);
#13409 = DEFINITIONAL_REPRESENTATION('',(#13410),#13413);
#13410 = B_SPLINE_CURVE_WITH_KNOTS('',1,(#13411,#13412),.UNSPECIFIED.,
  .F.,.F.,(2,2),(0.,1.),.PIECEWISE_BEZIER_KNOTS.);
#13411 = CARTESIAN_POINT('',(0.,0.));
#13412 = CARTESIAN_POINT('',(0.,1.));
#13413 = ( GEOMETRIC_REPRESENTATION_CONTEXT(2) 
PARAMETRIC_REPRESENTATION_CONTEXT() REPRESENTATION_CONTEXT('2D SPACE',''
  ) );
#13414 = ORIENTED_EDGE('',*,*,#5333,.F.);
#13415 = ORIENTED_EDGE('',*,*,#13373,.F.);
#13416 = ADVANCED_FACE('',(#13417),#5376,.T.);
#13417 = FACE_BOUND('',#13418,.T.);
#13418 = EDGE_LOOP('',(#13419,#13420,#13438,#13439));
#13419 = ORIENTED_EDGE('',*,*,#9695,.T.);
#13420 = ORIENTED_EDGE('',*,*,#13421,.T.);
#13421 = EDGE_CURVE('',#9696,#5361,#13422,.T.);
#13422 = SURFACE_CURVE('',#13423,(#13426,#13432),.PCURVE_S1.);
#13423 = B_SPLINE_CURVE_WITH_KNOTS('',1,(#13424,#13425),.UNSPECIFIED.,
  .F.,.F.,(2,2),(0.,1.),.PIECEWISE_BEZIER_KNOTS.);
#13424 = CARTESIAN_POINT('',(22.344186590734,0.,-8.27258810444));
#13425 = CARTESIAN_POINT('',(35.281511954441,-700.,31.721892635465));
#13426 = PCURVE('',#5376,#13427);
#13427 = DEFINITIONAL_REPRESENTATION('',(#13428),#13431);
#13428 = B_SPLINE_CURVE_WITH_KNOTS('',1,(#13429,#13430),.UNSPECIFIED.,
  .F.,.F.,(2,2),(0.,1.),.PIECEWISE_BEZIER_KNOTS.);
#13429 = CARTESIAN_POINT('',(3.377150593546E-03,0.));
#13430 = CARTESIAN_POINT('',(3.377150593546E-03,1.));
#13431 = ( GEOMETRIC_REPRESENTATION_CONTEXT(2) 
PARAMETRIC_REPRESENTATION_CONTEXT() REPRESENTATION_CONTEXT('2D SPACE',''
  ) );
#13432 = PCURVE('',#5403,#13433);
#13433 = DEFINITIONAL_REPRESENTATION('',(#13434),#13437);
#13434 = B_SPLINE_CURVE_WITH_KNOTS('',1,(#13435,#13436),.UNSPECIFIED.,
  .F.,.F.,(2,2),(0.,1.),.PIECEWISE_BEZIER_KNOTS.);
#13435 = CARTESIAN_POINT('',(0.,0.));
#13436 = CARTESIAN_POINT('',(0.,1.));
#13437 = ( GEOMETRIC_REPRESENTATION_CONTEXT(2) 
PARAMETRIC_REPRESENTATION_CONTEXT() REPRESENTATION_CONTEXT('2D SPACE',''
  ) );
#13438 = ORIENTED_EDGE('',*,*,#5360,.F.);
#13439 = ORIENTED_EDGE('',*,*,#13397,.F.);
#13440 = ADVANCED_FACE('',(#13441),#5403,.T.);
#13441 = FACE_BOUND('',#13442,.T.);
#13442 = EDGE_LOOP('',(#13443,#13444,#13462,#13463));
#13443 = ORIENTED_EDGE('',*,*,#9739,.T.);
#13444 = ORIENTED_EDGE('',*,*,#13445,.T.);
#13445 = EDGE_CURVE('',#9740,#5388,#13446,.T.);
#13446 = SURFACE_CURVE('',#13447,(#13450,#13456),.PCURVE_S1.);
#13447 = B_SPLINE_CURVE_WITH_KNOTS('',1,(#13448,#13449),.UNSPECIFIED.,
  .F.,.F.,(2,2),(0.,1.),.PIECEWISE_BEZIER_KNOTS.);
#13448 = CARTESIAN_POINT('',(25.938874558264,0.,-8.577182760277));
#13449 = CARTESIAN_POINT('',(37.438324734958,-700.,31.539135841962));
#13450 = PCURVE('',#5403,#13451);
#13451 = DEFINITIONAL_REPRESENTATION('',(#13452),#13455);
#13452 = B_SPLINE_CURVE_WITH_KNOTS('',1,(#13453,#13454),.UNSPECIFIED.,
  .F.,.F.,(2,2),(0.,1.),.PIECEWISE_BEZIER_KNOTS.);
#13453 = CARTESIAN_POINT('',(3.607569748219E-03,0.));
#13454 = CARTESIAN_POINT('',(3.607569748219E-03,1.));
#13455 = ( GEOMETRIC_REPRESENTATION_CONTEXT(2) 
PARAMETRIC_REPRESENTATION_CONTEXT() REPRESENTATION_CONTEXT('2D SPACE',''
  ) );
#13456 = PCURVE('',#5430,#13457);
#13457 = DEFINITIONAL_REPRESENTATION('',(#13458),#13461);
#13458 = B_SPLINE_CURVE_WITH_KNOTS('',1,(#13459,#13460),.UNSPECIFIED.,
  .F.,.F.,(2,2),(0.,1.),.PIECEWISE_BEZIER_KNOTS.);
#13459 = CARTESIAN_POINT('',(0.,0.));
#13460 = CARTESIAN_POINT('',(0.,1.));
#13461 = ( GEOMETRIC_REPRESENTATION_CONTEXT(2) 
PARAMETRIC_REPRESENTATION_CONTEXT() REPRESENTATION_CONTEXT('2D SPACE',''
  ) );
#13462 = ORIENTED_EDGE('',*,*,#5387,.F.);
#13463 = ORIENTED_EDGE('',*,*,#13421,.F.);
#13464 = ADVANCED_FACE('',(#13465),#5430,.T.);
#13465 = FACE_BOUND('',#13466,.T.);
#13466 = EDGE_LOOP('',(#13467,#13468,#13486,#13487));
#13467 = ORIENTED_EDGE('',*,*,#9783,.T.);
#13468 = ORIENTED_EDGE('',*,*,#13469,.T.);
#13469 = EDGE_CURVE('',#9784,#5415,#13470,.T.);
#13470 = SURFACE_CURVE('',#13471,(#13474,#13480),.PCURVE_S1.);
#13471 = B_SPLINE_CURVE_WITH_KNOTS('',1,(#13472,#13473),.UNSPECIFIED.,
  .F.,.F.,(2,2),(0.,1.),.PIECEWISE_BEZIER_KNOTS.);
#13472 = CARTESIAN_POINT('',(29.760690242794,0.,-8.823783950771));
#13473 = CARTESIAN_POINT('',(39.731414145676,-700.,31.391175127666));
#13474 = PCURVE('',#5430,#13475);
#13475 = DEFINITIONAL_REPRESENTATION('',(#13476),#13479);
#13476 = B_SPLINE_CURVE_WITH_KNOTS('',1,(#13477,#13478),.UNSPECIFIED.,
  .F.,.F.,(2,2),(0.,1.),.PIECEWISE_BEZIER_KNOTS.);
#13477 = CARTESIAN_POINT('',(3.829763344343E-03,0.));
#13478 = CARTESIAN_POINT('',(3.829763344343E-03,1.));
#13479 = ( GEOMETRIC_REPRESENTATION_CONTEXT(2) 
PARAMETRIC_REPRESENTATION_CONTEXT() REPRESENTATION_CONTEXT('2D SPACE',''
  ) );
#13480 = PCURVE('',#5457,#13481);
#13481 = DEFINITIONAL_REPRESENTATION('',(#13482),#13485);
#13482 = B_SPLINE_CURVE_WITH_KNOTS('',1,(#13483,#13484),.UNSPECIFIED.,
  .F.,.F.,(2,2),(0.,1.),.PIECEWISE_BEZIER_KNOTS.);
#13483 = CARTESIAN_POINT('',(0.,0.));
#13484 = CARTESIAN_POINT('',(0.,1.));
#13485 = ( GEOMETRIC_REPRESENTATION_CONTEXT(2) 
PARAMETRIC_REPRESENTATION_CONTEXT() REPRESENTATION_CONTEXT('2D SPACE',''
  ) );
#13486 = ORIENTED_EDGE('',*,*,#5414,.F.);
#13487 = ORIENTED_EDGE('',*,*,#13445,.F.);
#13488 = ADVANCED_FACE('',(#13489),#5457,.T.);
#13489 = FACE_BOUND('',#13490,.T.);
#13490 = EDGE_LOOP('',(#13491,#13492,#13510,#13511));
#13491 = ORIENTED_EDGE('',*,*,#9827,.T.);
#13492 = ORIENTED_EDGE('',*,*,#13493,.T.);
#13493 = EDGE_CURVE('',#9828,#5442,#13494,.T.);
#13494 = SURFACE_CURVE('',#13495,(#13498,#13504),.PCURVE_S1.);
#13495 = B_SPLINE_CURVE_WITH_KNOTS('',1,(#13496,#13497),.UNSPECIFIED.,
  .F.,.F.,(2,2),(0.,1.),.PIECEWISE_BEZIER_KNOTS.);
#13496 = CARTESIAN_POINT('',(33.799098228672,0.,-9.013969704136));
#13497 = CARTESIAN_POINT('',(42.154458937203,-700.,31.277063675647));
#13498 = PCURVE('',#5457,#13499);
#13499 = DEFINITIONAL_REPRESENTATION('',(#13500),#13503);
#13500 = B_SPLINE_CURVE_WITH_KNOTS('',1,(#13501,#13502),.UNSPECIFIED.,
  .F.,.F.,(2,2),(0.,1.),.PIECEWISE_BEZIER_KNOTS.);
#13501 = CARTESIAN_POINT('',(4.042883832265E-03,0.));
#13502 = CARTESIAN_POINT('',(4.042883832265E-03,1.));
#13503 = ( GEOMETRIC_REPRESENTATION_CONTEXT(2) 
PARAMETRIC_REPRESENTATION_CONTEXT() REPRESENTATION_CONTEXT('2D SPACE',''
  ) );
#13504 = PCURVE('',#5484,#13505);
#13505 = DEFINITIONAL_REPRESENTATION('',(#13506),#13509);
#13506 = B_SPLINE_CURVE_WITH_KNOTS('',1,(#13507,#13508),.UNSPECIFIED.,
  .F.,.F.,(2,2),(0.,1.),.PIECEWISE_BEZIER_KNOTS.);
#13507 = CARTESIAN_POINT('',(0.,0.));
#13508 = CARTESIAN_POINT('',(0.,1.));
#13509 = ( GEOMETRIC_REPRESENTATION_CONTEXT(2) 
PARAMETRIC_REPRESENTATION_CONTEXT() REPRESENTATION_CONTEXT('2D SPACE',''
  ) );
#13510 = ORIENTED_EDGE('',*,*,#5441,.F.);
#13511 = ORIENTED_EDGE('',*,*,#13469,.F.);
#13512 = ADVANCED_FACE('',(#13513),#5484,.T.);
#13513 = FACE_BOUND('',#13514,.T.);
#13514 = EDGE_LOOP('',(#13515,#13516,#13534,#13535));
#13515 = ORIENTED_EDGE('',*,*,#9871,.T.);
#13516 = ORIENTED_EDGE('',*,*,#13517,.T.);
#13517 = EDGE_CURVE('',#9872,#5469,#13518,.T.);
#13518 = SURFACE_CURVE('',#13519,(#13522,#13528),.PCURVE_S1.);
#13519 = B_SPLINE_CURVE_WITH_KNOTS('',1,(#13520,#13521),.UNSPECIFIED.,
  .F.,.F.,(2,2),(0.,1.),.PIECEWISE_BEZIER_KNOTS.);
#13520 = CARTESIAN_POINT('',(38.043107847798,0.,-9.149775264884));
#13521 = CARTESIAN_POINT('',(44.700864708679,-700.,31.195580339198));
#13522 = PCURVE('',#5484,#13523);
#13523 = DEFINITIONAL_REPRESENTATION('',(#13524),#13527);
#13524 = B_SPLINE_CURVE_WITH_KNOTS('',1,(#13525,#13526),.UNSPECIFIED.,
  .F.,.F.,(2,2),(0.,1.),.PIECEWISE_BEZIER_KNOTS.);
#13525 = CARTESIAN_POINT('',(4.246181908205E-03,0.));
#13526 = CARTESIAN_POINT('',(4.246181908205E-03,1.));
#13527 = ( GEOMETRIC_REPRESENTATION_CONTEXT(2) 
PARAMETRIC_REPRESENTATION_CONTEXT() REPRESENTATION_CONTEXT('2D SPACE',''
  ) );
#13528 = PCURVE('',#5511,#13529);
#13529 = DEFINITIONAL_REPRESENTATION('',(#13530),#13533);
#13530 = B_SPLINE_CURVE_WITH_KNOTS('',1,(#13531,#13532),.UNSPECIFIED.,
  .F.,.F.,(2,2),(0.,1.),.PIECEWISE_BEZIER_KNOTS.);
#13531 = CARTESIAN_POINT('',(0.,0.));
#13532 = CARTESIAN_POINT('',(0.,1.));
#13533 = ( GEOMETRIC_REPRESENTATION_CONTEXT(2) 
PARAMETRIC_REPRESENTATION_CONTEXT() REPRESENTATION_CONTEXT('2D SPACE',''
  ) );
#13534 = ORIENTED_EDGE('',*,*,#5468,.F.);
#13535 = ORIENTED_EDGE('',*,*,#13493,.F.);
#13536 = ADVANCED_FACE('',(#13537),#5511,.T.);
#13537 = FACE_BOUND('',#13538,.T.);
#13538 = EDGE_LOOP('',(#13539,#13540,#13558,#13559));
#13539 = ORIENTED_EDGE('',*,*,#9915,.T.);
#13540 = ORIENTED_EDGE('',*,*,#13541,.T.);
#13541 = EDGE_CURVE('',#9916,#5496,#13542,.T.);
#13542 = SURFACE_CURVE('',#13543,(#13546,#13552),.PCURVE_S1.);
#13543 = B_SPLINE_CURVE_WITH_KNOTS('',1,(#13544,#13545),.UNSPECIFIED.,
  .F.,.F.,(2,2),(0.,1.),.PIECEWISE_BEZIER_KNOTS.);
#13544 = CARTESIAN_POINT('',(42.481296121958,0.,-9.233696501539));
#13545 = CARTESIAN_POINT('',(47.363777673175,-700.,31.145227597206));
#13546 = PCURVE('',#5511,#13547);
#13547 = DEFINITIONAL_REPRESENTATION('',(#13548),#13551);
#13548 = B_SPLINE_CURVE_WITH_KNOTS('',1,(#13549,#13550),.UNSPECIFIED.,
  .F.,.F.,(2,2),(0.,1.),.PIECEWISE_BEZIER_KNOTS.);
#13549 = CARTESIAN_POINT('',(4.438981632183E-03,0.));
#13550 = CARTESIAN_POINT('',(4.438981632183E-03,1.));
#13551 = ( GEOMETRIC_REPRESENTATION_CONTEXT(2) 
PARAMETRIC_REPRESENTATION_CONTEXT() REPRESENTATION_CONTEXT('2D SPACE',''
  ) );
#13552 = PCURVE('',#5538,#13553);
#13553 = DEFINITIONAL_REPRESENTATION('',(#13554),#13557);
#13554 = B_SPLINE_CURVE_WITH_KNOTS('',1,(#13555,#13556),.UNSPECIFIED.,
  .F.,.F.,(2,2),(0.,1.),.PIECEWISE_BEZIER_KNOTS.);
#13555 = CARTESIAN_POINT('',(0.,0.));
#13556 = CARTESIAN_POINT('',(0.,1.));
#13557 = ( GEOMETRIC_REPRESENTATION_CONTEXT(2) 
PARAMETRIC_REPRESENTATION_CONTEXT() REPRESENTATION_CONTEXT('2D SPACE',''
  ) );
#13558 = ORIENTED_EDGE('',*,*,#5495,.F.);
#13559 = ORIENTED_EDGE('',*,*,#13517,.F.);
#13560 = ADVANCED_FACE('',(#13561),#5538,.T.);
#13561 = FACE_BOUND('',#13562,.T.);
#13562 = EDGE_LOOP('',(#13563,#13564,#13582,#13583));
#13563 = ORIENTED_EDGE('',*,*,#9959,.T.);
#13564 = ORIENTED_EDGE('',*,*,#13565,.T.);
#13565 = EDGE_CURVE('',#9960,#5523,#13566,.T.);
#13566 = SURFACE_CURVE('',#13567,(#13570,#13576),.PCURVE_S1.);
#13567 = B_SPLINE_CURVE_WITH_KNOTS('',1,(#13568,#13569),.UNSPECIFIED.,
  .F.,.F.,(2,2),(0.,1.),.PIECEWISE_BEZIER_KNOTS.);
#13568 = CARTESIAN_POINT('',(47.101827414624,0.,-9.268679761603));
#13569 = CARTESIAN_POINT('',(50.136096448774,-700.,31.124237641167));
#13570 = PCURVE('',#5538,#13571);
#13571 = DEFINITIONAL_REPRESENTATION('',(#13572),#13575);
#13572 = B_SPLINE_CURVE_WITH_KNOTS('',1,(#13573,#13574),.UNSPECIFIED.,
  .F.,.F.,(2,2),(0.,1.),.PIECEWISE_BEZIER_KNOTS.);
#13573 = CARTESIAN_POINT('',(4.620663724508E-03,0.));
#13574 = CARTESIAN_POINT('',(4.620663724508E-03,1.));
#13575 = ( GEOMETRIC_REPRESENTATION_CONTEXT(2) 
PARAMETRIC_REPRESENTATION_CONTEXT() REPRESENTATION_CONTEXT('2D SPACE',''
  ) );
#13576 = PCURVE('',#5565,#13577);
#13577 = DEFINITIONAL_REPRESENTATION('',(#13578),#13581);
#13578 = B_SPLINE_CURVE_WITH_KNOTS('',1,(#13579,#13580),.UNSPECIFIED.,
  .F.,.F.,(2,2),(0.,1.),.PIECEWISE_BEZIER_KNOTS.);
#13579 = CARTESIAN_POINT('',(0.,0.));
#13580 = CARTESIAN_POINT('',(0.,1.));
#13581 = ( GEOMETRIC_REPRESENTATION_CONTEXT(2) 
PARAMETRIC_REPRESENTATION_CONTEXT() REPRESENTATION_CONTEXT('2D SPACE',''
  ) );
#13582 = ORIENTED_EDGE('',*,*,#5522,.F.);
#13583 = ORIENTED_EDGE('',*,*,#13541,.F.);
#13584 = ADVANCED_FACE('',(#13585),#5565,.T.);
#13585 = FACE_BOUND('',#13586,.T.);
#13586 = EDGE_LOOP('',(#13587,#13588,#13606,#13607));
#13587 = ORIENTED_EDGE('',*,*,#10003,.T.);
#13588 = ORIENTED_EDGE('',*,*,#13589,.T.);
#13589 = EDGE_CURVE('',#10004,#5550,#13590,.T.);
#13590 = SURFACE_CURVE('',#13591,(#13594,#13600),.PCURVE_S1.);
#13591 = B_SPLINE_CURVE_WITH_KNOTS('',1,(#13592,#13593),.UNSPECIFIED.,
  .F.,.F.,(2,2),(0.,1.),.PIECEWISE_BEZIER_KNOTS.);
#13592 = CARTESIAN_POINT('',(51.892470216705,0.,-9.258098050288));
#13593 = CARTESIAN_POINT('',(53.010482130023,-700.,31.130586667956));
#13594 = PCURVE('',#5565,#13595);
#13595 = DEFINITIONAL_REPRESENTATION('',(#13596),#13599);
#13596 = B_SPLINE_CURVE_WITH_KNOTS('',1,(#13597,#13598),.UNSPECIFIED.,
  .F.,.F.,(2,2),(0.,1.),.PIECEWISE_BEZIER_KNOTS.);
#13597 = CARTESIAN_POINT('',(4.790654488663E-03,0.));
#13598 = CARTESIAN_POINT('',(4.790654488663E-03,1.));
#13599 = ( GEOMETRIC_REPRESENTATION_CONTEXT(2) 
PARAMETRIC_REPRESENTATION_CONTEXT() REPRESENTATION_CONTEXT('2D SPACE',''
  ) );
#13600 = PCURVE('',#5592,#13601);
#13601 = DEFINITIONAL_REPRESENTATION('',(#13602),#13605);
#13602 = B_SPLINE_CURVE_WITH_KNOTS('',1,(#13603,#13604),.UNSPECIFIED.,
  .F.,.F.,(2,2),(0.,1.),.PIECEWISE_BEZIER_KNOTS.);
#13603 = CARTESIAN_POINT('',(0.,0.));
#13604 = CARTESIAN_POINT('',(0.,1.));
#13605 = ( GEOMETRIC_REPRESENTATION_CONTEXT(2) 
PARAMETRIC_REPRESENTATION_CONTEXT() REPRESENTATION_CONTEXT('2D SPACE',''
  ) );
#13606 = ORIENTED_EDGE('',*,*,#5549,.F.);
#13607 = ORIENTED_EDGE('',*,*,#13565,.F.);
#13608 = ADVANCED_FACE('',(#13609),#5592,.T.);
#13609 = FACE_BOUND('',#13610,.T.);
#13610 = EDGE_LOOP('',(#13611,#13612,#13630,#13631));
#13611 = ORIENTED_EDGE('',*,*,#10047,.T.);
#13612 = ORIENTED_EDGE('',*,*,#13613,.T.);
#13613 = EDGE_CURVE('',#10048,#5577,#13614,.T.);
#13614 = SURFACE_CURVE('',#13615,(#13618,#13624),.PCURVE_S1.);
#13615 = B_SPLINE_CURVE_WITH_KNOTS('',1,(#13616,#13617),.UNSPECIFIED.,
  .F.,.F.,(2,2),(0.,1.),.PIECEWISE_BEZIER_KNOTS.);
#13616 = CARTESIAN_POINT('',(56.840611676981,0.,-9.205713937065));
#13617 = CARTESIAN_POINT('',(55.979367006188,-700.,31.16201713589));
#13618 = PCURVE('',#5592,#13619);
#13619 = DEFINITIONAL_REPRESENTATION('',(#13620),#13623);
#13620 = B_SPLINE_CURVE_WITH_KNOTS('',1,(#13621,#13622),.UNSPECIFIED.,
  .F.,.F.,(2,2),(0.,1.),.PIECEWISE_BEZIER_KNOTS.);
#13621 = CARTESIAN_POINT('',(4.948418737963E-03,0.));
#13622 = CARTESIAN_POINT('',(4.948418737963E-03,1.));
#13623 = ( GEOMETRIC_REPRESENTATION_CONTEXT(2) 
PARAMETRIC_REPRESENTATION_CONTEXT() REPRESENTATION_CONTEXT('2D SPACE',''
  ) );
#13624 = PCURVE('',#5619,#13625);
#13625 = DEFINITIONAL_REPRESENTATION('',(#13626),#13629);
#13626 = B_SPLINE_CURVE_WITH_KNOTS('',1,(#13627,#13628),.UNSPECIFIED.,
  .F.,.F.,(2,2),(0.,1.),.PIECEWISE_BEZIER_KNOTS.);
#13627 = CARTESIAN_POINT('',(0.,0.));
#13628 = CARTESIAN_POINT('',(0.,1.));
#13629 = ( GEOMETRIC_REPRESENTATION_CONTEXT(2) 
PARAMETRIC_REPRESENTATION_CONTEXT() REPRESENTATION_CONTEXT('2D SPACE',''
  ) );
#13630 = ORIENTED_EDGE('',*,*,#5576,.F.);
#13631 = ORIENTED_EDGE('',*,*,#13589,.F.);
#13632 = ADVANCED_FACE('',(#13633),#5619,.T.);
#13633 = FACE_BOUND('',#13634,.T.);
#13634 = EDGE_LOOP('',(#13635,#13636,#13654,#13655));
#13635 = ORIENTED_EDGE('',*,*,#10091,.T.);
#13636 = ORIENTED_EDGE('',*,*,#13637,.T.);
#13637 = EDGE_CURVE('',#10092,#5604,#13638,.T.);
#13638 = SURFACE_CURVE('',#13639,(#13642,#13648),.PCURVE_S1.);
#13639 = B_SPLINE_CURVE_WITH_KNOTS('',1,(#13640,#13641),.UNSPECIFIED.,
  .F.,.F.,(2,2),(0.,1.),.PIECEWISE_BEZIER_KNOTS.);
#13640 = CARTESIAN_POINT('',(61.933270631956,0.,-9.115630107637));
#13641 = CARTESIAN_POINT('',(59.034962379173,-700.,31.216067433547));
#13642 = PCURVE('',#5619,#13643);
#13643 = DEFINITIONAL_REPRESENTATION('',(#13644),#13647);
#13644 = B_SPLINE_CURVE_WITH_KNOTS('',1,(#13645,#13646),.UNSPECIFIED.,
  .F.,.F.,(2,2),(0.,1.),.PIECEWISE_BEZIER_KNOTS.);
#13645 = CARTESIAN_POINT('',(5.093455637189E-03,0.));
#13646 = CARTESIAN_POINT('',(5.093455637189E-03,1.));
#13647 = ( GEOMETRIC_REPRESENTATION_CONTEXT(2) 
PARAMETRIC_REPRESENTATION_CONTEXT() REPRESENTATION_CONTEXT('2D SPACE',''
  ) );
#13648 = PCURVE('',#5646,#13649);
#13649 = DEFINITIONAL_REPRESENTATION('',(#13650),#13653);
#13650 = B_SPLINE_CURVE_WITH_KNOTS('',1,(#13651,#13652),.UNSPECIFIED.,
  .F.,.F.,(2,2),(0.,1.),.PIECEWISE_BEZIER_KNOTS.);
#13651 = CARTESIAN_POINT('',(0.,0.));
#13652 = CARTESIAN_POINT('',(0.,1.));
#13653 = ( GEOMETRIC_REPRESENTATION_CONTEXT(2) 
PARAMETRIC_REPRESENTATION_CONTEXT() REPRESENTATION_CONTEXT('2D SPACE',''
  ) );
#13654 = ORIENTED_EDGE('',*,*,#5603,.F.);
#13655 = ORIENTED_EDGE('',*,*,#13613,.F.);
#13656 = ADVANCED_FACE('',(#13657),#5646,.T.);
#13657 = FACE_BOUND('',#13658,.T.);
#13658 = EDGE_LOOP('',(#13659,#13660,#13678,#13679));
#13659 = ORIENTED_EDGE('',*,*,#10135,.T.);
#13660 = ORIENTED_EDGE('',*,*,#13661,.T.);
#13661 = EDGE_CURVE('',#10136,#5631,#13662,.T.);
#13662 = SURFACE_CURVE('',#13663,(#13666,#13672),.PCURVE_S1.);
#13663 = B_SPLINE_CURVE_WITH_KNOTS('',1,(#13664,#13665),.UNSPECIFIED.,
  .F.,.F.,(2,2),(0.,1.),.PIECEWISE_BEZIER_KNOTS.);
#13664 = CARTESIAN_POINT('',(67.15710998453,0.,-8.992228957008));
#13665 = CARTESIAN_POINT('',(62.169265990718,-700.,31.290108123924));
#13666 = PCURVE('',#5646,#13667);
#13667 = DEFINITIONAL_REPRESENTATION('',(#13668),#13671);
#13668 = B_SPLINE_CURVE_WITH_KNOTS('',1,(#13669,#13670),.UNSPECIFIED.,
  .F.,.F.,(2,2),(0.,1.),.PIECEWISE_BEZIER_KNOTS.);
#13669 = CARTESIAN_POINT('',(5.22529668301E-03,0.));
#13670 = CARTESIAN_POINT('',(5.22529668301E-03,1.));
#13671 = ( GEOMETRIC_REPRESENTATION_CONTEXT(2) 
PARAMETRIC_REPRESENTATION_CONTEXT() REPRESENTATION_CONTEXT('2D SPACE',''
  ) );
#13672 = PCURVE('',#5673,#13673);
#13673 = DEFINITIONAL_REPRESENTATION('',(#13674),#13677);
#13674 = B_SPLINE_CURVE_WITH_KNOTS('',1,(#13675,#13676),.UNSPECIFIED.,
  .F.,.F.,(2,2),(0.,1.),.PIECEWISE_BEZIER_KNOTS.);
#13675 = CARTESIAN_POINT('',(0.,0.));
#13676 = CARTESIAN_POINT('',(0.,1.));
#13677 = ( GEOMETRIC_REPRESENTATION_CONTEXT(2) 
PARAMETRIC_REPRESENTATION_CONTEXT() REPRESENTATION_CONTEXT('2D SPACE',''
  ) );
#13678 = ORIENTED_EDGE('',*,*,#5630,.F.);
#13679 = ORIENTED_EDGE('',*,*,#13637,.F.);
#13680 = ADVANCED_FACE('',(#13681),#5673,.T.);
#13681 = FACE_BOUND('',#13682,.T.);
#13682 = EDGE_LOOP('',(#13683,#13684,#13702,#13703));
#13683 = ORIENTED_EDGE('',*,*,#10179,.T.);
#13684 = ORIENTED_EDGE('',*,*,#13685,.T.);
#13685 = EDGE_CURVE('',#10180,#5658,#13686,.T.);
#13686 = SURFACE_CURVE('',#13687,(#13690,#13696),.PCURVE_S1.);
#13687 = B_SPLINE_CURVE_WITH_KNOTS('',1,(#13688,#13689),.UNSPECIFIED.,
  .F.,.F.,(2,2),(0.,1.),.PIECEWISE_BEZIER_KNOTS.);
#13688 = CARTESIAN_POINT('',(72.498449322161,0.,-8.84010304202));
#13689 = CARTESIAN_POINT('',(65.374069593297,-700.,31.381383672917));
#13690 = PCURVE('',#5673,#13691);
#13691 = DEFINITIONAL_REPRESENTATION('',(#13692),#13695);
#13692 = B_SPLINE_CURVE_WITH_KNOTS('',1,(#13693,#13694),.UNSPECIFIED.,
  .F.,.F.,(2,2),(0.,1.),.PIECEWISE_BEZIER_KNOTS.);
#13693 = CARTESIAN_POINT('',(5.343505236615E-03,0.));
#13694 = CARTESIAN_POINT('',(5.343505236615E-03,1.));
#13695 = ( GEOMETRIC_REPRESENTATION_CONTEXT(2) 
PARAMETRIC_REPRESENTATION_CONTEXT() REPRESENTATION_CONTEXT('2D SPACE',''
  ) );
#13696 = PCURVE('',#5700,#13697);
#13697 = DEFINITIONAL_REPRESENTATION('',(#13698),#13701);
#13698 = B_SPLINE_CURVE_WITH_KNOTS('',1,(#13699,#13700),.UNSPECIFIED.,
  .F.,.F.,(2,2),(0.,1.),.PIECEWISE_BEZIER_KNOTS.);
#13699 = CARTESIAN_POINT('',(0.,0.));
#13700 = CARTESIAN_POINT('',(0.,1.));
#13701 = ( GEOMETRIC_REPRESENTATION_CONTEXT(2) 
PARAMETRIC_REPRESENTATION_CONTEXT() REPRESENTATION_CONTEXT('2D SPACE',''
  ) );
#13702 = ORIENTED_EDGE('',*,*,#5657,.F.);
#13703 = ORIENTED_EDGE('',*,*,#13661,.F.);
#13704 = ADVANCED_FACE('',(#13705),#5700,.T.);
#13705 = FACE_BOUND('',#13706,.T.);
#13706 = EDGE_LOOP('',(#13707,#13708,#13726,#13727));
#13707 = ORIENTED_EDGE('',*,*,#10223,.T.);
#13708 = ORIENTED_EDGE('',*,*,#13709,.T.);
#13709 = EDGE_CURVE('',#10224,#5685,#13710,.T.);
#13710 = SURFACE_CURVE('',#13711,(#13714,#13720),.PCURVE_S1.);
#13711 = B_SPLINE_CURVE_WITH_KNOTS('',1,(#13712,#13713),.UNSPECIFIED.,
  .F.,.F.,(2,2),(0.,1.),.PIECEWISE_BEZIER_KNOTS.);
#13712 = CARTESIAN_POINT('',(77.943278652691,0.,-8.663978561218));
#13713 = CARTESIAN_POINT('',(68.640967191614,-700.,31.487058361398));
#13714 = PCURVE('',#5700,#13715);
#13715 = DEFINITIONAL_REPRESENTATION('',(#13716),#13719);
#13716 = B_SPLINE_CURVE_WITH_KNOTS('',1,(#13717,#13718),.UNSPECIFIED.,
  .F.,.F.,(2,2),(0.,1.),.PIECEWISE_BEZIER_KNOTS.);
#13717 = CARTESIAN_POINT('',(5.447677144557E-03,0.));
#13718 = CARTESIAN_POINT('',(5.447677144557E-03,1.));
#13719 = ( GEOMETRIC_REPRESENTATION_CONTEXT(2) 
PARAMETRIC_REPRESENTATION_CONTEXT() REPRESENTATION_CONTEXT('2D SPACE',''
  ) );
#13720 = PCURVE('',#5727,#13721);
#13721 = DEFINITIONAL_REPRESENTATION('',(#13722),#13725);
#13722 = B_SPLINE_CURVE_WITH_KNOTS('',1,(#13723,#13724),.UNSPECIFIED.,
  .F.,.F.,(2,2),(0.,1.),.PIECEWISE_BEZIER_KNOTS.);
#13723 = CARTESIAN_POINT('',(0.,0.));
#13724 = CARTESIAN_POINT('',(0.,1.));
#13725 = ( GEOMETRIC_REPRESENTATION_CONTEXT(2) 
PARAMETRIC_REPRESENTATION_CONTEXT() REPRESENTATION_CONTEXT('2D SPACE',''
  ) );
#13726 = ORIENTED_EDGE('',*,*,#5684,.F.);
#13727 = ORIENTED_EDGE('',*,*,#13685,.F.);
#13728 = ADVANCED_FACE('',(#13729),#5727,.T.);
#13729 = FACE_BOUND('',#13730,.T.);
#13730 = EDGE_LOOP('',(#13731,#13732,#13750,#13751));
#13731 = ORIENTED_EDGE('',*,*,#10267,.T.);
#13732 = ORIENTED_EDGE('',*,*,#13733,.T.);
#13733 = EDGE_CURVE('',#10268,#5712,#13734,.T.);
#13734 = SURFACE_CURVE('',#13735,(#13738,#13744),.PCURVE_S1.);
#13735 = B_SPLINE_CURVE_WITH_KNOTS('',1,(#13736,#13737),.UNSPECIFIED.,
  .F.,.F.,(2,2),(0.,1.),.PIECEWISE_BEZIER_KNOTS.);
#13736 = CARTESIAN_POINT('',(83.477274072638,0.,-8.468634291597));
#13737 = CARTESIAN_POINT('',(71.961364443583,-700.,31.604264923171));
#13738 = PCURVE('',#5727,#13739);
#13739 = DEFINITIONAL_REPRESENTATION('',(#13740),#13743);
#13740 = B_SPLINE_CURVE_WITH_KNOTS('',1,(#13741,#13742),.UNSPECIFIED.,
  .F.,.F.,(2,2),(0.,1.),.PIECEWISE_BEZIER_KNOTS.);
#13741 = CARTESIAN_POINT('',(5.537442071179E-03,0.));
#13742 = CARTESIAN_POINT('',(5.537442071179E-03,1.));
#13743 = ( GEOMETRIC_REPRESENTATION_CONTEXT(2) 
PARAMETRIC_REPRESENTATION_CONTEXT() REPRESENTATION_CONTEXT('2D SPACE',''
  ) );
#13744 = PCURVE('',#5754,#13745);
#13745 = DEFINITIONAL_REPRESENTATION('',(#13746),#13749);
#13746 = B_SPLINE_CURVE_WITH_KNOTS('',1,(#13747,#13748),.UNSPECIFIED.,
  .F.,.F.,(2,2),(0.,1.),.PIECEWISE_BEZIER_KNOTS.);
#13747 = CARTESIAN_POINT('',(0.,0.));
#13748 = CARTESIAN_POINT('',(0.,1.));
#13749 = ( GEOMETRIC_REPRESENTATION_CONTEXT(2) 
PARAMETRIC_REPRESENTATION_CONTEXT() REPRESENTATION_CONTEXT('2D SPACE',''
  ) );
#13750 = ORIENTED_EDGE('',*,*,#5711,.F.);
#13751 = ORIENTED_EDGE('',*,*,#13709,.F.);
#13752 = ADVANCED_FACE('',(#13753),#5754,.T.);
#13753 = FACE_BOUND('',#13754,.T.);
#13754 = EDGE_LOOP('',(#13755,#13756,#13774,#13775));
#13755 = ORIENTED_EDGE('',*,*,#10311,.T.);
#13756 = ORIENTED_EDGE('',*,*,#13757,.T.);
#13757 = EDGE_CURVE('',#10312,#5739,#13758,.T.);
#13758 = SURFACE_CURVE('',#13759,(#13762,#13768),.PCURVE_S1.);
#13759 = B_SPLINE_CURVE_WITH_KNOTS('',1,(#13760,#13761),.UNSPECIFIED.,
  .F.,.F.,(2,2),(0.,1.),.PIECEWISE_BEZIER_KNOTS.);
#13760 = CARTESIAN_POINT('',(89.098721465277,0.,-8.258013800625));
#13761 = CARTESIAN_POINT('',(75.334232879166,-700.,31.730637217754));
#13762 = PCURVE('',#5754,#13763);
#13763 = DEFINITIONAL_REPRESENTATION('',(#13764),#13767);
#13764 = B_SPLINE_CURVE_WITH_KNOTS('',1,(#13765,#13766),.UNSPECIFIED.,
  .F.,.F.,(2,2),(0.,1.),.PIECEWISE_BEZIER_KNOTS.);
#13765 = CARTESIAN_POINT('',(5.625391700089E-03,0.));
#13766 = CARTESIAN_POINT('',(5.625391700089E-03,1.));
#13767 = ( GEOMETRIC_REPRESENTATION_CONTEXT(2) 
PARAMETRIC_REPRESENTATION_CONTEXT() REPRESENTATION_CONTEXT('2D SPACE',''
  ) );
#13768 = PCURVE('',#5781,#13769);
#13769 = DEFINITIONAL_REPRESENTATION('',(#13770),#13773);
#13770 = B_SPLINE_CURVE_WITH_KNOTS('',1,(#13771,#13772),.UNSPECIFIED.,
  .F.,.F.,(2,2),(0.,1.),.PIECEWISE_BEZIER_KNOTS.);
#13771 = CARTESIAN_POINT('',(0.,0.));
#13772 = CARTESIAN_POINT('',(0.,1.));
#13773 = ( GEOMETRIC_REPRESENTATION_CONTEXT(2) 
PARAMETRIC_REPRESENTATION_CONTEXT() REPRESENTATION_CONTEXT('2D SPACE',''
  ) );
#13774 = ORIENTED_EDGE('',*,*,#5738,.F.);
#13775 = ORIENTED_EDGE('',*,*,#13733,.F.);
#13776 = ADVANCED_FACE('',(#13777),#5781,.T.);
#13777 = FACE_BOUND('',#13778,.T.);
#13778 = EDGE_LOOP('',(#13779,#13780,#13798,#13799));
#13779 = ORIENTED_EDGE('',*,*,#10355,.T.);
#13780 = ORIENTED_EDGE('',*,*,#13781,.T.);
#13781 = EDGE_CURVE('',#10356,#5766,#13782,.T.);
#13782 = SURFACE_CURVE('',#13783,(#13786,#13792),.PCURVE_S1.);
#13783 = B_SPLINE_CURVE_WITH_KNOTS('',1,(#13784,#13785),.UNSPECIFIED.,
  .F.,.F.,(2,2),(0.,1.),.PIECEWISE_BEZIER_KNOTS.);
#13784 = CARTESIAN_POINT('',(94.81186218625,0.,-8.022330320087));
#13785 = CARTESIAN_POINT('',(78.76211731175,-700.,31.872047306076));
#13786 = PCURVE('',#5781,#13787);
#13787 = DEFINITIONAL_REPRESENTATION('',(#13788),#13791);
#13788 = B_SPLINE_CURVE_WITH_KNOTS('',1,(#13789,#13790),.UNSPECIFIED.,
  .F.,.F.,(2,2),(0.,1.),.PIECEWISE_BEZIER_KNOTS.);
#13789 = CARTESIAN_POINT('',(5.717999965078E-03,0.));
#13790 = CARTESIAN_POINT('',(5.717999965078E-03,1.));
#13791 = ( GEOMETRIC_REPRESENTATION_CONTEXT(2) 
PARAMETRIC_REPRESENTATION_CONTEXT() REPRESENTATION_CONTEXT('2D SPACE',''
  ) );
#13792 = PCURVE('',#5808,#13793);
#13793 = DEFINITIONAL_REPRESENTATION('',(#13794),#13797);
#13794 = B_SPLINE_CURVE_WITH_KNOTS('',1,(#13795,#13796),.UNSPECIFIED.,
  .F.,.F.,(2,2),(0.,1.),.PIECEWISE_BEZIER_KNOTS.);
#13795 = CARTESIAN_POINT('',(0.,0.));
#13796 = CARTESIAN_POINT('',(0.,1.));
#13797 = ( GEOMETRIC_REPRESENTATION_CONTEXT(2) 
PARAMETRIC_REPRESENTATION_CONTEXT() REPRESENTATION_CONTEXT('2D SPACE',''
  ) );
#13798 = ORIENTED_EDGE('',*,*,#5765,.F.);
#13799 = ORIENTED_EDGE('',*,*,#13757,.F.);
#13800 = ADVANCED_FACE('',(#13801),#5808,.T.);
#13801 = FACE_BOUND('',#13802,.T.);
#13802 = EDGE_LOOP('',(#13803,#13804,#13822,#13823));
#13803 = ORIENTED_EDGE('',*,*,#10399,.T.);
#13804 = ORIENTED_EDGE('',*,*,#13805,.T.);
#13805 = EDGE_CURVE('',#10400,#5793,#13806,.T.);
#13806 = SURFACE_CURVE('',#13807,(#13810,#13816),.PCURVE_S1.);
#13807 = B_SPLINE_CURVE_WITH_KNOTS('',1,(#13808,#13809),.UNSPECIFIED.,
  .F.,.F.,(2,2),(0.,1.),.PIECEWISE_BEZIER_KNOTS.);
#13808 = CARTESIAN_POINT('',(100.56764148932,0.,-7.760336060072));
#13809 = CARTESIAN_POINT('',(82.215584893596,-700.,32.029243862086));
#13810 = PCURVE('',#5808,#13811);
#13811 = DEFINITIONAL_REPRESENTATION('',(#13812),#13815);
#13812 = B_SPLINE_CURVE_WITH_KNOTS('',1,(#13813,#13814),.UNSPECIFIED.,
  .F.,.F.,(2,2),(0.,1.),.PIECEWISE_BEZIER_KNOTS.);
#13813 = CARTESIAN_POINT('',(5.761739006412E-03,0.));
#13814 = CARTESIAN_POINT('',(5.761739006412E-03,1.));
#13815 = ( GEOMETRIC_REPRESENTATION_CONTEXT(2) 
PARAMETRIC_REPRESENTATION_CONTEXT() REPRESENTATION_CONTEXT('2D SPACE',''
  ) );
#13816 = PCURVE('',#5835,#13817);
#13817 = DEFINITIONAL_REPRESENTATION('',(#13818),#13821);
#13818 = B_SPLINE_CURVE_WITH_KNOTS('',1,(#13819,#13820),.UNSPECIFIED.,
  .F.,.F.,(2,2),(0.,1.),.PIECEWISE_BEZIER_KNOTS.);
#13819 = CARTESIAN_POINT('',(0.,0.));
#13820 = CARTESIAN_POINT('',(0.,1.));
#13821 = ( GEOMETRIC_REPRESENTATION_CONTEXT(2) 
PARAMETRIC_REPRESENTATION_CONTEXT() REPRESENTATION_CONTEXT('2D SPACE',''
  ) );
#13822 = ORIENTED_EDGE('',*,*,#5792,.F.);
#13823 = ORIENTED_EDGE('',*,*,#13781,.F.);
#13824 = ADVANCED_FACE('',(#13825),#5835,.T.);
#13825 = FACE_BOUND('',#13826,.T.);
#13826 = EDGE_LOOP('',(#13827,#13828,#13846,#13847));
#13827 = ORIENTED_EDGE('',*,*,#10443,.T.);
#13828 = ORIENTED_EDGE('',*,*,#13829,.T.);
#13829 = EDGE_CURVE('',#10444,#5820,#13830,.T.);
#13830 = SURFACE_CURVE('',#13831,(#13834,#13840),.PCURVE_S1.);
#13831 = B_SPLINE_CURVE_WITH_KNOTS('',1,(#13832,#13833),.UNSPECIFIED.,
  .F.,.F.,(2,2),(0.,1.),.PIECEWISE_BEZIER_KNOTS.);
#13832 = CARTESIAN_POINT('',(106.35010981826,0.,-7.47592009763));
#13833 = CARTESIAN_POINT('',(85.685065890958,-700.,32.199893439551));
#13834 = PCURVE('',#5835,#13835);
#13835 = DEFINITIONAL_REPRESENTATION('',(#13836),#13839);
#13836 = B_SPLINE_CURVE_WITH_KNOTS('',1,(#13837,#13838),.UNSPECIFIED.,
  .F.,.F.,(2,2),(0.,1.),.PIECEWISE_BEZIER_KNOTS.);
#13837 = CARTESIAN_POINT('',(5.789458732458E-03,0.));
#13838 = CARTESIAN_POINT('',(5.789458732458E-03,1.));
#13839 = ( GEOMETRIC_REPRESENTATION_CONTEXT(2) 
PARAMETRIC_REPRESENTATION_CONTEXT() REPRESENTATION_CONTEXT('2D SPACE',''
  ) );
#13840 = PCURVE('',#5862,#13841);
#13841 = DEFINITIONAL_REPRESENTATION('',(#13842),#13845);
#13842 = B_SPLINE_CURVE_WITH_KNOTS('',1,(#13843,#13844),.UNSPECIFIED.,
  .F.,.F.,(2,2),(0.,1.),.PIECEWISE_BEZIER_KNOTS.);
#13843 = CARTESIAN_POINT('',(0.,0.));
#13844 = CARTESIAN_POINT('',(0.,1.));
#13845 = ( GEOMETRIC_REPRESENTATION_CONTEXT(2) 
PARAMETRIC_REPRESENTATION_CONTEXT() REPRESENTATION_CONTEXT('2D SPACE',''
  ) );
#13846 = ORIENTED_EDGE('',*,*,#5819,.F.);
#13847 = ORIENTED_EDGE('',*,*,#13805,.F.);
#13848 = ADVANCED_FACE('',(#13849),#5862,.T.);
#13849 = FACE_BOUND('',#13850,.T.);
#13850 = EDGE_LOOP('',(#13851,#13852,#13870,#13871));
#13851 = ORIENTED_EDGE('',*,*,#10487,.T.);
#13852 = ORIENTED_EDGE('',*,*,#13853,.T.);
#13853 = EDGE_CURVE('',#10488,#5847,#13854,.T.);
#13854 = SURFACE_CURVE('',#13855,(#13858,#13864),.PCURVE_S1.);
#13855 = B_SPLINE_CURVE_WITH_KNOTS('',1,(#13856,#13857),.UNSPECIFIED.,
  .F.,.F.,(2,2),(0.,1.),.PIECEWISE_BEZIER_KNOTS.);
#13856 = CARTESIAN_POINT('',(112.14319595919,0.,-7.172870337842));
#13857 = CARTESIAN_POINT('',(89.16091757552,-700.,32.381723295423));
#13858 = PCURVE('',#5862,#13859);
#13859 = DEFINITIONAL_REPRESENTATION('',(#13860),#13863);
#13860 = B_SPLINE_CURVE_WITH_KNOTS('',1,(#13861,#13862),.UNSPECIFIED.,
  .F.,.F.,(2,2),(0.,1.),.PIECEWISE_BEZIER_KNOTS.);
#13861 = CARTESIAN_POINT('',(5.801007342973E-03,0.));
#13862 = CARTESIAN_POINT('',(5.801007342973E-03,1.));
#13863 = ( GEOMETRIC_REPRESENTATION_CONTEXT(2) 
PARAMETRIC_REPRESENTATION_CONTEXT() REPRESENTATION_CONTEXT('2D SPACE',''
  ) );
#13864 = PCURVE('',#5889,#13865);
#13865 = DEFINITIONAL_REPRESENTATION('',(#13866),#13869);
#13866 = B_SPLINE_CURVE_WITH_KNOTS('',1,(#13867,#13868),.UNSPECIFIED.,
  .F.,.F.,(2,2),(0.,1.),.PIECEWISE_BEZIER_KNOTS.);
#13867 = CARTESIAN_POINT('',(0.,0.));
#13868 = CARTESIAN_POINT('',(0.,1.));
#13869 = ( GEOMETRIC_REPRESENTATION_CONTEXT(2) 
PARAMETRIC_REPRESENTATION_CONTEXT() REPRESENTATION_CONTEXT('2D SPACE',''
  ) );
#13870 = ORIENTED_EDGE('',*,*,#5846,.F.);
#13871 = ORIENTED_EDGE('',*,*,#13829,.F.);
#13872 = ADVANCED_FACE('',(#13873),#5889,.T.);
#13873 = FACE_BOUND('',#13874,.T.);
#13874 = EDGE_LOOP('',(#13875,#13876,#13894,#13895));
#13875 = ORIENTED_EDGE('',*,*,#10531,.T.);
#13876 = ORIENTED_EDGE('',*,*,#13877,.T.);
#13877 = EDGE_CURVE('',#10532,#5874,#13878,.T.);
#13878 = SURFACE_CURVE('',#13879,(#13882,#13888),.PCURVE_S1.);
#13879 = B_SPLINE_CURVE_WITH_KNOTS('',1,(#13880,#13881),.UNSPECIFIED.,
  .F.,.F.,(2,2),(0.,1.),.PIECEWISE_BEZIER_KNOTS.);
#13880 = CARTESIAN_POINT('',(117.93074937882,0.,-6.854822146765));
#13881 = CARTESIAN_POINT('',(92.633449627297,-700.,32.57255221007));
#13882 = PCURVE('',#5889,#13883);
#13883 = DEFINITIONAL_REPRESENTATION('',(#13884),#13887);
#13884 = B_SPLINE_CURVE_WITH_KNOTS('',1,(#13885,#13886),.UNSPECIFIED.,
  .F.,.F.,(2,2),(0.,1.),.PIECEWISE_BEZIER_KNOTS.);
#13885 = CARTESIAN_POINT('',(5.796285813942E-03,0.));
#13886 = CARTESIAN_POINT('',(5.796285813942E-03,1.));
#13887 = ( GEOMETRIC_REPRESENTATION_CONTEXT(2) 
PARAMETRIC_REPRESENTATION_CONTEXT() REPRESENTATION_CONTEXT('2D SPACE',''
  ) );
#13888 = PCURVE('',#5916,#13889);
#13889 = DEFINITIONAL_REPRESENTATION('',(#13890),#13893);
#13890 = B_SPLINE_CURVE_WITH_KNOTS('',1,(#13891,#13892),.UNSPECIFIED.,
  .F.,.F.,(2,2),(0.,1.),.PIECEWISE_BEZIER_KNOTS.);
#13891 = CARTESIAN_POINT('',(0.,0.));
#13892 = CARTESIAN_POINT('',(0.,1.));
#13893 = ( GEOMETRIC_REPRESENTATION_CONTEXT(2) 
PARAMETRIC_REPRESENTATION_CONTEXT() REPRESENTATION_CONTEXT('2D SPACE',''
  ) );
#13894 = ORIENTED_EDGE('',*,*,#5873,.F.);
#13895 = ORIENTED_EDGE('',*,*,#13853,.F.);
#13896 = ADVANCED_FACE('',(#13897),#5916,.T.);
#13897 = FACE_BOUND('',#13898,.T.);
#13898 = EDGE_LOOP('',(#13899,#13900,#13918,#13919));
#13899 = ORIENTED_EDGE('',*,*,#10575,.T.);
#13900 = ORIENTED_EDGE('',*,*,#13901,.T.);
#13901 = EDGE_CURVE('',#10576,#5901,#13902,.T.);
#13902 = SURFACE_CURVE('',#13903,(#13906,#13912),.PCURVE_S1.);
#13903 = B_SPLINE_CURVE_WITH_KNOTS('',1,(#13904,#13905),.UNSPECIFIED.,
  .F.,.F.,(2,2),(0.,1.),.PIECEWISE_BEZIER_KNOTS.);
#13904 = CARTESIAN_POINT('',(123.69658406095,0.,-6.525215771887));
#13905 = CARTESIAN_POINT('',(96.092950436573,-700.,32.770316034997));
#13906 = PCURVE('',#5916,#13907);
#13907 = DEFINITIONAL_REPRESENTATION('',(#13908),#13911);
#13908 = B_SPLINE_CURVE_WITH_KNOTS('',1,(#13909,#13910),.UNSPECIFIED.,
  .F.,.F.,(2,2),(0.,1.),.PIECEWISE_BEZIER_KNOTS.);
#13909 = CARTESIAN_POINT('',(5.77524804177E-03,0.));
#13910 = CARTESIAN_POINT('',(5.77524804177E-03,1.));
#13911 = ( GEOMETRIC_REPRESENTATION_CONTEXT(2) 
PARAMETRIC_REPRESENTATION_CONTEXT() REPRESENTATION_CONTEXT('2D SPACE',''
  ) );
#13912 = PCURVE('',#5943,#13913);
#13913 = DEFINITIONAL_REPRESENTATION('',(#13914),#13917);
#13914 = B_SPLINE_CURVE_WITH_KNOTS('',1,(#13915,#13916),.UNSPECIFIED.,
  .F.,.F.,(2,2),(0.,1.),.PIECEWISE_BEZIER_KNOTS.);
#13915 = CARTESIAN_POINT('',(0.,0.));
#13916 = CARTESIAN_POINT('',(0.,1.));
#13917 = ( GEOMETRIC_REPRESENTATION_CONTEXT(2) 
PARAMETRIC_REPRESENTATION_CONTEXT() REPRESENTATION_CONTEXT('2D SPACE',''
  ) );
#13918 = ORIENTED_EDGE('',*,*,#5900,.F.);
#13919 = ORIENTED_EDGE('',*,*,#13877,.F.);
#13920 = ADVANCED_FACE('',(#13921),#5943,.T.);
#13921 = FACE_BOUND('',#13922,.T.);
#13922 = EDGE_LOOP('',(#13923,#13924,#13942,#13943));
#13923 = ORIENTED_EDGE('',*,*,#10619,.T.);
#13924 = ORIENTED_EDGE('',*,*,#13925,.T.);
#13925 = EDGE_CURVE('',#10620,#5928,#13926,.T.);
#13926 = SURFACE_CURVE('',#13927,(#13930,#13936),.PCURVE_S1.);
#13927 = B_SPLINE_CURVE_WITH_KNOTS('',1,(#13928,#13929),.UNSPECIFIED.,
  .F.,.F.,(2,2),(0.,1.),.PIECEWISE_BEZIER_KNOTS.);
#13928 = CARTESIAN_POINT('',(129.42452357744,0.,-6.187263473189));
#13929 = CARTESIAN_POINT('',(99.529714146465,-700.,32.973087414216));
#13930 = PCURVE('',#5943,#13931);
#13931 = DEFINITIONAL_REPRESENTATION('',(#13932),#13935);
#13932 = B_SPLINE_CURVE_WITH_KNOTS('',1,(#13933,#13934),.UNSPECIFIED.,
  .F.,.F.,(2,2),(0.,1.),.PIECEWISE_BEZIER_KNOTS.);
#13933 = CARTESIAN_POINT('',(5.737900562117E-03,0.));
#13934 = CARTESIAN_POINT('',(5.737900562117E-03,1.));
#13935 = ( GEOMETRIC_REPRESENTATION_CONTEXT(2) 
PARAMETRIC_REPRESENTATION_CONTEXT() REPRESENTATION_CONTEXT('2D SPACE',''
  ) );
#13936 = PCURVE('',#5970,#13937);
#13937 = DEFINITIONAL_REPRESENTATION('',(#13938),#13941);
#13938 = B_SPLINE_CURVE_WITH_KNOTS('',1,(#13939,#13940),.UNSPECIFIED.,
  .F.,.F.,(2,2),(0.,1.),.PIECEWISE_BEZIER_KNOTS.);
#13939 = CARTESIAN_POINT('',(0.,0.));
#13940 = CARTESIAN_POINT('',(0.,1.));
#13941 = ( GEOMETRIC_REPRESENTATION_CONTEXT(2) 
PARAMETRIC_REPRESENTATION_CONTEXT() REPRESENTATION_CONTEXT('2D SPACE',''
  ) );
#13942 = ORIENTED_EDGE('',*,*,#5927,.F.);
#13943 = ORIENTED_EDGE('',*,*,#13901,.F.);
#13944 = ADVANCED_FACE('',(#13945),#5970,.T.);
#13945 = FACE_BOUND('',#13946,.T.);
#13946 = EDGE_LOOP('',(#13947,#13948,#13966,#13967));
#13947 = ORIENTED_EDGE('',*,*,#10663,.T.);
#13948 = ORIENTED_EDGE('',*,*,#13949,.T.);
#13949 = EDGE_CURVE('',#10664,#5955,#13950,.T.);
#13950 = SURFACE_CURVE('',#13951,(#13954,#13960),.PCURVE_S1.);
#13951 = B_SPLINE_CURVE_WITH_KNOTS('',1,(#13952,#13953),.UNSPECIFIED.,
  .F.,.F.,(2,2),(0.,1.),.PIECEWISE_BEZIER_KNOTS.);
#13952 = CARTESIAN_POINT('',(135.09844709525,0.,-5.843926846429));
#13953 = CARTESIAN_POINT('',(102.93406825715,-700.,33.179089390272));
#13954 = PCURVE('',#5970,#13955);
#13955 = DEFINITIONAL_REPRESENTATION('',(#13956),#13959);
#13956 = B_SPLINE_CURVE_WITH_KNOTS('',1,(#13957,#13958),.UNSPECIFIED.,
  .F.,.F.,(2,2),(0.,1.),.PIECEWISE_BEZIER_KNOTS.);
#13957 = CARTESIAN_POINT('',(5.684301903068E-03,0.));
#13958 = CARTESIAN_POINT('',(5.684301903068E-03,1.));
#13959 = ( GEOMETRIC_REPRESENTATION_CONTEXT(2) 
PARAMETRIC_REPRESENTATION_CONTEXT() REPRESENTATION_CONTEXT('2D SPACE',''
  ) );
#13960 = PCURVE('',#5997,#13961);
#13961 = DEFINITIONAL_REPRESENTATION('',(#13962),#13965);
#13962 = B_SPLINE_CURVE_WITH_KNOTS('',1,(#13963,#13964),.UNSPECIFIED.,
  .F.,.F.,(2,2),(0.,1.),.PIECEWISE_BEZIER_KNOTS.);
#13963 = CARTESIAN_POINT('',(0.,0.));
#13964 = CARTESIAN_POINT('',(0.,1.));
#13965 = ( GEOMETRIC_REPRESENTATION_CONTEXT(2) 
PARAMETRIC_REPRESENTATION_CONTEXT() REPRESENTATION_CONTEXT('2D SPACE',''
  ) );
#13966 = ORIENTED_EDGE('',*,*,#5954,.F.);
#13967 = ORIENTED_EDGE('',*,*,#13925,.F.);
#13968 = ADVANCED_FACE('',(#13969),#5997,.T.);
#13969 = FACE_BOUND('',#13970,.T.);
#13970 = EDGE_LOOP('',(#13971,#13972,#13990,#13991));
#13971 = ORIENTED_EDGE('',*,*,#10707,.T.);
#13972 = ORIENTED_EDGE('',*,*,#13973,.T.);
#13973 = EDGE_CURVE('',#10708,#5982,#13974,.T.);
#13974 = SURFACE_CURVE('',#13975,(#13978,#13984),.PCURVE_S1.);
#13975 = B_SPLINE_CURVE_WITH_KNOTS('',1,(#13976,#13977),.UNSPECIFIED.,
  .F.,.F.,(2,2),(0.,1.),.PIECEWISE_BEZIER_KNOTS.);
#13976 = CARTESIAN_POINT('',(140.70233600418,0.,-5.497904375451));
#13977 = CARTESIAN_POINT('',(106.29640160251,-700.,33.386702872858));
#13978 = PCURVE('',#5997,#13979);
#13979 = DEFINITIONAL_REPRESENTATION('',(#13980),#13983);
#13980 = B_SPLINE_CURVE_WITH_KNOTS('',1,(#13981,#13982),.UNSPECIFIED.,
  .F.,.F.,(2,2),(0.,1.),.PIECEWISE_BEZIER_KNOTS.);
#13981 = CARTESIAN_POINT('',(5.614561643981E-03,0.));
#13982 = CARTESIAN_POINT('',(5.614561643981E-03,1.));
#13983 = ( GEOMETRIC_REPRESENTATION_CONTEXT(2) 
PARAMETRIC_REPRESENTATION_CONTEXT() REPRESENTATION_CONTEXT('2D SPACE',''
  ) );
#13984 = PCURVE('',#6024,#13985);
#13985 = DEFINITIONAL_REPRESENTATION('',(#13986),#13989);
#13986 = B_SPLINE_CURVE_WITH_KNOTS('',1,(#13987,#13988),.UNSPECIFIED.,
  .F.,.F.,(2,2),(0.,1.),.PIECEWISE_BEZIER_KNOTS.);
#13987 = CARTESIAN_POINT('',(0.,0.));
#13988 = CARTESIAN_POINT('',(0.,1.));
#13989 = ( GEOMETRIC_REPRESENTATION_CONTEXT(2) 
PARAMETRIC_REPRESENTATION_CONTEXT() REPRESENTATION_CONTEXT('2D SPACE',''
  ) );
#13990 = ORIENTED_EDGE('',*,*,#5981,.F.);
#13991 = ORIENTED_EDGE('',*,*,#13949,.F.);
#13992 = ADVANCED_FACE('',(#13993),#6024,.T.);
#13993 = FACE_BOUND('',#13994,.T.);
#13994 = EDGE_LOOP('',(#13995,#13996,#14014,#14015));
#13995 = ORIENTED_EDGE('',*,*,#10751,.T.);
#13996 = ORIENTED_EDGE('',*,*,#13997,.T.);
#13997 = EDGE_CURVE('',#10752,#6009,#13998,.T.);
#13998 = SURFACE_CURVE('',#13999,(#14002,#14008),.PCURVE_S1.);
#13999 = B_SPLINE_CURVE_WITH_KNOTS('',1,(#14000,#14001),.UNSPECIFIED.,
  .F.,.F.,(2,2),(0.,1.),.PIECEWISE_BEZIER_KNOTS.);
#14000 = CARTESIAN_POINT('',(146.22032084971,0.,-5.151628821822));
#14001 = CARTESIAN_POINT('',(109.60719250983,-700.,33.594468205036));
#14002 = PCURVE('',#6024,#14003);
#14003 = DEFINITIONAL_REPRESENTATION('',(#14004),#14007);
#14004 = B_SPLINE_CURVE_WITH_KNOTS('',1,(#14005,#14006),.UNSPECIFIED.,
  .F.,.F.,(2,2),(0.,1.),.PIECEWISE_BEZIER_KNOTS.);
#14005 = CARTESIAN_POINT('',(5.528839255631E-03,0.));
#14006 = CARTESIAN_POINT('',(5.528839255631E-03,1.));
#14007 = ( GEOMETRIC_REPRESENTATION_CONTEXT(2) 
PARAMETRIC_REPRESENTATION_CONTEXT() REPRESENTATION_CONTEXT('2D SPACE',''
  ) );
#14008 = PCURVE('',#6051,#14009);
#14009 = DEFINITIONAL_REPRESENTATION('',(#14010),#14013);
#14010 = B_SPLINE_CURVE_WITH_KNOTS('',1,(#14011,#14012),.UNSPECIFIED.,
  .F.,.F.,(2,2),(0.,1.),.PIECEWISE_BEZIER_KNOTS.);
#14011 = CARTESIAN_POINT('',(0.,0.));
#14012 = CARTESIAN_POINT('',(0.,1.));
#14013 = ( GEOMETRIC_REPRESENTATION_CONTEXT(2) 
PARAMETRIC_REPRESENTATION_CONTEXT() REPRESENTATION_CONTEXT('2D SPACE',''
  ) );
#14014 = ORIENTED_EDGE('',*,*,#6008,.F.);
#14015 = ORIENTED_EDGE('',*,*,#13973,.F.);
#14016 = ADVANCED_FACE('',(#14017),#6051,.T.);
#14017 = FACE_BOUND('',#14018,.T.);
#14018 = EDGE_LOOP('',(#14019,#14020,#14038,#14039));
#14019 = ORIENTED_EDGE('',*,*,#10795,.T.);
#14020 = ORIENTED_EDGE('',*,*,#14021,.T.);
#14021 = EDGE_CURVE('',#10796,#6036,#14022,.T.);
#14022 = SURFACE_CURVE('',#14023,(#14026,#14032),.PCURVE_S1.);
#14023 = B_SPLINE_CURVE_WITH_KNOTS('',1,(#14024,#14025),.UNSPECIFIED.,
  .F.,.F.,(2,2),(0.,1.),.PIECEWISE_BEZIER_KNOTS.);
#14024 = CARTESIAN_POINT('',(151.6367282705,0.,-4.807273666589));
#14025 = CARTESIAN_POINT('',(112.8570369623,-700.,33.801081298175));
#14026 = PCURVE('',#6051,#14027);
#14027 = DEFINITIONAL_REPRESENTATION('',(#14028),#14031);
#14028 = B_SPLINE_CURVE_WITH_KNOTS('',1,(#14029,#14030),.UNSPECIFIED.,
  .F.,.F.,(2,2),(0.,1.),.PIECEWISE_BEZIER_KNOTS.);
#14029 = CARTESIAN_POINT('',(5.427342795589E-03,0.));
#14030 = CARTESIAN_POINT('',(5.427342795589E-03,1.));
#14031 = ( GEOMETRIC_REPRESENTATION_CONTEXT(2) 
PARAMETRIC_REPRESENTATION_CONTEXT() REPRESENTATION_CONTEXT('2D SPACE',''
  ) );
#14032 = PCURVE('',#6078,#14033);
#14033 = DEFINITIONAL_REPRESENTATION('',(#14034),#14037);
#14034 = B_SPLINE_CURVE_WITH_KNOTS('',1,(#14035,#14036),.UNSPECIFIED.,
  .F.,.F.,(2,2),(0.,1.),.PIECEWISE_BEZIER_KNOTS.);
#14035 = CARTESIAN_POINT('',(0.,0.));
#14036 = CARTESIAN_POINT('',(0.,1.));
#14037 = ( GEOMETRIC_REPRESENTATION_CONTEXT(2) 
PARAMETRIC_REPRESENTATION_CONTEXT() REPRESENTATION_CONTEXT('2D SPACE',''
  ) );
#14038 = ORIENTED_EDGE('',*,*,#6035,.F.);
#14039 = ORIENTED_EDGE('',*,*,#13997,.F.);
#14040 = ADVANCED_FACE('',(#14041),#6078,.T.);
#14041 = FACE_BOUND('',#14042,.T.);
#14042 = EDGE_LOOP('',(#14043,#14044,#14062,#14063));
#14043 = ORIENTED_EDGE('',*,*,#10839,.T.);
#14044 = ORIENTED_EDGE('',*,*,#14045,.T.);
#14045 = EDGE_CURVE('',#10840,#6063,#14046,.T.);
#14046 = SURFACE_CURVE('',#14047,(#14050,#14056),.PCURVE_S1.);
#14047 = B_SPLINE_CURVE_WITH_KNOTS('',1,(#14048,#14049),.UNSPECIFIED.,
  .F.,.F.,(2,2),(0.,1.),.PIECEWISE_BEZIER_KNOTS.);
#14048 = CARTESIAN_POINT('',(156.936127668,0.,-4.466767476934));
#14049 = CARTESIAN_POINT('',(116.0366766008,-700.,34.005385011969));
#14050 = PCURVE('',#6078,#14051);
#14051 = DEFINITIONAL_REPRESENTATION('',(#14052),#14055);
#14052 = B_SPLINE_CURVE_WITH_KNOTS('',1,(#14053,#14054),.UNSPECIFIED.,
  .F.,.F.,(2,2),(0.,1.),.PIECEWISE_BEZIER_KNOTS.);
#14053 = CARTESIAN_POINT('',(5.310327526571E-03,0.));
#14054 = CARTESIAN_POINT('',(5.310327526571E-03,1.));
#14055 = ( GEOMETRIC_REPRESENTATION_CONTEXT(2) 
PARAMETRIC_REPRESENTATION_CONTEXT() REPRESENTATION_CONTEXT('2D SPACE',''
  ) );
#14056 = PCURVE('',#6105,#14057);
#14057 = DEFINITIONAL_REPRESENTATION('',(#14058),#14061);
#14058 = B_SPLINE_CURVE_WITH_KNOTS('',1,(#14059,#14060),.UNSPECIFIED.,
  .F.,.F.,(2,2),(0.,1.),.PIECEWISE_BEZIER_KNOTS.);
#14059 = CARTESIAN_POINT('',(0.,0.));
#14060 = CARTESIAN_POINT('',(0.,1.));
#14061 = ( GEOMETRIC_REPRESENTATION_CONTEXT(2) 
PARAMETRIC_REPRESENTATION_CONTEXT() REPRESENTATION_CONTEXT('2D SPACE',''
  ) );
#14062 = ORIENTED_EDGE('',*,*,#6062,.F.);
#14063 = ORIENTED_EDGE('',*,*,#14021,.F.);
#14064 = ADVANCED_FACE('',(#14065),#6105,.T.);
#14065 = FACE_BOUND('',#14066,.T.);
#14066 = EDGE_LOOP('',(#14067,#14068,#14086,#14087));
#14067 = ORIENTED_EDGE('',*,*,#10883,.T.);
#14068 = ORIENTED_EDGE('',*,*,#14069,.T.);
#14069 = EDGE_CURVE('',#10884,#6090,#14070,.T.);
#14070 = SURFACE_CURVE('',#14071,(#14074,#14080),.PCURVE_S1.);
#14071 = B_SPLINE_CURVE_WITH_KNOTS('',1,(#14072,#14073),.UNSPECIFIED.,
  .F.,.F.,(2,2),(0.,1.),.PIECEWISE_BEZIER_KNOTS.);
#14072 = CARTESIAN_POINT('',(162.10337737345,0.,-4.131814793751));
#14073 = CARTESIAN_POINT('',(119.13702642407,-700.,34.206356621878));
#14074 = PCURVE('',#6105,#14075);
#14075 = DEFINITIONAL_REPRESENTATION('',(#14076),#14079);
#14076 = B_SPLINE_CURVE_WITH_KNOTS('',1,(#14077,#14078),.UNSPECIFIED.,
  .F.,.F.,(2,2),(0.,1.),.PIECEWISE_BEZIER_KNOTS.);
#14077 = CARTESIAN_POINT('',(5.178094516176E-03,0.));
#14078 = CARTESIAN_POINT('',(5.178094516176E-03,1.));
#14079 = ( GEOMETRIC_REPRESENTATION_CONTEXT(2) 
PARAMETRIC_REPRESENTATION_CONTEXT() REPRESENTATION_CONTEXT('2D SPACE',''
  ) );
#14080 = PCURVE('',#6132,#14081);
#14081 = DEFINITIONAL_REPRESENTATION('',(#14082),#14085);
#14082 = B_SPLINE_CURVE_WITH_KNOTS('',1,(#14083,#14084),.UNSPECIFIED.,
  .F.,.F.,(2,2),(0.,1.),.PIECEWISE_BEZIER_KNOTS.);
#14083 = CARTESIAN_POINT('',(0.,0.));
#14084 = CARTESIAN_POINT('',(0.,1.));
#14085 = ( GEOMETRIC_REPRESENTATION_CONTEXT(2) 
PARAMETRIC_REPRESENTATION_CONTEXT() REPRESENTATION_CONTEXT('2D SPACE',''
  ) );
#14086 = ORIENTED_EDGE('',*,*,#6089,.F.);
#14087 = ORIENTED_EDGE('',*,*,#14045,.F.);
#14088 = ADVANCED_FACE('',(#14089),#6132,.T.);
#14089 = FACE_BOUND('',#14090,.T.);
#14090 = EDGE_LOOP('',(#14091,#14092,#14110,#14111));
#14091 = ORIENTED_EDGE('',*,*,#10927,.T.);
#14092 = ORIENTED_EDGE('',*,*,#14093,.T.);
#14093 = EDGE_CURVE('',#10928,#6117,#14094,.T.);
#14094 = SURFACE_CURVE('',#14095,(#14098,#14104),.PCURVE_S1.);
#14095 = B_SPLINE_CURVE_WITH_KNOTS('',1,(#14096,#14097),.UNSPECIFIED.,
  .F.,.F.,(2,2),(0.,1.),.PIECEWISE_BEZIER_KNOTS.);
#14096 = CARTESIAN_POINT('',(167.12367011996,0.,-3.803921935168));
#14097 = CARTESIAN_POINT('',(122.14920207197,-700.,34.403092337028));
#14098 = PCURVE('',#6132,#14099);
#14099 = DEFINITIONAL_REPRESENTATION('',(#14100),#14103);
#14100 = B_SPLINE_CURVE_WITH_KNOTS('',1,(#14101,#14102),.UNSPECIFIED.,
  .F.,.F.,(2,2),(0.,1.),.PIECEWISE_BEZIER_KNOTS.);
#14101 = CARTESIAN_POINT('',(5.030989265277E-03,0.));
#14102 = CARTESIAN_POINT('',(5.030989265277E-03,1.));
#14103 = ( GEOMETRIC_REPRESENTATION_CONTEXT(2) 
PARAMETRIC_REPRESENTATION_CONTEXT() REPRESENTATION_CONTEXT('2D SPACE',''
  ) );
#14104 = PCURVE('',#6159,#14105);
#14105 = DEFINITIONAL_REPRESENTATION('',(#14106),#14109);
#14106 = B_SPLINE_CURVE_WITH_KNOTS('',1,(#14107,#14108),.UNSPECIFIED.,
  .F.,.F.,(2,2),(0.,1.),.PIECEWISE_BEZIER_KNOTS.);
#14107 = CARTESIAN_POINT('',(0.,0.));
#14108 = CARTESIAN_POINT('',(0.,1.));
#14109 = ( GEOMETRIC_REPRESENTATION_CONTEXT(2) 
PARAMETRIC_REPRESENTATION_CONTEXT() REPRESENTATION_CONTEXT('2D SPACE',''
  ) );
#14110 = ORIENTED_EDGE('',*,*,#6116,.F.);
#14111 = ORIENTED_EDGE('',*,*,#14069,.F.);
#14112 = ADVANCED_FACE('',(#14113),#6159,.T.);
#14113 = FACE_BOUND('',#14114,.T.);
#14114 = EDGE_LOOP('',(#14115,#14116,#14134,#14135));
#14115 = ORIENTED_EDGE('',*,*,#10971,.T.);
#14116 = ORIENTED_EDGE('',*,*,#14117,.T.);
#14117 = EDGE_CURVE('',#10972,#6144,#14118,.T.);
#14118 = SURFACE_CURVE('',#14119,(#14122,#14128),.PCURVE_S1.);
#14119 = B_SPLINE_CURVE_WITH_KNOTS('',1,(#14120,#14121),.UNSPECIFIED.,
  .F.,.F.,(2,2),(0.,1.),.PIECEWISE_BEZIER_KNOTS.);
#14120 = CARTESIAN_POINT('',(171.98257767217,0.,-3.484425992382));
#14121 = CARTESIAN_POINT('',(125.0645466033,-700.,34.594789902699));
#14122 = PCURVE('',#6159,#14123);
#14123 = DEFINITIONAL_REPRESENTATION('',(#14124),#14127);
#14124 = B_SPLINE_CURVE_WITH_KNOTS('',1,(#14125,#14126),.UNSPECIFIED.,
  .F.,.F.,(2,2),(0.,1.),.PIECEWISE_BEZIER_KNOTS.);
#14125 = CARTESIAN_POINT('',(4.869400400293E-03,0.));
#14126 = CARTESIAN_POINT('',(4.869400400293E-03,1.));
#14127 = ( GEOMETRIC_REPRESENTATION_CONTEXT(2) 
PARAMETRIC_REPRESENTATION_CONTEXT() REPRESENTATION_CONTEXT('2D SPACE',''
  ) );
#14128 = PCURVE('',#6186,#14129);
#14129 = DEFINITIONAL_REPRESENTATION('',(#14130),#14133);
#14130 = B_SPLINE_CURVE_WITH_KNOTS('',1,(#14131,#14132),.UNSPECIFIED.,
  .F.,.F.,(2,2),(0.,1.),.PIECEWISE_BEZIER_KNOTS.);
#14131 = CARTESIAN_POINT('',(0.,0.));
#14132 = CARTESIAN_POINT('',(0.,1.));
#14133 = ( GEOMETRIC_REPRESENTATION_CONTEXT(2) 
PARAMETRIC_REPRESENTATION_CONTEXT() REPRESENTATION_CONTEXT('2D SPACE',''
  ) );
#14134 = ORIENTED_EDGE('',*,*,#6143,.F.);
#14135 = ORIENTED_EDGE('',*,*,#14093,.F.);
#14136 = ADVANCED_FACE('',(#14137),#6186,.T.);
#14137 = FACE_BOUND('',#14138,.T.);
#14138 = EDGE_LOOP('',(#14139,#14140,#14158,#14159));
#14139 = ORIENTED_EDGE('',*,*,#11015,.T.);
#14140 = ORIENTED_EDGE('',*,*,#14141,.T.);
#14141 = EDGE_CURVE('',#11016,#6171,#14142,.T.);
#14142 = SURFACE_CURVE('',#14143,(#14146,#14152),.PCURVE_S1.);
#14143 = B_SPLINE_CURVE_WITH_KNOTS('',1,(#14144,#14145),.UNSPECIFIED.,
  .F.,.F.,(2,2),(0.,1.),.PIECEWISE_BEZIER_KNOTS.);
#14144 = CARTESIAN_POINT('',(176.66609450725,0.,-3.174525260686));
#14145 = CARTESIAN_POINT('',(127.87465670435,-700.,34.780730341717));
#14146 = PCURVE('',#6186,#14147);
#14147 = DEFINITIONAL_REPRESENTATION('',(#14148),#14151);
#14148 = B_SPLINE_CURVE_WITH_KNOTS('',1,(#14149,#14150),.UNSPECIFIED.,
  .F.,.F.,(2,2),(0.,1.),.PIECEWISE_BEZIER_KNOTS.);
#14149 = CARTESIAN_POINT('',(4.693758452241E-03,0.));
#14150 = CARTESIAN_POINT('',(4.693758452241E-03,1.));
#14151 = ( GEOMETRIC_REPRESENTATION_CONTEXT(2) 
PARAMETRIC_REPRESENTATION_CONTEXT() REPRESENTATION_CONTEXT('2D SPACE',''
  ) );
#14152 = PCURVE('',#6213,#14153);
#14153 = DEFINITIONAL_REPRESENTATION('',(#14154),#14157);
#14154 = B_SPLINE_CURVE_WITH_KNOTS('',1,(#14155,#14156),.UNSPECIFIED.,
  .F.,.F.,(2,2),(0.,1.),.PIECEWISE_BEZIER_KNOTS.);
#14155 = CARTESIAN_POINT('',(0.,0.));
#14156 = CARTESIAN_POINT('',(0.,1.));
#14157 = ( GEOMETRIC_REPRESENTATION_CONTEXT(2) 
PARAMETRIC_REPRESENTATION_CONTEXT() REPRESENTATION_CONTEXT('2D SPACE',''
  ) );
#14158 = ORIENTED_EDGE('',*,*,#6170,.F.);
#14159 = ORIENTED_EDGE('',*,*,#14117,.F.);
#14160 = ADVANCED_FACE('',(#14161),#6213,.T.);
#14161 = FACE_BOUND('',#14162,.T.);
#14162 = EDGE_LOOP('',(#14163,#14164,#14182,#14183));
#14163 = ORIENTED_EDGE('',*,*,#11059,.T.);
#14164 = ORIENTED_EDGE('',*,*,#14165,.T.);
#14165 = EDGE_CURVE('',#11060,#6198,#14166,.T.);
#14166 = SURFACE_CURVE('',#14167,(#14170,#14176),.PCURVE_S1.);
#14167 = B_SPLINE_CURVE_WITH_KNOTS('',1,(#14168,#14169),.UNSPECIFIED.,
  .F.,.F.,(2,2),(0.,1.),.PIECEWISE_BEZIER_KNOTS.);
#14168 = CARTESIAN_POINT('',(181.16068047603,0.,-2.875309398694));
#14169 = CARTESIAN_POINT('',(130.57140828562,-700.,34.960259858912));
#14170 = PCURVE('',#6213,#14171);
#14171 = DEFINITIONAL_REPRESENTATION('',(#14172),#14175);
#14172 = B_SPLINE_CURVE_WITH_KNOTS('',1,(#14173,#14174),.UNSPECIFIED.,
  .F.,.F.,(2,2),(0.,1.),.PIECEWISE_BEZIER_KNOTS.);
#14173 = CARTESIAN_POINT('',(4.504534733228E-03,0.));
#14174 = CARTESIAN_POINT('',(4.504534733228E-03,1.));
#14175 = ( GEOMETRIC_REPRESENTATION_CONTEXT(2) 
PARAMETRIC_REPRESENTATION_CONTEXT() REPRESENTATION_CONTEXT('2D SPACE',''
  ) );
#14176 = PCURVE('',#6240,#14177);
#14177 = DEFINITIONAL_REPRESENTATION('',(#14178),#14181);
#14178 = B_SPLINE_CURVE_WITH_KNOTS('',1,(#14179,#14180),.UNSPECIFIED.,
  .F.,.F.,(2,2),(0.,1.),.PIECEWISE_BEZIER_KNOTS.);
#14179 = CARTESIAN_POINT('',(0.,0.));
#14180 = CARTESIAN_POINT('',(0.,1.));
#14181 = ( GEOMETRIC_REPRESENTATION_CONTEXT(2) 
PARAMETRIC_REPRESENTATION_CONTEXT() REPRESENTATION_CONTEXT('2D SPACE',''
  ) );
#14182 = ORIENTED_EDGE('',*,*,#6197,.F.);
#14183 = ORIENTED_EDGE('',*,*,#14141,.F.);
#14184 = ADVANCED_FACE('',(#14185),#6240,.T.);
#14185 = FACE_BOUND('',#14186,.T.);
#14186 = EDGE_LOOP('',(#14187,#14188,#14206,#14207));
#14187 = ORIENTED_EDGE('',*,*,#11103,.T.);
#14188 = ORIENTED_EDGE('',*,*,#14189,.T.);
#14189 = EDGE_CURVE('',#11104,#6225,#14190,.T.);
#14190 = SURFACE_CURVE('',#14191,(#14194,#14200),.PCURVE_S1.);
#14191 = B_SPLINE_CURVE_WITH_KNOTS('',1,(#14192,#14193),.UNSPECIFIED.,
  .F.,.F.,(2,2),(0.,1.),.PIECEWISE_BEZIER_KNOTS.);
#14192 = CARTESIAN_POINT('',(185.45330239875,0.,-2.587787737526));
#14193 = CARTESIAN_POINT('',(133.14698143925,-700.,35.132772855613));
#14194 = PCURVE('',#6240,#14195);
#14195 = DEFINITIONAL_REPRESENTATION('',(#14196),#14199);
#14196 = B_SPLINE_CURVE_WITH_KNOTS('',1,(#14197,#14198),.UNSPECIFIED.,
  .F.,.F.,(2,2),(0.,1.),.PIECEWISE_BEZIER_KNOTS.);
#14197 = CARTESIAN_POINT('',(4.302240309078E-03,0.));
#14198 = CARTESIAN_POINT('',(4.302240309078E-03,1.));
#14199 = ( GEOMETRIC_REPRESENTATION_CONTEXT(2) 
PARAMETRIC_REPRESENTATION_CONTEXT() REPRESENTATION_CONTEXT('2D SPACE',''
  ) );
#14200 = PCURVE('',#6267,#14201);
#14201 = DEFINITIONAL_REPRESENTATION('',(#14202),#14205);
#14202 = B_SPLINE_CURVE_WITH_KNOTS('',1,(#14203,#14204),.UNSPECIFIED.,
  .F.,.F.,(2,2),(0.,1.),.PIECEWISE_BEZIER_KNOTS.);
#14203 = CARTESIAN_POINT('',(0.,0.));
#14204 = CARTESIAN_POINT('',(0.,1.));
#14205 = ( GEOMETRIC_REPRESENTATION_CONTEXT(2) 
PARAMETRIC_REPRESENTATION_CONTEXT() REPRESENTATION_CONTEXT('2D SPACE',''
  ) );
#14206 = ORIENTED_EDGE('',*,*,#6224,.F.);
#14207 = ORIENTED_EDGE('',*,*,#14165,.F.);
#14208 = ADVANCED_FACE('',(#14209),#6267,.T.);
#14209 = FACE_BOUND('',#14210,.T.);
#14210 = EDGE_LOOP('',(#14211,#14212,#14230,#14231));
#14211 = ORIENTED_EDGE('',*,*,#11147,.T.);
#14212 = ORIENTED_EDGE('',*,*,#14213,.T.);
#14213 = EDGE_CURVE('',#11148,#6252,#14214,.T.);
#14214 = SURFACE_CURVE('',#14215,(#14218,#14224),.PCURVE_S1.);
#14215 = B_SPLINE_CURVE_WITH_KNOTS('',1,(#14216,#14217),.UNSPECIFIED.,
  .F.,.F.,(2,2),(0.,1.),.PIECEWISE_BEZIER_KNOTS.);
#14216 = CARTESIAN_POINT('',(189.53147456373,0.,-2.312914360017));
#14217 = CARTESIAN_POINT('',(135.59388473824,-700.,35.297696882118));
#14218 = PCURVE('',#6267,#14219);
#14219 = DEFINITIONAL_REPRESENTATION('',(#14220),#14223);
#14220 = B_SPLINE_CURVE_WITH_KNOTS('',1,(#14221,#14222),.UNSPECIFIED.,
  .F.,.F.,(2,2),(0.,1.),.PIECEWISE_BEZIER_KNOTS.);
#14221 = CARTESIAN_POINT('',(4.087425055081E-03,0.));
#14222 = CARTESIAN_POINT('',(4.087425055081E-03,1.));
#14223 = ( GEOMETRIC_REPRESENTATION_CONTEXT(2) 
PARAMETRIC_REPRESENTATION_CONTEXT() REPRESENTATION_CONTEXT('2D SPACE',''
  ) );
#14224 = PCURVE('',#6294,#14225);
#14225 = DEFINITIONAL_REPRESENTATION('',(#14226),#14229);
#14226 = B_SPLINE_CURVE_WITH_KNOTS('',1,(#14227,#14228),.UNSPECIFIED.,
  .F.,.F.,(2,2),(0.,1.),.PIECEWISE_BEZIER_KNOTS.);
#14227 = CARTESIAN_POINT('',(0.,0.));
#14228 = CARTESIAN_POINT('',(0.,1.));
#14229 = ( GEOMETRIC_REPRESENTATION_CONTEXT(2) 
PARAMETRIC_REPRESENTATION_CONTEXT() REPRESENTATION_CONTEXT('2D SPACE',''
  ) );
#14230 = ORIENTED_EDGE('',*,*,#6251,.F.);
#14231 = ORIENTED_EDGE('',*,*,#14189,.F.);
#14232 = ADVANCED_FACE('',(#14233),#6294,.T.);
#14233 = FACE_BOUND('',#14234,.T.);
#14234 = EDGE_LOOP('',(#14235,#14236,#14254,#14255));
#14235 = ORIENTED_EDGE('',*,*,#11191,.T.);
#14236 = ORIENTED_EDGE('',*,*,#14237,.T.);
#14237 = EDGE_CURVE('',#11192,#6279,#14238,.T.);
#14238 = SURFACE_CURVE('',#14239,(#14242,#14248),.PCURVE_S1.);
#14239 = B_SPLINE_CURVE_WITH_KNOTS('',1,(#14240,#14241),.UNSPECIFIED.,
  .F.,.F.,(2,2),(0.,1.),.PIECEWISE_BEZIER_KNOTS.);
#14240 = CARTESIAN_POINT('',(193.38329809878,0.,-2.051608826297));
#14241 = CARTESIAN_POINT('',(137.90497885927,-700.,35.454480202351));
#14242 = PCURVE('',#6294,#14243);
#14243 = DEFINITIONAL_REPRESENTATION('',(#14244),#14247);
#14244 = B_SPLINE_CURVE_WITH_KNOTS('',1,(#14245,#14246),.UNSPECIFIED.,
  .F.,.F.,(2,2),(0.,1.),.PIECEWISE_BEZIER_KNOTS.);
#14245 = CARTESIAN_POINT('',(3.860676770606E-03,0.));
#14246 = CARTESIAN_POINT('',(3.860676770606E-03,1.));
#14247 = ( GEOMETRIC_REPRESENTATION_CONTEXT(2) 
PARAMETRIC_REPRESENTATION_CONTEXT() REPRESENTATION_CONTEXT('2D SPACE',''
  ) );
#14248 = PCURVE('',#6321,#14249);
#14249 = DEFINITIONAL_REPRESENTATION('',(#14250),#14253);
#14250 = B_SPLINE_CURVE_WITH_KNOTS('',1,(#14251,#14252),.UNSPECIFIED.,
  .F.,.F.,(2,2),(0.,1.),.PIECEWISE_BEZIER_KNOTS.);
#14251 = CARTESIAN_POINT('',(0.,0.));
#14252 = CARTESIAN_POINT('',(0.,1.));
#14253 = ( GEOMETRIC_REPRESENTATION_CONTEXT(2) 
PARAMETRIC_REPRESENTATION_CONTEXT() REPRESENTATION_CONTEXT('2D SPACE',''
  ) );
#14254 = ORIENTED_EDGE('',*,*,#6278,.F.);
#14255 = ORIENTED_EDGE('',*,*,#14213,.F.);
#14256 = ADVANCED_FACE('',(#14257),#6321,.T.);
#14257 = FACE_BOUND('',#14258,.T.);
#14258 = EDGE_LOOP('',(#14259,#14260,#14278,#14279));
#14259 = ORIENTED_EDGE('',*,*,#11235,.T.);
#14260 = ORIENTED_EDGE('',*,*,#14261,.T.);
#14261 = EDGE_CURVE('',#11236,#6306,#14262,.T.);
#14262 = SURFACE_CURVE('',#14263,(#14266,#14272),.PCURVE_S1.);
#14263 = B_SPLINE_CURVE_WITH_KNOTS('',1,(#14264,#14265),.UNSPECIFIED.,
  .F.,.F.,(2,2),(0.,1.),.PIECEWISE_BEZIER_KNOTS.);
#14264 = CARTESIAN_POINT('',(196.99749917364,0.,-1.804771721758));
#14265 = CARTESIAN_POINT('',(140.07349950419,-700.,35.602582465074));
#14266 = PCURVE('',#6321,#14267);
#14267 = DEFINITIONAL_REPRESENTATION('',(#14268),#14271);
#14268 = B_SPLINE_CURVE_WITH_KNOTS('',1,(#14269,#14270),.UNSPECIFIED.,
  .F.,.F.,(2,2),(0.,1.),.PIECEWISE_BEZIER_KNOTS.);
#14269 = CARTESIAN_POINT('',(3.622620317633E-03,0.));
#14270 = CARTESIAN_POINT('',(3.622620317633E-03,1.));
#14271 = ( GEOMETRIC_REPRESENTATION_CONTEXT(2) 
PARAMETRIC_REPRESENTATION_CONTEXT() REPRESENTATION_CONTEXT('2D SPACE',''
  ) );
#14272 = PCURVE('',#6348,#14273);
#14273 = DEFINITIONAL_REPRESENTATION('',(#14274),#14277);
#14274 = B_SPLINE_CURVE_WITH_KNOTS('',1,(#14275,#14276),.UNSPECIFIED.,
  .F.,.F.,(2,2),(0.,1.),.PIECEWISE_BEZIER_KNOTS.);
#14275 = CARTESIAN_POINT('',(0.,0.));
#14276 = CARTESIAN_POINT('',(0.,1.));
#14277 = ( GEOMETRIC_REPRESENTATION_CONTEXT(2) 
PARAMETRIC_REPRESENTATION_CONTEXT() REPRESENTATION_CONTEXT('2D SPACE',''
  ) );
#14278 = ORIENTED_EDGE('',*,*,#6305,.F.);
#14279 = ORIENTED_EDGE('',*,*,#14237,.F.);
#14280 = ADVANCED_FACE('',(#14281),#6348,.T.);
#14281 = FACE_BOUND('',#14282,.T.);
#14282 = EDGE_LOOP('',(#14283,#14284,#14302,#14303));
#14283 = ORIENTED_EDGE('',*,*,#11279,.T.);
#14284 = ORIENTED_EDGE('',*,*,#14285,.T.);
#14285 = EDGE_CURVE('',#11280,#6333,#14286,.T.);
#14286 = SURFACE_CURVE('',#14287,(#14290,#14296),.PCURVE_S1.);
#14287 = B_SPLINE_CURVE_WITH_KNOTS('',1,(#14288,#14289),.UNSPECIFIED.,
  .F.,.F.,(2,2),(0.,1.),.PIECEWISE_BEZIER_KNOTS.);
#14288 = CARTESIAN_POINT('',(200.36346596927,0.,-1.573294530705));
#14289 = CARTESIAN_POINT('',(142.09307958156,-700.,35.741468779706));
#14290 = PCURVE('',#6348,#14291);
#14291 = DEFINITIONAL_REPRESENTATION('',(#14292),#14295);
#14292 = B_SPLINE_CURVE_WITH_KNOTS('',1,(#14293,#14294),.UNSPECIFIED.,
  .F.,.F.,(2,2),(0.,1.),.PIECEWISE_BEZIER_KNOTS.);
#14293 = CARTESIAN_POINT('',(3.373916738638E-03,0.));
#14294 = CARTESIAN_POINT('',(3.373916738638E-03,1.));
#14295 = ( GEOMETRIC_REPRESENTATION_CONTEXT(2) 
PARAMETRIC_REPRESENTATION_CONTEXT() REPRESENTATION_CONTEXT('2D SPACE',''
  ) );
#14296 = PCURVE('',#6375,#14297);
#14297 = DEFINITIONAL_REPRESENTATION('',(#14298),#14301);
#14298 = B_SPLINE_CURVE_WITH_KNOTS('',1,(#14299,#14300),.UNSPECIFIED.,
  .F.,.F.,(2,2),(0.,1.),.PIECEWISE_BEZIER_KNOTS.);
#14299 = CARTESIAN_POINT('',(0.,0.));
#14300 = CARTESIAN_POINT('',(0.,1.));
#14301 = ( GEOMETRIC_REPRESENTATION_CONTEXT(2) 
PARAMETRIC_REPRESENTATION_CONTEXT() REPRESENTATION_CONTEXT('2D SPACE',''
  ) );
#14302 = ORIENTED_EDGE('',*,*,#6332,.F.);
#14303 = ORIENTED_EDGE('',*,*,#14261,.F.);
#14304 = ADVANCED_FACE('',(#14305),#6375,.T.);
#14305 = FACE_BOUND('',#14306,.T.);
#14306 = EDGE_LOOP('',(#14307,#14308,#14326,#14327));
#14307 = ORIENTED_EDGE('',*,*,#11323,.T.);
#14308 = ORIENTED_EDGE('',*,*,#14309,.T.);
#14309 = EDGE_CURVE('',#11324,#6360,#14310,.T.);
#14310 = SURFACE_CURVE('',#14311,(#14314,#14320),.PCURVE_S1.);
#14311 = B_SPLINE_CURVE_WITH_KNOTS('',1,(#14312,#14313),.UNSPECIFIED.,
  .F.,.F.,(2,2),(0.,1.),.PIECEWISE_BEZIER_KNOTS.);
#14312 = CARTESIAN_POINT('',(203.4712843174,0.,-1.358063676746));
#14313 = CARTESIAN_POINT('',(143.95777059044,-700.,35.870607292081));
#14314 = PCURVE('',#6375,#14315);
#14315 = DEFINITIONAL_REPRESENTATION('',(#14316),#14319);
#14316 = B_SPLINE_CURVE_WITH_KNOTS('',1,(#14317,#14318),.UNSPECIFIED.,
  .F.,.F.,(2,2),(0.,1.),.PIECEWISE_BEZIER_KNOTS.);
#14317 = CARTESIAN_POINT('',(3.115262301222E-03,0.));
#14318 = CARTESIAN_POINT('',(3.115262301222E-03,1.));
#14319 = ( GEOMETRIC_REPRESENTATION_CONTEXT(2) 
PARAMETRIC_REPRESENTATION_CONTEXT() REPRESENTATION_CONTEXT('2D SPACE',''
  ) );
#14320 = PCURVE('',#6402,#14321);
#14321 = DEFINITIONAL_REPRESENTATION('',(#14322),#14325);
#14322 = B_SPLINE_CURVE_WITH_KNOTS('',1,(#14323,#14324),.UNSPECIFIED.,
  .F.,.F.,(2,2),(0.,1.),.PIECEWISE_BEZIER_KNOTS.);
#14323 = CARTESIAN_POINT('',(0.,0.));
#14324 = CARTESIAN_POINT('',(0.,1.));
#14325 = ( GEOMETRIC_REPRESENTATION_CONTEXT(2) 
PARAMETRIC_REPRESENTATION_CONTEXT() REPRESENTATION_CONTEXT('2D SPACE',''
  ) );
#14326 = ORIENTED_EDGE('',*,*,#6359,.F.);
#14327 = ORIENTED_EDGE('',*,*,#14285,.F.);
#14328 = ADVANCED_FACE('',(#14329),#6402,.T.);
#14329 = FACE_BOUND('',#14330,.T.);
#14330 = EDGE_LOOP('',(#14331,#14332,#14350,#14351));
#14331 = ORIENTED_EDGE('',*,*,#11367,.T.);
#14332 = ORIENTED_EDGE('',*,*,#14333,.T.);
#14333 = EDGE_CURVE('',#11368,#6387,#14334,.T.);
#14334 = SURFACE_CURVE('',#14335,(#14338,#14344),.PCURVE_S1.);
#14335 = B_SPLINE_CURVE_WITH_KNOTS('',1,(#14336,#14337),.UNSPECIFIED.,
  .F.,.F.,(2,2),(0.,1.),.PIECEWISE_BEZIER_KNOTS.);
#14336 = CARTESIAN_POINT('',(206.31177187552,0.,-1.159958902291));
#14337 = CARTESIAN_POINT('',(145.66206312531,-700.,35.989470156754));
#14338 = PCURVE('',#6402,#14339);
#14339 = DEFINITIONAL_REPRESENTATION('',(#14340),#14343);
#14340 = B_SPLINE_CURVE_WITH_KNOTS('',1,(#14341,#14342),.UNSPECIFIED.,
  .F.,.F.,(2,2),(0.,1.),.PIECEWISE_BEZIER_KNOTS.);
#14341 = CARTESIAN_POINT('',(2.847387411213E-03,0.));
#14342 = CARTESIAN_POINT('',(2.847387411213E-03,1.));
#14343 = ( GEOMETRIC_REPRESENTATION_CONTEXT(2) 
PARAMETRIC_REPRESENTATION_CONTEXT() REPRESENTATION_CONTEXT('2D SPACE',''
  ) );
#14344 = PCURVE('',#6429,#14345);
#14345 = DEFINITIONAL_REPRESENTATION('',(#14346),#14349);
#14346 = B_SPLINE_CURVE_WITH_KNOTS('',1,(#14347,#14348),.UNSPECIFIED.,
  .F.,.F.,(2,2),(0.,1.),.PIECEWISE_BEZIER_KNOTS.);
#14347 = CARTESIAN_POINT('',(0.,0.));
#14348 = CARTESIAN_POINT('',(0.,1.));
#14349 = ( GEOMETRIC_REPRESENTATION_CONTEXT(2) 
PARAMETRIC_REPRESENTATION_CONTEXT() REPRESENTATION_CONTEXT('2D SPACE',''
  ) );
#14350 = ORIENTED_EDGE('',*,*,#6386,.F.);
#14351 = ORIENTED_EDGE('',*,*,#14309,.F.);
#14352 = ADVANCED_FACE('',(#14353),#6429,.T.);
#14353 = FACE_BOUND('',#14354,.T.);
#14354 = EDGE_LOOP('',(#14355,#14356,#14374,#14375));
#14355 = ORIENTED_EDGE('',*,*,#11411,.T.);
#14356 = ORIENTED_EDGE('',*,*,#14357,.T.);
#14357 = EDGE_CURVE('',#11412,#6414,#14358,.T.);
#14358 = SURFACE_CURVE('',#14359,(#14362,#14368),.PCURVE_S1.);
#14359 = B_SPLINE_CURVE_WITH_KNOTS('',1,(#14360,#14361),.UNSPECIFIED.,
  .F.,.F.,(2,2),(0.,1.),.PIECEWISE_BEZIER_KNOTS.);
#14360 = CARTESIAN_POINT('',(208.87651066109,0.,-0.979846468063));
#14361 = CARTESIAN_POINT('',(147.20090639665,-700.,36.097537617291));
#14362 = PCURVE('',#6429,#14363);
#14363 = DEFINITIONAL_REPRESENTATION('',(#14364),#14367);
#14364 = B_SPLINE_CURVE_WITH_KNOTS('',1,(#14365,#14366),.UNSPECIFIED.,
  .F.,.F.,(2,2),(0.,1.),.PIECEWISE_BEZIER_KNOTS.);
#14365 = CARTESIAN_POINT('',(2.571055333354E-03,0.));
#14366 = CARTESIAN_POINT('',(2.571055333354E-03,1.));
#14367 = ( GEOMETRIC_REPRESENTATION_CONTEXT(2) 
PARAMETRIC_REPRESENTATION_CONTEXT() REPRESENTATION_CONTEXT('2D SPACE',''
  ) );
#14368 = PCURVE('',#6456,#14369);
#14369 = DEFINITIONAL_REPRESENTATION('',(#14370),#14373);
#14370 = B_SPLINE_CURVE_WITH_KNOTS('',1,(#14371,#14372),.UNSPECIFIED.,
  .F.,.F.,(2,2),(0.,1.),.PIECEWISE_BEZIER_KNOTS.);
#14371 = CARTESIAN_POINT('',(0.,0.));
#14372 = CARTESIAN_POINT('',(0.,1.));
#14373 = ( GEOMETRIC_REPRESENTATION_CONTEXT(2) 
PARAMETRIC_REPRESENTATION_CONTEXT() REPRESENTATION_CONTEXT('2D SPACE',''
  ) );
#14374 = ORIENTED_EDGE('',*,*,#6413,.F.);
#14375 = ORIENTED_EDGE('',*,*,#14333,.F.);
#14376 = ADVANCED_FACE('',(#14377),#6456,.T.);
#14377 = FACE_BOUND('',#14378,.T.);
#14378 = EDGE_LOOP('',(#14379,#14380,#14398,#14399));
#14379 = ORIENTED_EDGE('',*,*,#11455,.T.);
#14380 = ORIENTED_EDGE('',*,*,#14381,.T.);
#14381 = EDGE_CURVE('',#11456,#6441,#14382,.T.);
#14382 = SURFACE_CURVE('',#14383,(#14386,#14392),.PCURVE_S1.);
#14383 = B_SPLINE_CURVE_WITH_KNOTS('',1,(#14384,#14385),.UNSPECIFIED.,
  .F.,.F.,(2,2),(0.,1.),.PIECEWISE_BEZIER_KNOTS.);
#14384 = CARTESIAN_POINT('',(211.15787772802,0.,-0.81856792431));
#14385 = CARTESIAN_POINT('',(148.56972663681,-700.,36.194304743543));
#14386 = PCURVE('',#6456,#14387);
#14387 = DEFINITIONAL_REPRESENTATION('',(#14388),#14391);
#14388 = B_SPLINE_CURVE_WITH_KNOTS('',1,(#14389,#14390),.UNSPECIFIED.,
  .F.,.F.,(2,2),(0.,1.),.PIECEWISE_BEZIER_KNOTS.);
#14389 = CARTESIAN_POINT('',(2.287060660044E-03,0.));
#14390 = CARTESIAN_POINT('',(2.287060660044E-03,1.));
#14391 = ( GEOMETRIC_REPRESENTATION_CONTEXT(2) 
PARAMETRIC_REPRESENTATION_CONTEXT() REPRESENTATION_CONTEXT('2D SPACE',''
  ) );
#14392 = PCURVE('',#6483,#14393);
#14393 = DEFINITIONAL_REPRESENTATION('',(#14394),#14397);
#14394 = B_SPLINE_CURVE_WITH_KNOTS('',1,(#14395,#14396),.UNSPECIFIED.,
  .F.,.F.,(2,2),(0.,1.),.PIECEWISE_BEZIER_KNOTS.);
#14395 = CARTESIAN_POINT('',(0.,0.));
#14396 = CARTESIAN_POINT('',(0.,1.));
#14397 = ( GEOMETRIC_REPRESENTATION_CONTEXT(2) 
PARAMETRIC_REPRESENTATION_CONTEXT() REPRESENTATION_CONTEXT('2D SPACE',''
  ) );
#14398 = ORIENTED_EDGE('',*,*,#6440,.F.);
#14399 = ORIENTED_EDGE('',*,*,#14357,.F.);
#14400 = ADVANCED_FACE('',(#14401),#6483,.T.);
#14401 = FACE_BOUND('',#14402,.T.);
#14402 = EDGE_LOOP('',(#14403,#14404,#14422,#14423));
#14403 = ORIENTED_EDGE('',*,*,#11499,.T.);
#14404 = ORIENTED_EDGE('',*,*,#14405,.T.);
#14405 = EDGE_CURVE('',#11500,#6468,#14406,.T.);
#14406 = SURFACE_CURVE('',#14407,(#14410,#14416),.PCURVE_S1.);
#14407 = B_SPLINE_CURVE_WITH_KNOTS('',1,(#14408,#14409),.UNSPECIFIED.,
  .F.,.F.,(2,2),(0.,1.),.PIECEWISE_BEZIER_KNOTS.);
#14408 = CARTESIAN_POINT('',(213.14907373324,0.,-0.676925425983));
#14409 = CARTESIAN_POINT('',(149.76444423994,-700.,36.279290242539));
#14410 = PCURVE('',#6483,#14411);
#14411 = DEFINITIONAL_REPRESENTATION('',(#14412),#14415);
#14412 = B_SPLINE_CURVE_WITH_KNOTS('',1,(#14413,#14414),.UNSPECIFIED.,
  .F.,.F.,(2,2),(0.,1.),.PIECEWISE_BEZIER_KNOTS.);
#14413 = CARTESIAN_POINT('',(1.996227474154E-03,0.));
#14414 = CARTESIAN_POINT('',(1.996227474154E-03,1.));
#14415 = ( GEOMETRIC_REPRESENTATION_CONTEXT(2) 
PARAMETRIC_REPRESENTATION_CONTEXT() REPRESENTATION_CONTEXT('2D SPACE',''
  ) );
#14416 = PCURVE('',#6510,#14417);
#14417 = DEFINITIONAL_REPRESENTATION('',(#14418),#14421);
#14418 = B_SPLINE_CURVE_WITH_KNOTS('',1,(#14419,#14420),.UNSPECIFIED.,
  .F.,.F.,(2,2),(0.,1.),.PIECEWISE_BEZIER_KNOTS.);
#14419 = CARTESIAN_POINT('',(0.,0.));
#14420 = CARTESIAN_POINT('',(0.,1.));
#14421 = ( GEOMETRIC_REPRESENTATION_CONTEXT(2) 
PARAMETRIC_REPRESENTATION_CONTEXT() REPRESENTATION_CONTEXT('2D SPACE',''
  ) );
#14422 = ORIENTED_EDGE('',*,*,#6467,.F.);
#14423 = ORIENTED_EDGE('',*,*,#14381,.F.);
#14424 = ADVANCED_FACE('',(#14425),#6510,.T.);
#14425 = FACE_BOUND('',#14426,.T.);
#14426 = EDGE_LOOP('',(#14427,#14428,#14446,#14447));
#14427 = ORIENTED_EDGE('',*,*,#11543,.T.);
#14428 = ORIENTED_EDGE('',*,*,#14429,.T.);
#14429 = EDGE_CURVE('',#11544,#6495,#14430,.T.);
#14430 = SURFACE_CURVE('',#14431,(#14434,#14440),.PCURVE_S1.);
#14431 = B_SPLINE_CURVE_WITH_KNOTS('',1,(#14432,#14433),.UNSPECIFIED.,
  .F.,.F.,(2,2),(0.,1.),.PIECEWISE_BEZIER_KNOTS.);
#14432 = CARTESIAN_POINT('',(214.84414911359,0.,-0.555664724291));
#14433 = CARTESIAN_POINT('',(150.78148946815,-700.,36.352046663554));
#14434 = PCURVE('',#6510,#14435);
#14435 = DEFINITIONAL_REPRESENTATION('',(#14436),#14439);
#14436 = B_SPLINE_CURVE_WITH_KNOTS('',1,(#14437,#14438),.UNSPECIFIED.,
  .F.,.F.,(2,2),(0.,1.),.PIECEWISE_BEZIER_KNOTS.);
#14437 = CARTESIAN_POINT('',(1.699407162168E-03,0.));
#14438 = CARTESIAN_POINT('',(1.699407162168E-03,1.));
#14439 = ( GEOMETRIC_REPRESENTATION_CONTEXT(2) 
PARAMETRIC_REPRESENTATION_CONTEXT() REPRESENTATION_CONTEXT('2D SPACE',''
  ) );
#14440 = PCURVE('',#6537,#14441);
#14441 = DEFINITIONAL_REPRESENTATION('',(#14442),#14445);
#14442 = B_SPLINE_CURVE_WITH_KNOTS('',1,(#14443,#14444),.UNSPECIFIED.,
  .F.,.F.,(2,2),(0.,1.),.PIECEWISE_BEZIER_KNOTS.);
#14443 = CARTESIAN_POINT('',(0.,0.));
#14444 = CARTESIAN_POINT('',(0.,1.));
#14445 = ( GEOMETRIC_REPRESENTATION_CONTEXT(2) 
PARAMETRIC_REPRESENTATION_CONTEXT() REPRESENTATION_CONTEXT('2D SPACE',''
  ) );
#14446 = ORIENTED_EDGE('',*,*,#6494,.F.);
#14447 = ORIENTED_EDGE('',*,*,#14405,.F.);
#14448 = ADVANCED_FACE('',(#14449),#6537,.T.);
#14449 = FACE_BOUND('',#14450,.T.);
#14450 = EDGE_LOOP('',(#14451,#14452,#14470,#14471));
#14451 = ORIENTED_EDGE('',*,*,#11587,.T.);
#14452 = ORIENTED_EDGE('',*,*,#14453,.T.);
#14453 = EDGE_CURVE('',#11588,#6522,#14454,.T.);
#14454 = SURFACE_CURVE('',#14455,(#14458,#14464),.PCURVE_S1.);
#14455 = B_SPLINE_CURVE_WITH_KNOTS('',1,(#14456,#14457),.UNSPECIFIED.,
  .F.,.F.,(2,2),(0.,1.),.PIECEWISE_BEZIER_KNOTS.);
#14456 = CARTESIAN_POINT('',(216.23802757696,0.,-0.455457060223));
#14457 = CARTESIAN_POINT('',(151.61781654617,-700.,36.412171261995));
#14458 = PCURVE('',#6537,#14459);
#14459 = DEFINITIONAL_REPRESENTATION('',(#14460),#14463);
#14460 = B_SPLINE_CURVE_WITH_KNOTS('',1,(#14461,#14462),.UNSPECIFIED.,
  .F.,.F.,(2,2),(0.,1.),.PIECEWISE_BEZIER_KNOTS.);
#14461 = CARTESIAN_POINT('',(1.397475848302E-03,0.));
#14462 = CARTESIAN_POINT('',(1.397475848302E-03,1.));
#14463 = ( GEOMETRIC_REPRESENTATION_CONTEXT(2) 
PARAMETRIC_REPRESENTATION_CONTEXT() REPRESENTATION_CONTEXT('2D SPACE',''
  ) );
#14464 = PCURVE('',#6564,#14465);
#14465 = DEFINITIONAL_REPRESENTATION('',(#14466),#14469);
#14466 = B_SPLINE_CURVE_WITH_KNOTS('',1,(#14467,#14468),.UNSPECIFIED.,
  .F.,.F.,(2,2),(0.,1.),.PIECEWISE_BEZIER_KNOTS.);
#14467 = CARTESIAN_POINT('',(0.,0.));
#14468 = CARTESIAN_POINT('',(0.,1.));
#14469 = ( GEOMETRIC_REPRESENTATION_CONTEXT(2) 
PARAMETRIC_REPRESENTATION_CONTEXT() REPRESENTATION_CONTEXT('2D SPACE',''
  ) );
#14470 = ORIENTED_EDGE('',*,*,#6521,.F.);
#14471 = ORIENTED_EDGE('',*,*,#14429,.F.);
#14472 = ADVANCED_FACE('',(#14473),#6564,.T.);
#14473 = FACE_BOUND('',#14474,.T.);
#14474 = EDGE_LOOP('',(#14475,#14476,#14494,#14495));
#14475 = ORIENTED_EDGE('',*,*,#11631,.T.);
#14476 = ORIENTED_EDGE('',*,*,#14477,.T.);
#14477 = EDGE_CURVE('',#11632,#6549,#14478,.T.);
#14478 = SURFACE_CURVE('',#14479,(#14482,#14488),.PCURVE_S1.);
#14479 = B_SPLINE_CURVE_WITH_KNOTS('',1,(#14480,#14481),.UNSPECIFIED.,
  .F.,.F.,(2,2),(0.,1.),.PIECEWISE_BEZIER_KNOTS.);
#14480 = CARTESIAN_POINT('',(217.3265266095,0.,-0.37688120826));
#14481 = CARTESIAN_POINT('',(152.2709159657,-700.,36.459316773173));
#14482 = PCURVE('',#6564,#14483);
#14483 = DEFINITIONAL_REPRESENTATION('',(#14484),#14487);
#14484 = B_SPLINE_CURVE_WITH_KNOTS('',1,(#14485,#14486),.UNSPECIFIED.,
  .F.,.F.,(2,2),(0.,1.),.PIECEWISE_BEZIER_KNOTS.);
#14485 = CARTESIAN_POINT('',(1.091331438364E-03,0.));
#14486 = CARTESIAN_POINT('',(1.091331438364E-03,1.));
#14487 = ( GEOMETRIC_REPRESENTATION_CONTEXT(2) 
PARAMETRIC_REPRESENTATION_CONTEXT() REPRESENTATION_CONTEXT('2D SPACE',''
  ) );
#14488 = PCURVE('',#6591,#14489);
#14489 = DEFINITIONAL_REPRESENTATION('',(#14490),#14493);
#14490 = B_SPLINE_CURVE_WITH_KNOTS('',1,(#14491,#14492),.UNSPECIFIED.,
  .F.,.F.,(2,2),(0.,1.),.PIECEWISE_BEZIER_KNOTS.);
#14491 = CARTESIAN_POINT('',(0.,0.));
#14492 = CARTESIAN_POINT('',(0.,1.));
#14493 = ( GEOMETRIC_REPRESENTATION_CONTEXT(2) 
PARAMETRIC_REPRESENTATION_CONTEXT() REPRESENTATION_CONTEXT('2D SPACE',''
  ) );
#14494 = ORIENTED_EDGE('',*,*,#6548,.F.);
#14495 = ORIENTED_EDGE('',*,*,#14453,.F.);
#14496 = ADVANCED_FACE('',(#14497),#6591,.T.);
#14497 = FACE_BOUND('',#14498,.T.);
#14498 = EDGE_LOOP('',(#14499,#14500,#14518,#14519));
#14499 = ORIENTED_EDGE('',*,*,#11675,.T.);
#14500 = ORIENTED_EDGE('',*,*,#14501,.T.);
#14501 = EDGE_CURVE('',#11676,#6576,#14502,.T.);
#14502 = SURFACE_CURVE('',#14503,(#14506,#14512),.PCURVE_S1.);
#14503 = B_SPLINE_CURVE_WITH_KNOTS('',1,(#14504,#14505),.UNSPECIFIED.,
  .F.,.F.,(2,2),(0.,1.),.PIECEWISE_BEZIER_KNOTS.);
#14504 = CARTESIAN_POINT('',(218.10637471224,0.,-0.320406870971));
#14505 = CARTESIAN_POINT('',(152.73882482734,-700.,36.493201375546));
#14506 = PCURVE('',#6591,#14507);
#14507 = DEFINITIONAL_REPRESENTATION('',(#14508),#14511);
#14508 = B_SPLINE_CURVE_WITH_KNOTS('',1,(#14509,#14510),.UNSPECIFIED.,
  .F.,.F.,(2,2),(0.,1.),.PIECEWISE_BEZIER_KNOTS.);
#14509 = CARTESIAN_POINT('',(7.81890282655E-04,0.));
#14510 = CARTESIAN_POINT('',(7.81890282655E-04,1.));
#14511 = ( GEOMETRIC_REPRESENTATION_CONTEXT(2) 
PARAMETRIC_REPRESENTATION_CONTEXT() REPRESENTATION_CONTEXT('2D SPACE',''
  ) );
#14512 = PCURVE('',#6618,#14513);
#14513 = DEFINITIONAL_REPRESENTATION('',(#14514),#14517);
#14514 = B_SPLINE_CURVE_WITH_KNOTS('',1,(#14515,#14516),.UNSPECIFIED.,
  .F.,.F.,(2,2),(0.,1.),.PIECEWISE_BEZIER_KNOTS.);
#14515 = CARTESIAN_POINT('',(0.,0.));
#14516 = CARTESIAN_POINT('',(0.,1.));
#14517 = ( GEOMETRIC_REPRESENTATION_CONTEXT(2) 
PARAMETRIC_REPRESENTATION_CONTEXT() REPRESENTATION_CONTEXT('2D SPACE',''
  ) );
#14518 = ORIENTED_EDGE('',*,*,#6575,.F.);
#14519 = ORIENTED_EDGE('',*,*,#14477,.F.);
#14520 = ADVANCED_FACE('',(#14521),#6618,.T.);
#14521 = FACE_BOUND('',#14522,.T.);
#14522 = EDGE_LOOP('',(#14523,#14524,#14542,#14543));
#14523 = ORIENTED_EDGE('',*,*,#11719,.T.);
#14524 = ORIENTED_EDGE('',*,*,#14525,.T.);
#14525 = EDGE_CURVE('',#11720,#6603,#14526,.T.);
#14526 = SURFACE_CURVE('',#14527,(#14530,#14536),.PCURVE_S1.);
#14527 = B_SPLINE_CURVE_WITH_KNOTS('',1,(#14528,#14529),.UNSPECIFIED.,
  .F.,.F.,(2,2),(0.,1.),.PIECEWISE_BEZIER_KNOTS.);
#14528 = CARTESIAN_POINT('',(218.57522510766,0.,-0.286380511103));
#14529 = CARTESIAN_POINT('',(153.02013506459,-700.,36.513617191467));
#14530 = PCURVE('',#6618,#14531);
#14531 = DEFINITIONAL_REPRESENTATION('',(#14532),#14535);
#14532 = B_SPLINE_CURVE_WITH_KNOTS('',1,(#14533,#14534),.UNSPECIFIED.,
  .F.,.F.,(2,2),(0.,1.),.PIECEWISE_BEZIER_KNOTS.);
#14533 = CARTESIAN_POINT('',(4.700834888064E-04,0.));
#14534 = CARTESIAN_POINT('',(4.700834888064E-04,1.));
#14535 = ( GEOMETRIC_REPRESENTATION_CONTEXT(2) 
PARAMETRIC_REPRESENTATION_CONTEXT() REPRESENTATION_CONTEXT('2D SPACE',''
  ) );
#14536 = PCURVE('',#6645,#14537);
#14537 = DEFINITIONAL_REPRESENTATION('',(#14538),#14541);
#14538 = B_SPLINE_CURVE_WITH_KNOTS('',1,(#14539,#14540),.UNSPECIFIED.,
  .F.,.F.,(2,2),(0.,1.),.PIECEWISE_BEZIER_KNOTS.);
#14539 = CARTESIAN_POINT('',(0.,0.));
#14540 = CARTESIAN_POINT('',(0.,1.));
#14541 = ( GEOMETRIC_REPRESENTATION_CONTEXT(2) 
PARAMETRIC_REPRESENTATION_CONTEXT() REPRESENTATION_CONTEXT('2D SPACE',''
  ) );
#14542 = ORIENTED_EDGE('',*,*,#6602,.F.);
#14543 = ORIENTED_EDGE('',*,*,#14501,.F.);
#14544 = ADVANCED_FACE('',(#14545),#6645,.T.);
#14545 = FACE_BOUND('',#14546,.T.);
#14546 = EDGE_LOOP('',(#14547,#14548,#14549,#14550));
#14547 = ORIENTED_EDGE('',*,*,#11763,.T.);
#14548 = ORIENTED_EDGE('',*,*,#6682,.T.);
#14549 = ORIENTED_EDGE('',*,*,#6629,.F.);
#14550 = ORIENTED_EDGE('',*,*,#14525,.F.);
#14551 = ( GEOMETRIC_REPRESENTATION_CONTEXT(3) 
GLOBAL_UNCERTAINTY_ASSIGNED_CONTEXT((#14555)) 
GLOBAL_UNIT_ASSIGNED_CONTEXT((#14552,#14553,#14554)) 
REPRESENTATION_CONTEXT('Context #1',
  '3D Context with UNIT and UNCERTAINTY') );
#14552 = ( LENGTH_UNIT() NAMED_UNIT(*) SI_UNIT(.MILLI.,.METRE.) );
#14553 = ( NAMED_UNIT(*) PLANE_ANGLE_UNIT() SI_UNIT($,.RADIAN.) );
#14554 = ( NAMED_UNIT(*) SI_UNIT($,.STERADIAN.) SOLID_ANGLE_UNIT() );
#14555 = UNCERTAINTY_MEASURE_WITH_UNIT(LENGTH_MEASURE(1.E-04),#14552,
  'distance_accuracy_value','confusion accuracy');
#14556 = PRODUCT_RELATED_PRODUCT_CATEGORY('part',$,(#7));
ENDSEC;
END-ISO-10303-21;
